split,target_id,route_id,bridge_count,anchor_number,anchor_id
train,kvasir-seg::cju0qkwl35piu0993l0dewei2,7ee028a9346fab3080e5659b,0,1,kvasir-seg::cju1c4fcu40hl07992b8gj0c8
train,kvasir-seg::cju0qkwl35piu0993l0dewei2,4a3248fef7081d9cdf29d398,1,1,kvasir-seg::cju1c4fcu40hl07992b8gj0c8
train,kvasir-seg::cju0qkwl35piu0993l0dewei2,2da27c00a5c5138302c76953,2,1,kvasir-seg::cju1c4fcu40hl07992b8gj0c8
train,kvasir-seg::cju0qkwl35piu0993l0dewei2,9f834a33e95d7573e7e870b0,3,1,kvasir-seg::cju1c4fcu40hl07992b8gj0c8
train,kvasir-seg::cju0qkwl35piu0993l0dewei2,b5b0720a0a6752763a1380c5,4,1,kvasir-seg::cju1c4fcu40hl07992b8gj0c8
train,kvasir-seg::cju0qkwl35piu0993l0dewei2,a6226a080ac801fe0095db7f,5,1,kvasir-seg::cju1c4fcu40hl07992b8gj0c8
train,kvasir-seg::cju0qkwl35piu0993l0dewei2,dff0a8bc31e6c9a2d600b0aa,6,1,kvasir-seg::cju1c4fcu40hl07992b8gj0c8
train,kvasir-seg::cju0qoxqj9q6s0835b43399p4,3c37188cb588fb4f34312b98,0,1,kvasir-seg::cju1c4fcu40hl07992b8gj0c8
train,kvasir-seg::cju0qoxqj9q6s0835b43399p4,4e39b135101431ace3b2582b,1,1,kvasir-seg::cju1c4fcu40hl07992b8gj0c8
train,kvasir-seg::cju0qoxqj9q6s0835b43399p4,ca8504be5338cfebe116cffb,2,1,kvasir-seg::cju1c4fcu40hl07992b8gj0c8
train,kvasir-seg::cju0qoxqj9q6s0835b43399p4,7592d77d60c21553eea7f93f,3,1,kvasir-seg::cju1c4fcu40hl07992b8gj0c8
train,kvasir-seg::cju0qoxqj9q6s0835b43399p4,c8020b75903d32afebc1f926,4,1,kvasir-seg::cju1c4fcu40hl07992b8gj0c8
train,kvasir-seg::cju0qoxqj9q6s0835b43399p4,0c77e55c31d4ee9539488ab2,5,1,kvasir-seg::cju1c4fcu40hl07992b8gj0c8
train,kvasir-seg::cju0qoxqj9q6s0835b43399p4,b0456146f70dde390061fc7b,6,1,kvasir-seg::cju1c4fcu40hl07992b8gj0c8
train,kvasir-seg::cju0qx73cjw570799j4n5cjze,a3fa89c7bcadf2424333ad50,0,1,kvasir-seg::cju1c4fcu40hl07992b8gj0c8
train,kvasir-seg::cju0qx73cjw570799j4n5cjze,906d30a2fe50c1fd45d08518,1,1,kvasir-seg::cju1c4fcu40hl07992b8gj0c8
train,kvasir-seg::cju0qx73cjw570799j4n5cjze,6c60f41d5b2bbfb879f6fe72,2,1,kvasir-seg::cju1c4fcu40hl07992b8gj0c8
train,kvasir-seg::cju0qx73cjw570799j4n5cjze,f5f07a4a88b31fe02cb20db2,3,1,kvasir-seg::cju1c4fcu40hl07992b8gj0c8
train,kvasir-seg::cju0qx73cjw570799j4n5cjze,79d5cbf318fca8e8d4e3f1fb,4,1,kvasir-seg::cju1c4fcu40hl07992b8gj0c8
train,kvasir-seg::cju0qx73cjw570799j4n5cjze,e8d6f9501041dc4fb6d89b93,5,1,kvasir-seg::cju1c4fcu40hl07992b8gj0c8
train,kvasir-seg::cju0qx73cjw570799j4n5cjze,7ec116ee19981a0af9abf814,6,1,kvasir-seg::cju1c4fcu40hl07992b8gj0c8
train,kvasir-seg::cju0roawvklrq0799vmjorwfv,8d45d93eca364ada1a98c5b6,0,1,kvasir-seg::cju1c4fcu40hl07992b8gj0c8
train,kvasir-seg::cju0roawvklrq0799vmjorwfv,e78bfea280ffb2234777dc56,1,1,kvasir-seg::cju1c4fcu40hl07992b8gj0c8
train,kvasir-seg::cju0roawvklrq0799vmjorwfv,27d8bf029ae49e184366419e,2,1,kvasir-seg::cju1c4fcu40hl07992b8gj0c8
train,kvasir-seg::cju0roawvklrq0799vmjorwfv,0d641ca4c5b23a05aefdeae0,3,1,kvasir-seg::cju1c4fcu40hl07992b8gj0c8
train,kvasir-seg::cju0roawvklrq0799vmjorwfv,a6f9ed17acf2b8f74389aa26,4,1,kvasir-seg::cju1c4fcu40hl07992b8gj0c8
train,kvasir-seg::cju0roawvklrq0799vmjorwfv,bce08862d07c5766f07d4a0e,5,1,kvasir-seg::cju1c4fcu40hl07992b8gj0c8
train,kvasir-seg::cju0roawvklrq0799vmjorwfv,f13a92d469a698bf0eb8c497,6,1,kvasir-seg::cju1c4fcu40hl07992b8gj0c8
train,kvasir-seg::cju0rx1idathl0835detmsp84,d670739a54c0293003f09732,0,1,kvasir-seg::cju1c4fcu40hl07992b8gj0c8
train,kvasir-seg::cju0rx1idathl0835detmsp84,b10bd891ea25a097fe9da93d,1,1,kvasir-seg::cju1c4fcu40hl07992b8gj0c8
train,kvasir-seg::cju0rx1idathl0835detmsp84,2f8d68551e351b55f5657869,2,1,kvasir-seg::cju1c4fcu40hl07992b8gj0c8
train,kvasir-seg::cju0rx1idathl0835detmsp84,a9d3294d3d88cbbb67edd0cd,3,1,kvasir-seg::cju1c4fcu40hl07992b8gj0c8
train,kvasir-seg::cju0rx1idathl0835detmsp84,b2740d90a972b7c6fca6dca8,4,1,kvasir-seg::cju1c4fcu40hl07992b8gj0c8
train,kvasir-seg::cju0rx1idathl0835detmsp84,024f030a13f05c5aa5723e4b,5,1,kvasir-seg::cju1c4fcu40hl07992b8gj0c8
train,kvasir-seg::cju0rx1idathl0835detmsp84,25f60c50b86dd42472ec4f77,6,1,kvasir-seg::cju1c4fcu40hl07992b8gj0c8
train,kvasir-seg::cju0s690hkp960855tjuaqvv0,da2d55d0cfae1d432c577a78,0,1,kvasir-seg::cju1c4fcu40hl07992b8gj0c8
train,kvasir-seg::cju0s690hkp960855tjuaqvv0,af0d49b0a3ee871ad021321c,1,1,kvasir-seg::cju1c4fcu40hl07992b8gj0c8
train,kvasir-seg::cju0s690hkp960855tjuaqvv0,a888fdf1cd70b689c1066ec5,2,1,kvasir-seg::cju1c4fcu40hl07992b8gj0c8
train,kvasir-seg::cju0s690hkp960855tjuaqvv0,710221b43b94ba34e41a40e7,3,1,kvasir-seg::cju1c4fcu40hl07992b8gj0c8
train,kvasir-seg::cju0s690hkp960855tjuaqvv0,e40f49e3bbe60f61d2cd362d,4,1,kvasir-seg::cju1c4fcu40hl07992b8gj0c8
train,kvasir-seg::cju0s690hkp960855tjuaqvv0,6c401a990c6cffce5c16a289,5,1,kvasir-seg::cju1c4fcu40hl07992b8gj0c8
train,kvasir-seg::cju0s690hkp960855tjuaqvv0,147b8c6dd7602078114247a8,6,1,kvasir-seg::cju1c4fcu40hl07992b8gj0c8
train,kvasir-seg::cju0sr5ghl0nd08789uzf1raf,8714c842fe9ac00689013ef3,0,6,kvasir-seg::cju7aklv31h4309871m29l4e7
train,kvasir-seg::cju0sr5ghl0nd08789uzf1raf,0456e4ffab55935f1d4d2214,1,6,kvasir-seg::cju7aklv31h4309871m29l4e7
train,kvasir-seg::cju0sr5ghl0nd08789uzf1raf,5792614822f6fe2df1d365f8,2,6,kvasir-seg::cju7aklv31h4309871m29l4e7
train,kvasir-seg::cju0sr5ghl0nd08789uzf1raf,ef75260cbcc3e2680a66afae,3,6,kvasir-seg::cju7aklv31h4309871m29l4e7
train,kvasir-seg::cju0sr5ghl0nd08789uzf1raf,561230d0165605a253258ee4,4,6,kvasir-seg::cju7aklv31h4309871m29l4e7
train,kvasir-seg::cju0sr5ghl0nd08789uzf1raf,44e45fd21482a39ecaa91b63,5,6,kvasir-seg::cju7aklv31h4309871m29l4e7
train,kvasir-seg::cju0sr5ghl0nd08789uzf1raf,21ddf87f0a72af67a40a1bd4,6,6,kvasir-seg::cju7aklv31h4309871m29l4e7
train,kvasir-seg::cju0sxqiclckk08551ycbwhno,0df4a72441bb07deab8c86c5,0,1,kvasir-seg::cju1c4fcu40hl07992b8gj0c8
train,kvasir-seg::cju0sxqiclckk08551ycbwhno,449236a4b3b9318ad1fc28ca,1,1,kvasir-seg::cju1c4fcu40hl07992b8gj0c8
train,kvasir-seg::cju0sxqiclckk08551ycbwhno,85a7c5fba9d29a1b5b7d51c7,2,1,kvasir-seg::cju1c4fcu40hl07992b8gj0c8
train,kvasir-seg::cju0sxqiclckk08551ycbwhno,cd43441f5ad9e0b3a10e69bb,3,1,kvasir-seg::cju1c4fcu40hl07992b8gj0c8
train,kvasir-seg::cju0sxqiclckk08551ycbwhno,589b7e15892fb1a98aef8402,4,1,kvasir-seg::cju1c4fcu40hl07992b8gj0c8
train,kvasir-seg::cju0sxqiclckk08551ycbwhno,c27c792c70daeb2e15c2df04,5,1,kvasir-seg::cju1c4fcu40hl07992b8gj0c8
train,kvasir-seg::cju0sxqiclckk08551ycbwhno,1d6cbb6d26adeb0edfb9d5f1,6,1,kvasir-seg::cju1c4fcu40hl07992b8gj0c8
train,kvasir-seg::cju0t4oil7vzk099370nun5h9,9fd9aeceeeadc0d5c341473c,0,1,kvasir-seg::cju1c4fcu40hl07992b8gj0c8
train,kvasir-seg::cju0t4oil7vzk099370nun5h9,49d0733cfcabea5c47af366d,1,1,kvasir-seg::cju1c4fcu40hl07992b8gj0c8
train,kvasir-seg::cju0t4oil7vzk099370nun5h9,c87b34bfd334f84223cd4a2b,2,1,kvasir-seg::cju1c4fcu40hl07992b8gj0c8
train,kvasir-seg::cju0t4oil7vzk099370nun5h9,0af09e6b1d45cfc992dab60c,3,1,kvasir-seg::cju1c4fcu40hl07992b8gj0c8
train,kvasir-seg::cju0t4oil7vzk099370nun5h9,3b58831ea29e7ea4f4e0e293,4,1,kvasir-seg::cju1c4fcu40hl07992b8gj0c8
train,kvasir-seg::cju0t4oil7vzk099370nun5h9,a14e3fa54236987905c126b5,5,1,kvasir-seg::cju1c4fcu40hl07992b8gj0c8
train,kvasir-seg::cju0t4oil7vzk099370nun5h9,706ac9e129811a17f22f868c,6,1,kvasir-seg::cju1c4fcu40hl07992b8gj0c8
train,kvasir-seg::cju0tl3uz8blh0993wxvn7ly3,6de4a5ed7413f3f32e73d833,0,1,kvasir-seg::cju1c4fcu40hl07992b8gj0c8
train,kvasir-seg::cju0tl3uz8blh0993wxvn7ly3,4461a090aada36d4901a2eb5,1,1,kvasir-seg::cju1c4fcu40hl07992b8gj0c8
train,kvasir-seg::cju0tl3uz8blh0993wxvn7ly3,7d0715104a1102ac401a7a0b,2,1,kvasir-seg::cju1c4fcu40hl07992b8gj0c8
train,kvasir-seg::cju0tl3uz8blh0993wxvn7ly3,9b06765df44741d8dd69f0c6,3,1,kvasir-seg::cju1c4fcu40hl07992b8gj0c8
train,kvasir-seg::cju0tl3uz8blh0993wxvn7ly3,4f9f720a030b0f8256a4629b,4,1,kvasir-seg::cju1c4fcu40hl07992b8gj0c8
train,kvasir-seg::cju0tl3uz8blh0993wxvn7ly3,ce6df29fe2c3fb46a17cb8d4,5,1,kvasir-seg::cju1c4fcu40hl07992b8gj0c8
train,kvasir-seg::cju0tl3uz8blh0993wxvn7ly3,9191ed3aa63942d00ac8b631,6,1,kvasir-seg::cju1c4fcu40hl07992b8gj0c8
train,kvasir-seg::cju0u2g7pmnux0801vkk47ivj,b42e83ee6d13909ee0eb7e84,0,1,kvasir-seg::cju1c4fcu40hl07992b8gj0c8
train,kvasir-seg::cju0u2g7pmnux0801vkk47ivj,6845d9fc2a75344d0138b445,1,1,kvasir-seg::cju1c4fcu40hl07992b8gj0c8
train,kvasir-seg::cju0u2g7pmnux0801vkk47ivj,fd4df49ed56efa5cffb7c304,2,1,kvasir-seg::cju1c4fcu40hl07992b8gj0c8
train,kvasir-seg::cju0u2g7pmnux0801vkk47ivj,e8cde71e73605681c2f57a55,3,1,kvasir-seg::cju1c4fcu40hl07992b8gj0c8
train,kvasir-seg::cju0u2g7pmnux0801vkk47ivj,fd8ab084c6a4679f1eaf7d66,4,1,kvasir-seg::cju1c4fcu40hl07992b8gj0c8
train,kvasir-seg::cju0u2g7pmnux0801vkk47ivj,163d63f12fa3a677d5dd3a6c,5,1,kvasir-seg::cju1c4fcu40hl07992b8gj0c8
train,kvasir-seg::cju0u2g7pmnux0801vkk47ivj,7dc52af47ad0d247efba9bca,6,1,kvasir-seg::cju1c4fcu40hl07992b8gj0c8
train,kvasir-seg::cju0u82z3cuma0835wlxrnrjv,4c6904023850349961105dd7,0,1,kvasir-seg::cju1c4fcu40hl07992b8gj0c8
train,kvasir-seg::cju0u82z3cuma0835wlxrnrjv,638be425760f1c9ddadde46f,1,1,kvasir-seg::cju1c4fcu40hl07992b8gj0c8
train,kvasir-seg::cju0u82z3cuma0835wlxrnrjv,c6c438ca7206bbe4e8785172,2,1,kvasir-seg::cju1c4fcu40hl07992b8gj0c8
train,kvasir-seg::cju0u82z3cuma0835wlxrnrjv,dcd33b13bf7beaf2cb861a54,3,1,kvasir-seg::cju1c4fcu40hl07992b8gj0c8
train,kvasir-seg::cju0u82z3cuma0835wlxrnrjv,a003f88f6b2ee0700925fe3f,4,1,kvasir-seg::cju1c4fcu40hl07992b8gj0c8
train,kvasir-seg::cju0u82z3cuma0835wlxrnrjv,07120d35ddd7b11119eade88,5,1,kvasir-seg::cju1c4fcu40hl07992b8gj0c8
train,kvasir-seg::cju0u82z3cuma0835wlxrnrjv,2f5edd9ec7ea7f962258b99c,6,1,kvasir-seg::cju1c4fcu40hl07992b8gj0c8
train,kvasir-seg::cju0vtox5ain6099360pu62rp,70eddcd6c0dac79bf1c26feb,0,3,kvasir-seg::cju34ymm8d6700799uop0cw33
train,kvasir-seg::cju0vtox5ain6099360pu62rp,f9f9bf4fa1dc9a19257f9451,1,3,kvasir-seg::cju34ymm8d6700799uop0cw33
train,kvasir-seg::cju0vtox5ain6099360pu62rp,dd37fc78c43b6d962548730d,2,3,kvasir-seg::cju34ymm8d6700799uop0cw33
train,kvasir-seg::cju0vtox5ain6099360pu62rp,531b9dfde909ffaa00671e4f,3,3,kvasir-seg::cju34ymm8d6700799uop0cw33
train,kvasir-seg::cju0vtox5ain6099360pu62rp,0b8539b53db0e6c4984cff11,4,3,kvasir-seg::cju34ymm8d6700799uop0cw33
train,kvasir-seg::cju0vtox5ain6099360pu62rp,8d514fb57fe65b2963cab13b,5,3,kvasir-seg::cju34ymm8d6700799uop0cw33
train,kvasir-seg::cju0vtox5ain6099360pu62rp,1047442d22bfac62a5aa24c4,6,3,kvasir-seg::cju34ymm8d6700799uop0cw33
train,kvasir-seg::cju13fwthn9mq0835gacxgy01,b59c777aacde6b689d7a065f,0,1,kvasir-seg::cju1c4fcu40hl07992b8gj0c8
train,kvasir-seg::cju13fwthn9mq0835gacxgy01,e2b8f3422e8a6c7cd60e09d0,1,1,kvasir-seg::cju1c4fcu40hl07992b8gj0c8
train,kvasir-seg::cju13fwthn9mq0835gacxgy01,50388fea29ae761e64432787,2,1,kvasir-seg::cju1c4fcu40hl07992b8gj0c8
train,kvasir-seg::cju13fwthn9mq0835gacxgy01,466e73bafdb0dd01ba8398ff,3,1,kvasir-seg::cju1c4fcu40hl07992b8gj0c8
train,kvasir-seg::cju13fwthn9mq0835gacxgy01,f85375320c5f44b423cd5614,4,1,kvasir-seg::cju1c4fcu40hl07992b8gj0c8
train,kvasir-seg::cju13fwthn9mq0835gacxgy01,dba82455dc2690240889ce3d,5,1,kvasir-seg::cju1c4fcu40hl07992b8gj0c8
train,kvasir-seg::cju13fwthn9mq0835gacxgy01,38149eba1d905aeb7cb184a3,6,1,kvasir-seg::cju1c4fcu40hl07992b8gj0c8
train,kvasir-seg::cju13hp5rnbjx0835bf0jowgx,ad42166314949c38bed26fa8,0,1,kvasir-seg::cju1c4fcu40hl07992b8gj0c8
train,kvasir-seg::cju13hp5rnbjx0835bf0jowgx,3f48e74d3f6a591e21333241,1,1,kvasir-seg::cju1c4fcu40hl07992b8gj0c8
train,kvasir-seg::cju13hp5rnbjx0835bf0jowgx,f798eee08077ae4a669f5a9d,2,1,kvasir-seg::cju1c4fcu40hl07992b8gj0c8
train,kvasir-seg::cju13hp5rnbjx0835bf0jowgx,9a7dcc0029b49a364d2ae4ea,3,1,kvasir-seg::cju1c4fcu40hl07992b8gj0c8
train,kvasir-seg::cju13hp5rnbjx0835bf0jowgx,797d9664edb2b6142b5477fd,4,1,kvasir-seg::cju1c4fcu40hl07992b8gj0c8
train,kvasir-seg::cju13hp5rnbjx0835bf0jowgx,8935c7a975ebc85195a368e6,5,1,kvasir-seg::cju1c4fcu40hl07992b8gj0c8
train,kvasir-seg::cju13hp5rnbjx0835bf0jowgx,a658125632aa941736bf3be6,6,1,kvasir-seg::cju1c4fcu40hl07992b8gj0c8
train,kvasir-seg::cju14g8o4xui30878gkgbrvqj,5ded6a6f474630aa4787806b,0,1,kvasir-seg::cju1c4fcu40hl07992b8gj0c8
train,kvasir-seg::cju14g8o4xui30878gkgbrvqj,5314257e47ee07dc4e19d970,1,1,kvasir-seg::cju1c4fcu40hl07992b8gj0c8
train,kvasir-seg::cju14g8o4xui30878gkgbrvqj,ee1d933a68e9b1aa631b83f0,2,1,kvasir-seg::cju1c4fcu40hl07992b8gj0c8
train,kvasir-seg::cju14g8o4xui30878gkgbrvqj,0ab8d19e9f36e203b685a1d3,3,1,kvasir-seg::cju1c4fcu40hl07992b8gj0c8
train,kvasir-seg::cju14g8o4xui30878gkgbrvqj,f20ff1534f808c4ef981f588,4,1,kvasir-seg::cju1c4fcu40hl07992b8gj0c8
train,kvasir-seg::cju14g8o4xui30878gkgbrvqj,6e919efd581800b1ec6575b6,5,1,kvasir-seg::cju1c4fcu40hl07992b8gj0c8
train,kvasir-seg::cju14g8o4xui30878gkgbrvqj,33ce927d12ef90fdc68eb6e2,6,1,kvasir-seg::cju1c4fcu40hl07992b8gj0c8
train,kvasir-seg::cju14hjh2ob2o0835ouz3r5aa,b4fa4796ceb21977a1198e02,0,6,kvasir-seg::cju7aklv31h4309871m29l4e7
train,kvasir-seg::cju14hjh2ob2o0835ouz3r5aa,80e3d44d9ab519140e684f03,1,6,kvasir-seg::cju7aklv31h4309871m29l4e7
train,kvasir-seg::cju14hjh2ob2o0835ouz3r5aa,e20fcf38e214d815cee153b1,2,6,kvasir-seg::cju7aklv31h4309871m29l4e7
train,kvasir-seg::cju14hjh2ob2o0835ouz3r5aa,e2ea6e02a570ed2862664ea0,3,6,kvasir-seg::cju7aklv31h4309871m29l4e7
train,kvasir-seg::cju14hjh2ob2o0835ouz3r5aa,b7025d03b3bebaf157e08450,4,6,kvasir-seg::cju7aklv31h4309871m29l4e7
train,kvasir-seg::cju14hjh2ob2o0835ouz3r5aa,982442d65149dd1e7fe2b82d,5,6,kvasir-seg::cju7aklv31h4309871m29l4e7
train,kvasir-seg::cju14hjh2ob2o0835ouz3r5aa,a448e9b6df1dab20215f6575,6,6,kvasir-seg::cju7aklv31h4309871m29l4e7
train,kvasir-seg::cju14pxbaoksp0835qzorx6g6,e728fc5f580afd318ea8e415,0,1,kvasir-seg::cju1c4fcu40hl07992b8gj0c8
train,kvasir-seg::cju14pxbaoksp0835qzorx6g6,59f871750c852b93176e36a7,1,1,kvasir-seg::cju1c4fcu40hl07992b8gj0c8
train,kvasir-seg::cju14pxbaoksp0835qzorx6g6,898fddc378fc07e3ab0dc2ea,2,1,kvasir-seg::cju1c4fcu40hl07992b8gj0c8
train,kvasir-seg::cju14pxbaoksp0835qzorx6g6,dd1b418c6c940a536c879120,3,1,kvasir-seg::cju1c4fcu40hl07992b8gj0c8
train,kvasir-seg::cju14pxbaoksp0835qzorx6g6,3b669b42aee616f97902f6a9,4,1,kvasir-seg::cju1c4fcu40hl07992b8gj0c8
train,kvasir-seg::cju14pxbaoksp0835qzorx6g6,023bec229499a3e086539554,5,1,kvasir-seg::cju1c4fcu40hl07992b8gj0c8
train,kvasir-seg::cju14pxbaoksp0835qzorx6g6,f9f9ab8b25457d4e8380f36f,6,1,kvasir-seg::cju1c4fcu40hl07992b8gj0c8
train,kvasir-seg::cju15czxqp3lv0835jvhgzurz,41402eb646803a5bbe38e218,0,1,kvasir-seg::cju1c4fcu40hl07992b8gj0c8
train,kvasir-seg::cju15czxqp3lv0835jvhgzurz,a650adfba3697a542883f5ed,1,1,kvasir-seg::cju1c4fcu40hl07992b8gj0c8
train,kvasir-seg::cju15czxqp3lv0835jvhgzurz,b31ca1e7ca2eb84f4eeb823f,2,1,kvasir-seg::cju1c4fcu40hl07992b8gj0c8
train,kvasir-seg::cju15czxqp3lv0835jvhgzurz,8235b302f066856723e61104,3,1,kvasir-seg::cju1c4fcu40hl07992b8gj0c8
train,kvasir-seg::cju15czxqp3lv0835jvhgzurz,8f52fa730db84234fcea41df,4,1,kvasir-seg::cju1c4fcu40hl07992b8gj0c8
train,kvasir-seg::cju15czxqp3lv0835jvhgzurz,d61d7243c72960c242e2d09e,5,1,kvasir-seg::cju1c4fcu40hl07992b8gj0c8
train,kvasir-seg::cju15czxqp3lv0835jvhgzurz,7ea377e9100994cb0e854ab4,6,1,kvasir-seg::cju1c4fcu40hl07992b8gj0c8
train,kvasir-seg::cju15jr8jz8sb0855ukmkswkz,affb9a57808d7e28ac2bfcdb,0,1,kvasir-seg::cju1c4fcu40hl07992b8gj0c8
train,kvasir-seg::cju15jr8jz8sb0855ukmkswkz,2635afcc5ff593cf30fb0e7d,1,1,kvasir-seg::cju1c4fcu40hl07992b8gj0c8
train,kvasir-seg::cju15jr8jz8sb0855ukmkswkz,9057c2dc5042bcda95d799aa,2,1,kvasir-seg::cju1c4fcu40hl07992b8gj0c8
train,kvasir-seg::cju15jr8jz8sb0855ukmkswkz,72d38957d131af24e5d2499d,3,1,kvasir-seg::cju1c4fcu40hl07992b8gj0c8
train,kvasir-seg::cju15jr8jz8sb0855ukmkswkz,28427767da29b776996b39a5,4,1,kvasir-seg::cju1c4fcu40hl07992b8gj0c8
train,kvasir-seg::cju15jr8jz8sb0855ukmkswkz,6d977d56fbbfbe7b07b91ef0,5,1,kvasir-seg::cju1c4fcu40hl07992b8gj0c8
train,kvasir-seg::cju15jr8jz8sb0855ukmkswkz,14b7f57a8a0f8c60938545e1,6,1,kvasir-seg::cju1c4fcu40hl07992b8gj0c8
train,kvasir-seg::cju15l5ubz9yh0855b3ivdpse,2589bcac7c6e47cbd50cb0cd,0,1,kvasir-seg::cju1c4fcu40hl07992b8gj0c8
train,kvasir-seg::cju15l5ubz9yh0855b3ivdpse,15430d3b5e235083ad3c1ff5,1,1,kvasir-seg::cju1c4fcu40hl07992b8gj0c8
train,kvasir-seg::cju15l5ubz9yh0855b3ivdpse,4d8fd95a4ffe76180aa345dc,2,1,kvasir-seg::cju1c4fcu40hl07992b8gj0c8
train,kvasir-seg::cju15l5ubz9yh0855b3ivdpse,7afaeaae10dd36fa2ab095c3,3,1,kvasir-seg::cju1c4fcu40hl07992b8gj0c8
train,kvasir-seg::cju15l5ubz9yh0855b3ivdpse,396b5e6f6976a6cdd4c1ae89,4,1,kvasir-seg::cju1c4fcu40hl07992b8gj0c8
train,kvasir-seg::cju15l5ubz9yh0855b3ivdpse,c78da759c6bee66444b8cfe9,5,1,kvasir-seg::cju1c4fcu40hl07992b8gj0c8
train,kvasir-seg::cju15l5ubz9yh0855b3ivdpse,528c6c49f1f05b0289a119c3,6,1,kvasir-seg::cju1c4fcu40hl07992b8gj0c8
train,kvasir-seg::cju15mhjczc8z0801kit5c6di,34601d31c051e975276c1411,0,1,kvasir-seg::cju1c4fcu40hl07992b8gj0c8
train,kvasir-seg::cju15mhjczc8z0801kit5c6di,aa138219acdc826702aedf91,1,1,kvasir-seg::cju1c4fcu40hl07992b8gj0c8
train,kvasir-seg::cju15mhjczc8z0801kit5c6di,eb6c569d92873b91c0187d61,2,1,kvasir-seg::cju1c4fcu40hl07992b8gj0c8
train,kvasir-seg::cju15mhjczc8z0801kit5c6di,e8639bfc1c951cc32dbc16be,3,1,kvasir-seg::cju1c4fcu40hl07992b8gj0c8
train,kvasir-seg::cju15mhjczc8z0801kit5c6di,be9121c9f314dd79d713c588,4,1,kvasir-seg::cju1c4fcu40hl07992b8gj0c8
train,kvasir-seg::cju15mhjczc8z0801kit5c6di,2d2c79973a534b38fec0ec52,5,1,kvasir-seg::cju1c4fcu40hl07992b8gj0c8
train,kvasir-seg::cju15mhjczc8z0801kit5c6di,9eefc807ff470427753871da,6,1,kvasir-seg::cju1c4fcu40hl07992b8gj0c8
train,kvasir-seg::cju15ptjtppz40988odsm9azx,300b497734608bc3226a547b,0,1,kvasir-seg::cju1c4fcu40hl07992b8gj0c8
train,kvasir-seg::cju15ptjtppz40988odsm9azx,057efc9d7c5e06a4d9b8d7c1,1,1,kvasir-seg::cju1c4fcu40hl07992b8gj0c8
train,kvasir-seg::cju15ptjtppz40988odsm9azx,d5f3e95f2cd53ba436bd54d4,2,1,kvasir-seg::cju1c4fcu40hl07992b8gj0c8
train,kvasir-seg::cju15ptjtppz40988odsm9azx,5d08f4eaa266eb8e3c73606a,3,1,kvasir-seg::cju1c4fcu40hl07992b8gj0c8
train,kvasir-seg::cju15ptjtppz40988odsm9azx,5ac27452c8d05f1041383f74,4,1,kvasir-seg::cju1c4fcu40hl07992b8gj0c8
train,kvasir-seg::cju15ptjtppz40988odsm9azx,37755c8981edc4a640007135,5,1,kvasir-seg::cju1c4fcu40hl07992b8gj0c8
train,kvasir-seg::cju15ptjtppz40988odsm9azx,394a7fde8ff1c6a3bfae1f07,6,1,kvasir-seg::cju1c4fcu40hl07992b8gj0c8
train,kvasir-seg::cju15wdt3zla10801odjiw7sy,58a0400a0b4bdc940d6a9398,0,1,kvasir-seg::cju1c4fcu40hl07992b8gj0c8
train,kvasir-seg::cju15wdt3zla10801odjiw7sy,64132cbf579696b16cb952ae,1,1,kvasir-seg::cju1c4fcu40hl07992b8gj0c8
train,kvasir-seg::cju15wdt3zla10801odjiw7sy,05847fc950cce491e50f72bc,2,1,kvasir-seg::cju1c4fcu40hl07992b8gj0c8
train,kvasir-seg::cju15wdt3zla10801odjiw7sy,3382d0bbba271a521cf6272b,3,1,kvasir-seg::cju1c4fcu40hl07992b8gj0c8
train,kvasir-seg::cju15wdt3zla10801odjiw7sy,4afbb5f2dbe8168c551191a7,4,1,kvasir-seg::cju1c4fcu40hl07992b8gj0c8
train,kvasir-seg::cju15wdt3zla10801odjiw7sy,07f80f2cbfa419da46dfe309,5,1,kvasir-seg::cju1c4fcu40hl07992b8gj0c8
train,kvasir-seg::cju15wdt3zla10801odjiw7sy,61e606446e3bde22fc9f46c3,6,1,kvasir-seg::cju1c4fcu40hl07992b8gj0c8
train,kvasir-seg::cju160wshltz10993i1gmqxbe,4ac0f301d9562fc59aff0231,0,7,kvasir-seg::cju8bj2ssrmlm0871gc2ug2rs
train,kvasir-seg::cju160wshltz10993i1gmqxbe,01bf6f4e12b0ddf6d6c7b114,1,1,kvasir-seg::cju1c4fcu40hl07992b8gj0c8
train,kvasir-seg::cju160wshltz10993i1gmqxbe,67010cc0793995c094c248aa,2,1,kvasir-seg::cju1c4fcu40hl07992b8gj0c8
train,kvasir-seg::cju160wshltz10993i1gmqxbe,a1844a17d93ad5bd0dfa4a0c,3,1,kvasir-seg::cju1c4fcu40hl07992b8gj0c8
train,kvasir-seg::cju160wshltz10993i1gmqxbe,a9bea94c50a25fa6ba3f7fae,4,1,kvasir-seg::cju1c4fcu40hl07992b8gj0c8
train,kvasir-seg::cju160wshltz10993i1gmqxbe,05d61c91072b6954cb183724,5,1,kvasir-seg::cju1c4fcu40hl07992b8gj0c8
train,kvasir-seg::cju160wshltz10993i1gmqxbe,030177e9534866515435f76f,6,1,kvasir-seg::cju1c4fcu40hl07992b8gj0c8
train,kvasir-seg::cju16b6ynq8e40988m8vx0xnj,5d90acd83640e5aee6a10d15,0,1,kvasir-seg::cju1c4fcu40hl07992b8gj0c8
train,kvasir-seg::cju16b6ynq8e40988m8vx0xnj,a921a93a3168483f45b6b393,1,1,kvasir-seg::cju1c4fcu40hl07992b8gj0c8
train,kvasir-seg::cju16b6ynq8e40988m8vx0xnj,68a9f03d2c547c658f87cc10,2,1,kvasir-seg::cju1c4fcu40hl07992b8gj0c8
train,kvasir-seg::cju16b6ynq8e40988m8vx0xnj,e6945b01e48c7fd26fe78ddd,3,1,kvasir-seg::cju1c4fcu40hl07992b8gj0c8
train,kvasir-seg::cju16b6ynq8e40988m8vx0xnj,8e5a3ee17ad680f74f9d575b,4,1,kvasir-seg::cju1c4fcu40hl07992b8gj0c8
train,kvasir-seg::cju16b6ynq8e40988m8vx0xnj,492d5a3dc6060bd697519eb2,5,1,kvasir-seg::cju1c4fcu40hl07992b8gj0c8
train,kvasir-seg::cju16b6ynq8e40988m8vx0xnj,f8ffd42680ec996fffaaf74c,6,1,kvasir-seg::cju1c4fcu40hl07992b8gj0c8
train,kvasir-seg::cju16d65tzw9d0799ouslsw25,016a42d6325225bb7c652671,0,6,kvasir-seg::cju7aklv31h4309871m29l4e7
train,kvasir-seg::cju16d65tzw9d0799ouslsw25,456206a82307d4128fa94539,1,6,kvasir-seg::cju7aklv31h4309871m29l4e7
train,kvasir-seg::cju16d65tzw9d0799ouslsw25,dabd1f7cff0269df782a308b,2,6,kvasir-seg::cju7aklv31h4309871m29l4e7
train,kvasir-seg::cju16d65tzw9d0799ouslsw25,a7883364cfdfcbcc0d0d3e3c,3,6,kvasir-seg::cju7aklv31h4309871m29l4e7
train,kvasir-seg::cju16d65tzw9d0799ouslsw25,85dbf5b2748daa81dae58fb4,4,6,kvasir-seg::cju7aklv31h4309871m29l4e7
train,kvasir-seg::cju16d65tzw9d0799ouslsw25,c3b3bf19eb9bf0abdaa7ccc2,5,6,kvasir-seg::cju7aklv31h4309871m29l4e7
train,kvasir-seg::cju16d65tzw9d0799ouslsw25,c741f5a171b504d4a4c800e4,6,6,kvasir-seg::cju7aklv31h4309871m29l4e7
train,kvasir-seg::cju16fpvhzypl0799p9phnlx6,c2d0c16b0bcffd73331e2645,0,6,kvasir-seg::cju7aklv31h4309871m29l4e7
train,kvasir-seg::cju16fpvhzypl0799p9phnlx6,6ada66a7337a4b7c814f5cde,1,6,kvasir-seg::cju7aklv31h4309871m29l4e7
train,kvasir-seg::cju16fpvhzypl0799p9phnlx6,294cc25f1d935540cdcca22e,2,6,kvasir-seg::cju7aklv31h4309871m29l4e7
train,kvasir-seg::cju16fpvhzypl0799p9phnlx6,21d42b25b34ae4df2e52767c,3,6,kvasir-seg::cju7aklv31h4309871m29l4e7
train,kvasir-seg::cju16fpvhzypl0799p9phnlx6,9845c4360cae19b791b0a848,4,6,kvasir-seg::cju7aklv31h4309871m29l4e7
train,kvasir-seg::cju16fpvhzypl0799p9phnlx6,86f135958b3b92172f9076eb,5,6,kvasir-seg::cju7aklv31h4309871m29l4e7
train,kvasir-seg::cju16fpvhzypl0799p9phnlx6,bb1efafaee3bcc9e0a6a9eda,6,6,kvasir-seg::cju7aklv31h4309871m29l4e7
train,kvasir-seg::cju16jgnyzp970878melv7r25,cdf4d1250a2933d9f897d6f2,0,2,kvasir-seg::cju2pmhtr17a00855cvpelzb0
train,kvasir-seg::cju16jgnyzp970878melv7r25,8f01dd05585125ce874b84ef,1,2,kvasir-seg::cju2pmhtr17a00855cvpelzb0
train,kvasir-seg::cju16jgnyzp970878melv7r25,ea9b25881666fe0a30c21fbe,2,2,kvasir-seg::cju2pmhtr17a00855cvpelzb0
train,kvasir-seg::cju16jgnyzp970878melv7r25,620f70812eadcf64d8663478,3,2,kvasir-seg::cju2pmhtr17a00855cvpelzb0
train,kvasir-seg::cju16jgnyzp970878melv7r25,ee8176c4425406cfb826f127,4,2,kvasir-seg::cju2pmhtr17a00855cvpelzb0
train,kvasir-seg::cju16jgnyzp970878melv7r25,ae27b35e4192b8a88647b0dd,5,2,kvasir-seg::cju2pmhtr17a00855cvpelzb0
train,kvasir-seg::cju16jgnyzp970878melv7r25,6454deb595b1d072ff9e3d70,6,2,kvasir-seg::cju2pmhtr17a00855cvpelzb0
train,kvasir-seg::cju16whaj0e7n0855q7b6cjkm,7bb0737531edbb05f4111de8,0,1,kvasir-seg::cju1c4fcu40hl07992b8gj0c8
train,kvasir-seg::cju16whaj0e7n0855q7b6cjkm,f620a9654c8dc1fcae8ed459,1,1,kvasir-seg::cju1c4fcu40hl07992b8gj0c8
train,kvasir-seg::cju16whaj0e7n0855q7b6cjkm,17badb0865bb57aea4cb305c,2,1,kvasir-seg::cju1c4fcu40hl07992b8gj0c8
train,kvasir-seg::cju16whaj0e7n0855q7b6cjkm,ce10f8efda72aa0a8adbd25f,3,1,kvasir-seg::cju1c4fcu40hl07992b8gj0c8
train,kvasir-seg::cju16whaj0e7n0855q7b6cjkm,3fa6af0d1a9ee9c462e13ca7,4,1,kvasir-seg::cju1c4fcu40hl07992b8gj0c8
train,kvasir-seg::cju16whaj0e7n0855q7b6cjkm,393b727da2a0b388f4600cea,5,1,kvasir-seg::cju1c4fcu40hl07992b8gj0c8
train,kvasir-seg::cju16whaj0e7n0855q7b6cjkm,c253cdea5fddfe00668c7530,6,1,kvasir-seg::cju1c4fcu40hl07992b8gj0c8
train,kvasir-seg::cju175facms5f0993a5tjikvt,46a7fafee61cf2f0f00b0fee,0,1,kvasir-seg::cju1c4fcu40hl07992b8gj0c8
train,kvasir-seg::cju175facms5f0993a5tjikvt,bf42e309746b6213505ca36f,1,1,kvasir-seg::cju1c4fcu40hl07992b8gj0c8
train,kvasir-seg::cju175facms5f0993a5tjikvt,2c535d3a64a6fd6a73a9d853,2,1,kvasir-seg::cju1c4fcu40hl07992b8gj0c8
train,kvasir-seg::cju175facms5f0993a5tjikvt,c8b696f312b99512d386c6d1,3,1,kvasir-seg::cju1c4fcu40hl07992b8gj0c8
train,kvasir-seg::cju175facms5f0993a5tjikvt,632d96cf586eaee30004328f,4,1,kvasir-seg::cju1c4fcu40hl07992b8gj0c8
train,kvasir-seg::cju175facms5f0993a5tjikvt,fe169b28bb022ab15f9c8482,5,1,kvasir-seg::cju1c4fcu40hl07992b8gj0c8
train,kvasir-seg::cju175facms5f0993a5tjikvt,3bf566feae75dfb43ce10c67,6,1,kvasir-seg::cju1c4fcu40hl07992b8gj0c8
train,kvasir-seg::cju17bz250pgd0799u1hqkj5u,ac4f1a4c70a0760a4a255392,0,1,kvasir-seg::cju1c4fcu40hl07992b8gj0c8
train,kvasir-seg::cju17bz250pgd0799u1hqkj5u,eb65462edb324e2fbc97e1a9,1,1,kvasir-seg::cju1c4fcu40hl07992b8gj0c8
train,kvasir-seg::cju17bz250pgd0799u1hqkj5u,bc86c0d2ee9901ce420cd067,2,1,kvasir-seg::cju1c4fcu40hl07992b8gj0c8
train,kvasir-seg::cju17bz250pgd0799u1hqkj5u,54c0536708cc0a8de68ad353,3,1,kvasir-seg::cju1c4fcu40hl07992b8gj0c8
train,kvasir-seg::cju17bz250pgd0799u1hqkj5u,1a0beb8ac5a7bdc5172ebf23,4,1,kvasir-seg::cju1c4fcu40hl07992b8gj0c8
train,kvasir-seg::cju17bz250pgd0799u1hqkj5u,59fe61bafd1a5e114518c9e7,5,1,kvasir-seg::cju1c4fcu40hl07992b8gj0c8
train,kvasir-seg::cju17bz250pgd0799u1hqkj5u,3d7b93bd5703a1c7c0256821,6,1,kvasir-seg::cju1c4fcu40hl07992b8gj0c8
train,kvasir-seg::cju17hw9hr9c5098800fu4u8e,d58b25464b25f1cdc13b1933,0,1,kvasir-seg::cju1c4fcu40hl07992b8gj0c8
train,kvasir-seg::cju17hw9hr9c5098800fu4u8e,b6af728aa529c45b0a4d7175,1,1,kvasir-seg::cju1c4fcu40hl07992b8gj0c8
train,kvasir-seg::cju17hw9hr9c5098800fu4u8e,edcef596cb46b68504182038,2,1,kvasir-seg::cju1c4fcu40hl07992b8gj0c8
train,kvasir-seg::cju17hw9hr9c5098800fu4u8e,e013a92f2a8c43bb46b39ae3,3,1,kvasir-seg::cju1c4fcu40hl07992b8gj0c8
train,kvasir-seg::cju17hw9hr9c5098800fu4u8e,23bf42a3a32a4ee4b281a4c3,4,1,kvasir-seg::cju1c4fcu40hl07992b8gj0c8
train,kvasir-seg::cju17hw9hr9c5098800fu4u8e,b0f556c32640d50990dedb74,5,1,kvasir-seg::cju1c4fcu40hl07992b8gj0c8
train,kvasir-seg::cju17hw9hr9c5098800fu4u8e,c745d4f857b0dbcf91db8c7a,6,1,kvasir-seg::cju1c4fcu40hl07992b8gj0c8
train,kvasir-seg::cju17otoe119u0799nqcbl8n1,6e829b5e4691f39160906556,0,1,kvasir-seg::cju1c4fcu40hl07992b8gj0c8
train,kvasir-seg::cju17otoe119u0799nqcbl8n1,466d66d8835a2700401f118c,1,1,kvasir-seg::cju1c4fcu40hl07992b8gj0c8
train,kvasir-seg::cju17otoe119u0799nqcbl8n1,46dffaab16cd08d2dddd5199,2,1,kvasir-seg::cju1c4fcu40hl07992b8gj0c8
train,kvasir-seg::cju17otoe119u0799nqcbl8n1,e8fc46a68847e3c285d6570e,3,1,kvasir-seg::cju1c4fcu40hl07992b8gj0c8
train,kvasir-seg::cju17otoe119u0799nqcbl8n1,54f8f556c357563961893934,4,1,kvasir-seg::cju1c4fcu40hl07992b8gj0c8
train,kvasir-seg::cju17otoe119u0799nqcbl8n1,e41c4020381042bb20bdf2aa,5,1,kvasir-seg::cju1c4fcu40hl07992b8gj0c8
train,kvasir-seg::cju17otoe119u0799nqcbl8n1,5067fba77db0f2a7f776c534,6,1,kvasir-seg::cju1c4fcu40hl07992b8gj0c8
train,kvasir-seg::cju17r8il13910799dr2wme2e,31ecc4439528bf81ac03c6dd,0,1,kvasir-seg::cju1c4fcu40hl07992b8gj0c8
train,kvasir-seg::cju17r8il13910799dr2wme2e,9ae1a7e30dce134ec05e4a85,1,1,kvasir-seg::cju1c4fcu40hl07992b8gj0c8
train,kvasir-seg::cju17r8il13910799dr2wme2e,d3e249ed21653f3f63a2d350,2,1,kvasir-seg::cju1c4fcu40hl07992b8gj0c8
train,kvasir-seg::cju17r8il13910799dr2wme2e,83eef571afdde2663a561fd9,3,1,kvasir-seg::cju1c4fcu40hl07992b8gj0c8
train,kvasir-seg::cju17r8il13910799dr2wme2e,929103c96f97d897706c5dfc,4,1,kvasir-seg::cju1c4fcu40hl07992b8gj0c8
train,kvasir-seg::cju17r8il13910799dr2wme2e,83b092165b17dda86649e3bb,5,1,kvasir-seg::cju1c4fcu40hl07992b8gj0c8
train,kvasir-seg::cju17r8il13910799dr2wme2e,87921b857fa5f5ad5181d066,6,1,kvasir-seg::cju1c4fcu40hl07992b8gj0c8
train,kvasir-seg::cju17v6ih0u7808783zcbg1jy,0242e702c44e602746b96165,0,1,kvasir-seg::cju1c4fcu40hl07992b8gj0c8
train,kvasir-seg::cju17v6ih0u7808783zcbg1jy,ed9b30925ff8053710ab5977,1,1,kvasir-seg::cju1c4fcu40hl07992b8gj0c8
train,kvasir-seg::cju17v6ih0u7808783zcbg1jy,8f150d936b592070776c2ad0,2,1,kvasir-seg::cju1c4fcu40hl07992b8gj0c8
train,kvasir-seg::cju17v6ih0u7808783zcbg1jy,33bb1eb0cf83c996c19e629d,3,1,kvasir-seg::cju1c4fcu40hl07992b8gj0c8
train,kvasir-seg::cju17v6ih0u7808783zcbg1jy,9b14f23f0fa9fcdbfcddb82f,4,1,kvasir-seg::cju1c4fcu40hl07992b8gj0c8
train,kvasir-seg::cju17v6ih0u7808783zcbg1jy,b9ea114f1f876f95fad94ff8,5,1,kvasir-seg::cju1c4fcu40hl07992b8gj0c8
train,kvasir-seg::cju17v6ih0u7808783zcbg1jy,64e32aca8aecadf71ecac8a0,6,1,kvasir-seg::cju1c4fcu40hl07992b8gj0c8
train,kvasir-seg::cju17x0j4nfc10993y31pvlgs,a2f7c96d2633cbc268106dba,0,1,kvasir-seg::cju1c4fcu40hl07992b8gj0c8
train,kvasir-seg::cju17x0j4nfc10993y31pvlgs,289f5b2dfcc53aa1f4fae23e,1,1,kvasir-seg::cju1c4fcu40hl07992b8gj0c8
train,kvasir-seg::cju17x0j4nfc10993y31pvlgs,13d4ce44c146f2bf2196eb74,2,1,kvasir-seg::cju1c4fcu40hl07992b8gj0c8
train,kvasir-seg::cju17x0j4nfc10993y31pvlgs,7279361ec9b057fc8b4f8279,3,1,kvasir-seg::cju1c4fcu40hl07992b8gj0c8
train,kvasir-seg::cju17x0j4nfc10993y31pvlgs,667a3c84b7552af108adb3e6,4,1,kvasir-seg::cju1c4fcu40hl07992b8gj0c8
train,kvasir-seg::cju17x0j4nfc10993y31pvlgs,93403254a1ca5f865e7069b6,5,1,kvasir-seg::cju1c4fcu40hl07992b8gj0c8
train,kvasir-seg::cju17x0j4nfc10993y31pvlgs,a0dda7527824ee00fd73daf7,6,1,kvasir-seg::cju1c4fcu40hl07992b8gj0c8
train,kvasir-seg::cju17z0qongpa0993de4boim4,81f2d0b9040baebd2bc1b7a4,0,3,kvasir-seg::cju34ymm8d6700799uop0cw33
train,kvasir-seg::cju17z0qongpa0993de4boim4,945b64f5b1e804ff0fedd140,1,3,kvasir-seg::cju34ymm8d6700799uop0cw33
train,kvasir-seg::cju17z0qongpa0993de4boim4,ee26fa340fb1ae1057c12bc4,2,3,kvasir-seg::cju34ymm8d6700799uop0cw33
train,kvasir-seg::cju17z0qongpa0993de4boim4,41b811b129f1c5931345ffc4,3,3,kvasir-seg::cju34ymm8d6700799uop0cw33
train,kvasir-seg::cju17z0qongpa0993de4boim4,54354e77231579960f84d3b4,4,3,kvasir-seg::cju34ymm8d6700799uop0cw33
train,kvasir-seg::cju17z0qongpa0993de4boim4,f542e784969fbbf2322372e8,5,5,kvasir-seg::cju5cu8qkb84x08186jwo8yin
train,kvasir-seg::cju17z0qongpa0993de4boim4,2bfce51773599970c64a4a1a,6,5,kvasir-seg::cju5cu8qkb84x08186jwo8yin
train,kvasir-seg::cju1819curo000988pd5xcqme,dc91fae12563b989a7837e98,0,6,kvasir-seg::cju7aklv31h4309871m29l4e7
train,kvasir-seg::cju1819curo000988pd5xcqme,4aa132036d255083896d68b6,1,6,kvasir-seg::cju7aklv31h4309871m29l4e7
train,kvasir-seg::cju1819curo000988pd5xcqme,b0b12638f944703a77a68cbd,2,6,kvasir-seg::cju7aklv31h4309871m29l4e7
train,kvasir-seg::cju1819curo000988pd5xcqme,9382dbf4c54aab6e4b97ee59,3,6,kvasir-seg::cju7aklv31h4309871m29l4e7
train,kvasir-seg::cju1819curo000988pd5xcqme,065f907f36bbcb7020030745,4,6,kvasir-seg::cju7aklv31h4309871m29l4e7
train,kvasir-seg::cju1819curo000988pd5xcqme,5397f624fd4b005d68663a0b,5,6,kvasir-seg::cju7aklv31h4309871m29l4e7
train,kvasir-seg::cju1819curo000988pd5xcqme,c912293805352ae9084168cb,6,6,kvasir-seg::cju7aklv31h4309871m29l4e7
train,kvasir-seg::cju1871y11d6r0799k6cw4yze,0dd26ca9fc078e85d011a529,0,6,kvasir-seg::cju7aklv31h4309871m29l4e7
train,kvasir-seg::cju1871y11d6r0799k6cw4yze,d70b87c73fc918872689215d,1,6,kvasir-seg::cju7aklv31h4309871m29l4e7
train,kvasir-seg::cju1871y11d6r0799k6cw4yze,489d1cc428492aa23dc5a216,2,6,kvasir-seg::cju7aklv31h4309871m29l4e7
train,kvasir-seg::cju1871y11d6r0799k6cw4yze,c5c2fdff3d6a88622124e536,3,6,kvasir-seg::cju7aklv31h4309871m29l4e7
train,kvasir-seg::cju1871y11d6r0799k6cw4yze,92942f1954e2f0960917dd31,4,6,kvasir-seg::cju7aklv31h4309871m29l4e7
train,kvasir-seg::cju1871y11d6r0799k6cw4yze,4dd670c5fd0a9dce3566fe53,5,6,kvasir-seg::cju7aklv31h4309871m29l4e7
train,kvasir-seg::cju1871y11d6r0799k6cw4yze,e3f428978b5aefd723aeb7c8,6,6,kvasir-seg::cju7aklv31h4309871m29l4e7
train,kvasir-seg::cju18849rrsgr0988p90hkygb,d3946d2c3cf9e925e2366b5a,0,6,kvasir-seg::cju7aklv31h4309871m29l4e7
train,kvasir-seg::cju18849rrsgr0988p90hkygb,29c7993eca609f2eb4b91ebe,1,6,kvasir-seg::cju7aklv31h4309871m29l4e7
train,kvasir-seg::cju18849rrsgr0988p90hkygb,2c1974c303b281072f8dd15b,2,6,kvasir-seg::cju7aklv31h4309871m29l4e7
train,kvasir-seg::cju18849rrsgr0988p90hkygb,bf3e1821957646e271fcafb6,3,6,kvasir-seg::cju7aklv31h4309871m29l4e7
train,kvasir-seg::cju18849rrsgr0988p90hkygb,4172c2347215d8ab1f437672,4,6,kvasir-seg::cju7aklv31h4309871m29l4e7
train,kvasir-seg::cju18849rrsgr0988p90hkygb,2f772a8d7704c01d75beb64d,5,6,kvasir-seg::cju7aklv31h4309871m29l4e7
train,kvasir-seg::cju18849rrsgr0988p90hkygb,de60b57aa980892d22e5d6ac,6,6,kvasir-seg::cju7aklv31h4309871m29l4e7
train,kvasir-seg::cju18gzrq18zw0878wbf4ftw6,079cdd7777af93582200bfd3,0,1,kvasir-seg::cju1c4fcu40hl07992b8gj0c8
train,kvasir-seg::cju18gzrq18zw0878wbf4ftw6,28086f27f2c0b814014117d1,1,1,kvasir-seg::cju1c4fcu40hl07992b8gj0c8
train,kvasir-seg::cju18gzrq18zw0878wbf4ftw6,86836fe754ed6eb5daa03e7b,2,1,kvasir-seg::cju1c4fcu40hl07992b8gj0c8
train,kvasir-seg::cju18gzrq18zw0878wbf4ftw6,865771cccd7bbe9d3bb601df,3,1,kvasir-seg::cju1c4fcu40hl07992b8gj0c8
train,kvasir-seg::cju18gzrq18zw0878wbf4ftw6,b0adcfb4265fc4edc45239c1,4,1,kvasir-seg::cju1c4fcu40hl07992b8gj0c8
train,kvasir-seg::cju18gzrq18zw0878wbf4ftw6,0c27c8d32a36ef959df47f95,5,1,kvasir-seg::cju1c4fcu40hl07992b8gj0c8
train,kvasir-seg::cju18gzrq18zw0878wbf4ftw6,e6e12c5b63f9691812c2cddb,6,1,kvasir-seg::cju1c4fcu40hl07992b8gj0c8
train,kvasir-seg::cju18ibp219ub08783i6o98g7,4a098166e2129c65dcbdd566,0,1,kvasir-seg::cju1c4fcu40hl07992b8gj0c8
train,kvasir-seg::cju18ibp219ub08783i6o98g7,872390798ac0f20f32c16b5d,1,1,kvasir-seg::cju1c4fcu40hl07992b8gj0c8
train,kvasir-seg::cju18ibp219ub08783i6o98g7,ec95b50ef6678c8a98963f71,2,1,kvasir-seg::cju1c4fcu40hl07992b8gj0c8
train,kvasir-seg::cju18ibp219ub08783i6o98g7,c31afd28f80647088cb6bdbc,3,1,kvasir-seg::cju1c4fcu40hl07992b8gj0c8
train,kvasir-seg::cju18ibp219ub08783i6o98g7,d6282eebf9c1882639a252f3,4,1,kvasir-seg::cju1c4fcu40hl07992b8gj0c8
train,kvasir-seg::cju18ibp219ub08783i6o98g7,f03b3b1a48773f73a1c4d521,5,1,kvasir-seg::cju1c4fcu40hl07992b8gj0c8
train,kvasir-seg::cju18ibp219ub08783i6o98g7,3f67b037616efd92d41ec57e,6,1,kvasir-seg::cju1c4fcu40hl07992b8gj0c8
train,kvasir-seg::cju18kevfrojc0835bn90f1in,fb865d01c633b025618b72ee,0,1,kvasir-seg::cju1c4fcu40hl07992b8gj0c8
train,kvasir-seg::cju18kevfrojc0835bn90f1in,4785962554a6f9ca70f47693,1,1,kvasir-seg::cju1c4fcu40hl07992b8gj0c8
train,kvasir-seg::cju18kevfrojc0835bn90f1in,0627dcf7353ed6efbe3feed4,2,1,kvasir-seg::cju1c4fcu40hl07992b8gj0c8
train,kvasir-seg::cju18kevfrojc0835bn90f1in,5d850c48907fc976af8c6ff5,3,1,kvasir-seg::cju1c4fcu40hl07992b8gj0c8
train,kvasir-seg::cju18kevfrojc0835bn90f1in,9839317f7ac45372d24f189d,4,1,kvasir-seg::cju1c4fcu40hl07992b8gj0c8
train,kvasir-seg::cju18kevfrojc0835bn90f1in,03e999cda35b8db505a3544f,5,1,kvasir-seg::cju1c4fcu40hl07992b8gj0c8
train,kvasir-seg::cju18kevfrojc0835bn90f1in,b6016226fb46006f1bf1f252,6,1,kvasir-seg::cju1c4fcu40hl07992b8gj0c8
train,kvasir-seg::cju1alwgo30z60855fm3y23sm,bad237a2846c41dccb3f0a37,0,6,kvasir-seg::cju7aklv31h4309871m29l4e7
train,kvasir-seg::cju1alwgo30z60855fm3y23sm,186ab977a03d292a0f162281,1,6,kvasir-seg::cju7aklv31h4309871m29l4e7
train,kvasir-seg::cju1alwgo30z60855fm3y23sm,06b7cea934a34aa2186392e1,2,6,kvasir-seg::cju7aklv31h4309871m29l4e7
train,kvasir-seg::cju1alwgo30z60855fm3y23sm,a4baa56738236ec1dec4e94c,3,6,kvasir-seg::cju7aklv31h4309871m29l4e7
train,kvasir-seg::cju1alwgo30z60855fm3y23sm,cc531fe943fde7e3e33ee4b9,4,6,kvasir-seg::cju7aklv31h4309871m29l4e7
train,kvasir-seg::cju1alwgo30z60855fm3y23sm,47d9bcf9815f5768e816aa55,5,6,kvasir-seg::cju7aklv31h4309871m29l4e7
train,kvasir-seg::cju1alwgo30z60855fm3y23sm,8e3723c75ff118a974ccef1b,6,6,kvasir-seg::cju7aklv31h4309871m29l4e7
train,kvasir-seg::cju1amqw6p8pw0993d9gc5crl,8bd3540792e2ddcca993269f,0,8,kvasir-seg::cjyzkpsbjdsjq07211dfi4sru
train,kvasir-seg::cju1amqw6p8pw0993d9gc5crl,1f4c28a0b4aa46fbd53ac8fa,1,8,kvasir-seg::cjyzkpsbjdsjq07211dfi4sru
train,kvasir-seg::cju1amqw6p8pw0993d9gc5crl,f07625d4672b432b34b3a029,2,8,kvasir-seg::cjyzkpsbjdsjq07211dfi4sru
train,kvasir-seg::cju1amqw6p8pw0993d9gc5crl,9ddf6128e6cfacc1a9400a30,3,8,kvasir-seg::cjyzkpsbjdsjq07211dfi4sru
train,kvasir-seg::cju1amqw6p8pw0993d9gc5crl,c1b7b7a2e9de23f1bcebf904,4,8,kvasir-seg::cjyzkpsbjdsjq07211dfi4sru
train,kvasir-seg::cju1amqw6p8pw0993d9gc5crl,7bdf05ff06efc77323f7c2fd,5,8,kvasir-seg::cjyzkpsbjdsjq07211dfi4sru
train,kvasir-seg::cju1amqw6p8pw0993d9gc5crl,138ba03635924445f98c865e,6,8,kvasir-seg::cjyzkpsbjdsjq07211dfi4sru
train,kvasir-seg::cju1aqqv02qwz0878a5cyhr67,7cdb68949d03bc6ff3cfa49b,0,5,kvasir-seg::cju5cu8qkb84x08186jwo8yin
train,kvasir-seg::cju1aqqv02qwz0878a5cyhr67,e3c3a4cb5636a901d7627f01,1,5,kvasir-seg::cju5cu8qkb84x08186jwo8yin
train,kvasir-seg::cju1aqqv02qwz0878a5cyhr67,54a06c1cf4ecd58fed02a393,2,5,kvasir-seg::cju5cu8qkb84x08186jwo8yin
train,kvasir-seg::cju1aqqv02qwz0878a5cyhr67,51fe9bf024629415d5a94bb6,3,5,kvasir-seg::cju5cu8qkb84x08186jwo8yin
train,kvasir-seg::cju1aqqv02qwz0878a5cyhr67,b62be1555cc502d7807d30b8,4,5,kvasir-seg::cju5cu8qkb84x08186jwo8yin
train,kvasir-seg::cju1aqqv02qwz0878a5cyhr67,c70c610fead7aa3bbf3ab05e,5,5,kvasir-seg::cju5cu8qkb84x08186jwo8yin
train,kvasir-seg::cju1aqqv02qwz0878a5cyhr67,a44d33ab7a173246e014258e,6,5,kvasir-seg::cju5cu8qkb84x08186jwo8yin
train,kvasir-seg::cju1ats0y372e08011yazcsxm,c0a21c7d2c94fd6b6bd430a3,0,1,kvasir-seg::cju1c4fcu40hl07992b8gj0c8
train,kvasir-seg::cju1ats0y372e08011yazcsxm,ea50839af31d204678558da1,1,1,kvasir-seg::cju1c4fcu40hl07992b8gj0c8
train,kvasir-seg::cju1ats0y372e08011yazcsxm,3e884a8911b1a911b4b3eeac,2,1,kvasir-seg::cju1c4fcu40hl07992b8gj0c8
train,kvasir-seg::cju1ats0y372e08011yazcsxm,746ab91e015d7bfe6418e03c,3,1,kvasir-seg::cju1c4fcu40hl07992b8gj0c8
train,kvasir-seg::cju1ats0y372e08011yazcsxm,604096256248d1726eb945c2,4,1,kvasir-seg::cju1c4fcu40hl07992b8gj0c8
train,kvasir-seg::cju1ats0y372e08011yazcsxm,182c1c6485288bb7848c6cc9,5,1,kvasir-seg::cju1c4fcu40hl07992b8gj0c8
train,kvasir-seg::cju1ats0y372e08011yazcsxm,d43c21babeb382731a658da0,6,1,kvasir-seg::cju1c4fcu40hl07992b8gj0c8
train,kvasir-seg::cju1b0y2e396p08558ois175d,bf07c5d655dc0a7604a017e3,0,1,kvasir-seg::cju1c4fcu40hl07992b8gj0c8
train,kvasir-seg::cju1b0y2e396p08558ois175d,810a6378381a4daf1003416e,1,1,kvasir-seg::cju1c4fcu40hl07992b8gj0c8
train,kvasir-seg::cju1b0y2e396p08558ois175d,cda68781302decb0c4e7dd18,2,1,kvasir-seg::cju1c4fcu40hl07992b8gj0c8
train,kvasir-seg::cju1b0y2e396p08558ois175d,24bea0be4b80ae3a05d93545,3,1,kvasir-seg::cju1c4fcu40hl07992b8gj0c8
train,kvasir-seg::cju1b0y2e396p08558ois175d,bedbfed5f96887b70b65ea78,4,1,kvasir-seg::cju1c4fcu40hl07992b8gj0c8
train,kvasir-seg::cju1b0y2e396p08558ois175d,2c84febe3f308a32344b7cec,5,1,kvasir-seg::cju1c4fcu40hl07992b8gj0c8
train,kvasir-seg::cju1b0y2e396p08558ois175d,ed3a9dc5079700786bd6cdfd,6,1,kvasir-seg::cju1c4fcu40hl07992b8gj0c8
train,kvasir-seg::cju1b3zgj3d8e0801kpolea6c,e34d40c200e23262afd9146b,0,1,kvasir-seg::cju1c4fcu40hl07992b8gj0c8
train,kvasir-seg::cju1b3zgj3d8e0801kpolea6c,e2c9895f0a9f7429885d6e92,1,1,kvasir-seg::cju1c4fcu40hl07992b8gj0c8
train,kvasir-seg::cju1b3zgj3d8e0801kpolea6c,1fbe7cd2d48017bd40e2e124,2,1,kvasir-seg::cju1c4fcu40hl07992b8gj0c8
train,kvasir-seg::cju1b3zgj3d8e0801kpolea6c,8d555df266ca9b7552826e08,3,1,kvasir-seg::cju1c4fcu40hl07992b8gj0c8
train,kvasir-seg::cju1b3zgj3d8e0801kpolea6c,60b2c729f6fad11f4f8af950,4,1,kvasir-seg::cju1c4fcu40hl07992b8gj0c8
train,kvasir-seg::cju1b3zgj3d8e0801kpolea6c,224a1debf2fd2e6766f65458,5,1,kvasir-seg::cju1c4fcu40hl07992b8gj0c8
train,kvasir-seg::cju1b3zgj3d8e0801kpolea6c,14378852699e447467018d96,6,1,kvasir-seg::cju1c4fcu40hl07992b8gj0c8
train,kvasir-seg::cju1b75x63ddl0799sdp0i2j3,cf4fd62b7ceb1f140cc59085,0,6,kvasir-seg::cju7aklv31h4309871m29l4e7
train,kvasir-seg::cju1b75x63ddl0799sdp0i2j3,17ecf3cb8f32657495958c50,1,6,kvasir-seg::cju7aklv31h4309871m29l4e7
train,kvasir-seg::cju1b75x63ddl0799sdp0i2j3,4c6fcf610023605dbc230cbe,2,6,kvasir-seg::cju7aklv31h4309871m29l4e7
train,kvasir-seg::cju1b75x63ddl0799sdp0i2j3,14f62073c839073b2bbf435c,3,6,kvasir-seg::cju7aklv31h4309871m29l4e7
train,kvasir-seg::cju1b75x63ddl0799sdp0i2j3,9ca7367f3e770348b3fd7cc6,4,6,kvasir-seg::cju7aklv31h4309871m29l4e7
train,kvasir-seg::cju1b75x63ddl0799sdp0i2j3,ba016febd4a139b4fb8de165,5,6,kvasir-seg::cju7aklv31h4309871m29l4e7
train,kvasir-seg::cju1b75x63ddl0799sdp0i2j3,74f7a4bc2581685cb016df39,6,6,kvasir-seg::cju7aklv31h4309871m29l4e7
train,kvasir-seg::cju1bhnfitmge0835ynls0l6b,5fc116530d581df7e4fde077,0,6,kvasir-seg::cju7aklv31h4309871m29l4e7
train,kvasir-seg::cju1bhnfitmge0835ynls0l6b,cf9d82d33b0ca46b7dade8d3,1,6,kvasir-seg::cju7aklv31h4309871m29l4e7
train,kvasir-seg::cju1bhnfitmge0835ynls0l6b,fc346551a7931260cbeb835d,2,6,kvasir-seg::cju7aklv31h4309871m29l4e7
train,kvasir-seg::cju1bhnfitmge0835ynls0l6b,3db46f4101ff48d033dcbb6b,3,6,kvasir-seg::cju7aklv31h4309871m29l4e7
train,kvasir-seg::cju1bhnfitmge0835ynls0l6b,7a19806e91652a173d083f46,4,6,kvasir-seg::cju7aklv31h4309871m29l4e7
train,kvasir-seg::cju1bhnfitmge0835ynls0l6b,f094b9048f2d0a1cba808814,5,6,kvasir-seg::cju7aklv31h4309871m29l4e7
train,kvasir-seg::cju1bhnfitmge0835ynls0l6b,0cb171a9fc215e0b370703bc,6,6,kvasir-seg::cju7aklv31h4309871m29l4e7
train,kvasir-seg::cju1bm8063nmh07996rsjjemq,ffc0b899da502393d617c003,0,6,kvasir-seg::cju7aklv31h4309871m29l4e7
train,kvasir-seg::cju1bm8063nmh07996rsjjemq,fc1aca688d480d0bbfd2813c,1,6,kvasir-seg::cju7aklv31h4309871m29l4e7
train,kvasir-seg::cju1bm8063nmh07996rsjjemq,8193cda0c44d2e0e63e4ad14,2,6,kvasir-seg::cju7aklv31h4309871m29l4e7
train,kvasir-seg::cju1bm8063nmh07996rsjjemq,47c16be5a954b8a0dc8e1f5f,3,6,kvasir-seg::cju7aklv31h4309871m29l4e7
train,kvasir-seg::cju1bm8063nmh07996rsjjemq,a657c089df5b45d15ec0620d,4,6,kvasir-seg::cju7aklv31h4309871m29l4e7
train,kvasir-seg::cju1bm8063nmh07996rsjjemq,e45770d6fbc68612ecd592e4,5,6,kvasir-seg::cju7aklv31h4309871m29l4e7
train,kvasir-seg::cju1bm8063nmh07996rsjjemq,0a54f7f359cd3c15fd7fca13,6,6,kvasir-seg::cju7aklv31h4309871m29l4e7
train,kvasir-seg::cju1brhsj3rls0855a1vgdlen,ed39fca57ab0d63349bf3dc6,0,1,kvasir-seg::cju1c4fcu40hl07992b8gj0c8
train,kvasir-seg::cju1brhsj3rls0855a1vgdlen,e6154de40de89074cf138208,1,1,kvasir-seg::cju1c4fcu40hl07992b8gj0c8
train,kvasir-seg::cju1brhsj3rls0855a1vgdlen,55023c090f649813d4107ad4,2,1,kvasir-seg::cju1c4fcu40hl07992b8gj0c8
train,kvasir-seg::cju1brhsj3rls0855a1vgdlen,aeb02cb3fca67eecfb4be6cd,3,1,kvasir-seg::cju1c4fcu40hl07992b8gj0c8
train,kvasir-seg::cju1brhsj3rls0855a1vgdlen,aa8ffd3c1100a27ed04295dd,4,1,kvasir-seg::cju1c4fcu40hl07992b8gj0c8
train,kvasir-seg::cju1brhsj3rls0855a1vgdlen,9f0115610b32ebd7a6e7e9d2,5,1,kvasir-seg::cju1c4fcu40hl07992b8gj0c8
train,kvasir-seg::cju1brhsj3rls0855a1vgdlen,5e30728e5cbb1d473b1dc36a,6,1,kvasir-seg::cju1c4fcu40hl07992b8gj0c8
train,kvasir-seg::cju1c3218411b08014g9f6gig,c89f302c541bd206b0178a94,0,1,kvasir-seg::cju1c4fcu40hl07992b8gj0c8
train,kvasir-seg::cju1c3218411b08014g9f6gig,a2b9c0da13d8214749f5543c,1,1,kvasir-seg::cju1c4fcu40hl07992b8gj0c8
train,kvasir-seg::cju1c3218411b08014g9f6gig,cc5f0cde9c9f234e51d03c70,2,1,kvasir-seg::cju1c4fcu40hl07992b8gj0c8
train,kvasir-seg::cju1c3218411b08014g9f6gig,34e0faa98797d95b2375e144,3,1,kvasir-seg::cju1c4fcu40hl07992b8gj0c8
train,kvasir-seg::cju1c3218411b08014g9f6gig,a03b604df7394579dd807096,4,1,kvasir-seg::cju1c4fcu40hl07992b8gj0c8
train,kvasir-seg::cju1c3218411b08014g9f6gig,31295b090aeda21b02dfbc6b,5,1,kvasir-seg::cju1c4fcu40hl07992b8gj0c8
train,kvasir-seg::cju1c3218411b08014g9f6gig,d137075ec600048298df7b9a,6,1,kvasir-seg::cju1c4fcu40hl07992b8gj0c8
train,kvasir-seg::cju1c6yfz42md08550zgoz3pw,fa989f1d595181b5b2a307a1,0,1,kvasir-seg::cju1c4fcu40hl07992b8gj0c8
train,kvasir-seg::cju1c6yfz42md08550zgoz3pw,93587d68e5fb83e54b261c22,1,1,kvasir-seg::cju1c4fcu40hl07992b8gj0c8
train,kvasir-seg::cju1c6yfz42md08550zgoz3pw,4a7743d267b1e05e63f31904,2,1,kvasir-seg::cju1c4fcu40hl07992b8gj0c8
train,kvasir-seg::cju1c6yfz42md08550zgoz3pw,afb3d3951a4e9cb01a2d714e,3,1,kvasir-seg::cju1c4fcu40hl07992b8gj0c8
train,kvasir-seg::cju1c6yfz42md08550zgoz3pw,bf57e8487f35d8bba3338abb,4,1,kvasir-seg::cju1c4fcu40hl07992b8gj0c8
train,kvasir-seg::cju1c6yfz42md08550zgoz3pw,2ca833e5d3b1cdabc97039a0,5,1,kvasir-seg::cju1c4fcu40hl07992b8gj0c8
train,kvasir-seg::cju1c6yfz42md08550zgoz3pw,65bc6ea54c780cacd8fd7a90,6,1,kvasir-seg::cju1c4fcu40hl07992b8gj0c8
train,kvasir-seg::cju1c8ffau5770835g0g343o8,bdf1e2df664a3f88b4a47a81,0,3,kvasir-seg::cju34ymm8d6700799uop0cw33
train,kvasir-seg::cju1c8ffau5770835g0g343o8,d86ab8c3f92e37ac3c800cc5,1,1,kvasir-seg::cju1c4fcu40hl07992b8gj0c8
train,kvasir-seg::cju1c8ffau5770835g0g343o8,12756f34b81393b6b4bc4b0b,2,1,kvasir-seg::cju1c4fcu40hl07992b8gj0c8
train,kvasir-seg::cju1c8ffau5770835g0g343o8,4ac8ee23eece9d227b1a28f5,3,1,kvasir-seg::cju1c4fcu40hl07992b8gj0c8
train,kvasir-seg::cju1c8ffau5770835g0g343o8,bc35dede77267c1da87b66a4,4,1,kvasir-seg::cju1c4fcu40hl07992b8gj0c8
train,kvasir-seg::cju1c8ffau5770835g0g343o8,31bbb40a7265ca0f1846626e,5,1,kvasir-seg::cju1c4fcu40hl07992b8gj0c8
train,kvasir-seg::cju1c8ffau5770835g0g343o8,f14012bbebfff69b8ca1fa87,6,1,kvasir-seg::cju1c4fcu40hl07992b8gj0c8
train,kvasir-seg::cju1cbokpuiw70988j4lq1fpi,886912800929a3a14ce4f722,0,6,kvasir-seg::cju7aklv31h4309871m29l4e7
train,kvasir-seg::cju1cbokpuiw70988j4lq1fpi,d22b1c3fdf44aaf2165f7550,1,1,kvasir-seg::cju1c4fcu40hl07992b8gj0c8
train,kvasir-seg::cju1cbokpuiw70988j4lq1fpi,72e7a84a69e666926cbc3761,2,6,kvasir-seg::cju7aklv31h4309871m29l4e7
train,kvasir-seg::cju1cbokpuiw70988j4lq1fpi,feb4cb042ce642af308d8c6c,3,6,kvasir-seg::cju7aklv31h4309871m29l4e7
train,kvasir-seg::cju1cbokpuiw70988j4lq1fpi,7f0e42691cc88f637bc0bf69,4,6,kvasir-seg::cju7aklv31h4309871m29l4e7
train,kvasir-seg::cju1cbokpuiw70988j4lq1fpi,c428babbde2ec624b361aff9,5,6,kvasir-seg::cju7aklv31h4309871m29l4e7
train,kvasir-seg::cju1cbokpuiw70988j4lq1fpi,3693258f33139ce14531d463,6,6,kvasir-seg::cju7aklv31h4309871m29l4e7
train,kvasir-seg::cju1cdxvz48hw0801i0fjwcnk,9e16f2b4aec676debaead49c,0,2,kvasir-seg::cju2pmhtr17a00855cvpelzb0
train,kvasir-seg::cju1cdxvz48hw0801i0fjwcnk,28d484f64fd4f53c5e9bd996,1,1,kvasir-seg::cju1c4fcu40hl07992b8gj0c8
train,kvasir-seg::cju1cdxvz48hw0801i0fjwcnk,a7ef253d181105674a8f5a60,2,2,kvasir-seg::cju2pmhtr17a00855cvpelzb0
train,kvasir-seg::cju1cdxvz48hw0801i0fjwcnk,864c5336f953b116f54970e6,3,2,kvasir-seg::cju2pmhtr17a00855cvpelzb0
train,kvasir-seg::cju1cdxvz48hw0801i0fjwcnk,08a42c6f44d0e045501abe5f,4,2,kvasir-seg::cju2pmhtr17a00855cvpelzb0
train,kvasir-seg::cju1cdxvz48hw0801i0fjwcnk,8b3f77b2945eebfc23a196f7,5,2,kvasir-seg::cju2pmhtr17a00855cvpelzb0
train,kvasir-seg::cju1cdxvz48hw0801i0fjwcnk,c354da6f2808ff748a6d996e,6,2,kvasir-seg::cju2pmhtr17a00855cvpelzb0
train,kvasir-seg::cju1cfhyg48bb0799cl5pr2jh,78bd10989be224c7897da937,0,1,kvasir-seg::cju1c4fcu40hl07992b8gj0c8
train,kvasir-seg::cju1cfhyg48bb0799cl5pr2jh,e2da292fe131bfcedff661de,1,1,kvasir-seg::cju1c4fcu40hl07992b8gj0c8
train,kvasir-seg::cju1cfhyg48bb0799cl5pr2jh,0476ddf8644e56fa6da5fdfb,2,1,kvasir-seg::cju1c4fcu40hl07992b8gj0c8
train,kvasir-seg::cju1cfhyg48bb0799cl5pr2jh,3670238e56a76d9d41f574fc,3,1,kvasir-seg::cju1c4fcu40hl07992b8gj0c8
train,kvasir-seg::cju1cfhyg48bb0799cl5pr2jh,c8e02349f71186a3469c1c9a,4,1,kvasir-seg::cju1c4fcu40hl07992b8gj0c8
train,kvasir-seg::cju1cfhyg48bb0799cl5pr2jh,26b4fc092528207b0ec3376f,5,1,kvasir-seg::cju1c4fcu40hl07992b8gj0c8
train,kvasir-seg::cju1cfhyg48bb0799cl5pr2jh,f6293b365b4e1ff1ad37fb4a,6,1,kvasir-seg::cju1c4fcu40hl07992b8gj0c8
train,kvasir-seg::cju1cnnziug1l0835yh4ropyg,58b025f443c6c98a22de7681,0,1,kvasir-seg::cju1c4fcu40hl07992b8gj0c8
train,kvasir-seg::cju1cnnziug1l0835yh4ropyg,d4e6d18d82b0a2faeacb4349,1,1,kvasir-seg::cju1c4fcu40hl07992b8gj0c8
train,kvasir-seg::cju1cnnziug1l0835yh4ropyg,dd55e2640058fe029026b069,2,1,kvasir-seg::cju1c4fcu40hl07992b8gj0c8
train,kvasir-seg::cju1cnnziug1l0835yh4ropyg,8684594eae222df5006f7196,3,1,kvasir-seg::cju1c4fcu40hl07992b8gj0c8
train,kvasir-seg::cju1cnnziug1l0835yh4ropyg,0f2475fa5d8a2542c72ac6d3,4,1,kvasir-seg::cju1c4fcu40hl07992b8gj0c8
train,kvasir-seg::cju1cnnziug1l0835yh4ropyg,6643b5dbd6f73a7750c4b169,5,1,kvasir-seg::cju1c4fcu40hl07992b8gj0c8
train,kvasir-seg::cju1cnnziug1l0835yh4ropyg,f7fb4f41d7c16a23ae256180,6,1,kvasir-seg::cju1c4fcu40hl07992b8gj0c8
train,kvasir-seg::cju1cqc7n4gpy0855jt246k68,34bc4f0dee630206df8dde84,0,3,kvasir-seg::cju34ymm8d6700799uop0cw33
train,kvasir-seg::cju1cqc7n4gpy0855jt246k68,2618c586ab3c4b65410676b4,1,3,kvasir-seg::cju34ymm8d6700799uop0cw33
train,kvasir-seg::cju1cqc7n4gpy0855jt246k68,1d23bcf5e4c1404ccdb6fc85,2,3,kvasir-seg::cju34ymm8d6700799uop0cw33
train,kvasir-seg::cju1cqc7n4gpy0855jt246k68,a0ad7294d873b9ea0a8f76d2,3,3,kvasir-seg::cju34ymm8d6700799uop0cw33
train,kvasir-seg::cju1cqc7n4gpy0855jt246k68,fef48c9845fa6addb17d6983,4,3,kvasir-seg::cju34ymm8d6700799uop0cw33
train,kvasir-seg::cju1cqc7n4gpy0855jt246k68,c255ce991458d4de678ad652,5,3,kvasir-seg::cju34ymm8d6700799uop0cw33
train,kvasir-seg::cju1cqc7n4gpy0855jt246k68,339f49c05a0ad4a37f48fb72,6,3,kvasir-seg::cju34ymm8d6700799uop0cw33
train,kvasir-seg::cju1cvkfwqrec0993wbp1jlzm,b2c246e4b4a1926f14f05b49,0,1,kvasir-seg::cju1c4fcu40hl07992b8gj0c8
train,kvasir-seg::cju1cvkfwqrec0993wbp1jlzm,8de80389c0a40fbf503bf2cf,1,1,kvasir-seg::cju1c4fcu40hl07992b8gj0c8
train,kvasir-seg::cju1cvkfwqrec0993wbp1jlzm,d805b291efb5f29a132cef74,2,1,kvasir-seg::cju1c4fcu40hl07992b8gj0c8
train,kvasir-seg::cju1cvkfwqrec0993wbp1jlzm,61d9b1be09d9ee515b225f00,3,1,kvasir-seg::cju1c4fcu40hl07992b8gj0c8
train,kvasir-seg::cju1cvkfwqrec0993wbp1jlzm,71c9829e0bf34c02480a99b6,4,1,kvasir-seg::cju1c4fcu40hl07992b8gj0c8
train,kvasir-seg::cju1cvkfwqrec0993wbp1jlzm,4a21bb943b8b5823981a2a95,5,1,kvasir-seg::cju1c4fcu40hl07992b8gj0c8
train,kvasir-seg::cju1cvkfwqrec0993wbp1jlzm,47c029e785ba258584d168fd,6,1,kvasir-seg::cju1c4fcu40hl07992b8gj0c8
train,kvasir-seg::cju1d31sp4d4k0878r3fr02ul,cdc234d9015aeb04676ee8fd,0,6,kvasir-seg::cju7aklv31h4309871m29l4e7
train,kvasir-seg::cju1d31sp4d4k0878r3fr02ul,ba37ae5e051e7cf8cf07c3b3,1,6,kvasir-seg::cju7aklv31h4309871m29l4e7
train,kvasir-seg::cju1d31sp4d4k0878r3fr02ul,af06e8dcd0109199a653c5ae,2,6,kvasir-seg::cju7aklv31h4309871m29l4e7
train,kvasir-seg::cju1d31sp4d4k0878r3fr02ul,aa7f7a71df9eda6cc320042d,3,6,kvasir-seg::cju7aklv31h4309871m29l4e7
train,kvasir-seg::cju1d31sp4d4k0878r3fr02ul,5d87c33671fb49f38f9dcb76,4,6,kvasir-seg::cju7aklv31h4309871m29l4e7
train,kvasir-seg::cju1d31sp4d4k0878r3fr02ul,9f1cedd9f6a78d4b89a7ea47,5,6,kvasir-seg::cju7aklv31h4309871m29l4e7
train,kvasir-seg::cju1d31sp4d4k0878r3fr02ul,eb395719ccef6cc21288be76,6,6,kvasir-seg::cju7aklv31h4309871m29l4e7
train,kvasir-seg::cju1ddr6p4k5z08780uuuzit2,e673d8dabb7b6f303b6095f3,0,1,kvasir-seg::cju1c4fcu40hl07992b8gj0c8
train,kvasir-seg::cju1ddr6p4k5z08780uuuzit2,e2d9819623d85cc09b739505,1,1,kvasir-seg::cju1c4fcu40hl07992b8gj0c8
train,kvasir-seg::cju1ddr6p4k5z08780uuuzit2,85acc20f758c3da6cf0caae5,2,1,kvasir-seg::cju1c4fcu40hl07992b8gj0c8
train,kvasir-seg::cju1ddr6p4k5z08780uuuzit2,8454c4b22d66d43841e9a8c7,3,1,kvasir-seg::cju1c4fcu40hl07992b8gj0c8
train,kvasir-seg::cju1ddr6p4k5z08780uuuzit2,437a1240d8622ffd646242ce,4,1,kvasir-seg::cju1c4fcu40hl07992b8gj0c8
train,kvasir-seg::cju1ddr6p4k5z08780uuuzit2,185dbac455d5c70b8a0d45ab,5,1,kvasir-seg::cju1c4fcu40hl07992b8gj0c8
train,kvasir-seg::cju1ddr6p4k5z08780uuuzit2,c7862c7e68d9452a91f938b7,6,1,kvasir-seg::cju1c4fcu40hl07992b8gj0c8
train,kvasir-seg::cju1dfeupuzlw0835gnxip369,b6a0041be588f12eac4bfb80,0,6,kvasir-seg::cju7aklv31h4309871m29l4e7
train,kvasir-seg::cju1dfeupuzlw0835gnxip369,13945132418bfdd94b4abf68,1,6,kvasir-seg::cju7aklv31h4309871m29l4e7
train,kvasir-seg::cju1dfeupuzlw0835gnxip369,f26fd7d95852ffb426c9bcf6,2,6,kvasir-seg::cju7aklv31h4309871m29l4e7
train,kvasir-seg::cju1dfeupuzlw0835gnxip369,b9344f76d97a006451bebb42,3,6,kvasir-seg::cju7aklv31h4309871m29l4e7
train,kvasir-seg::cju1dfeupuzlw0835gnxip369,4c5bbb7795b613c2b4af0bad,4,6,kvasir-seg::cju7aklv31h4309871m29l4e7
train,kvasir-seg::cju1dfeupuzlw0835gnxip369,ebfbc79d925e8c430d5317be,5,6,kvasir-seg::cju7aklv31h4309871m29l4e7
train,kvasir-seg::cju1dfeupuzlw0835gnxip369,6c8823049c3d9a56e971bf06,6,6,kvasir-seg::cju7aklv31h4309871m29l4e7
train,kvasir-seg::cju1dg44i4z3w0801nyz4p6zf,83b13d62446e551ce25d79dd,0,1,kvasir-seg::cju1c4fcu40hl07992b8gj0c8
train,kvasir-seg::cju1dg44i4z3w0801nyz4p6zf,24e273d5fad251de0b6b1170,1,1,kvasir-seg::cju1c4fcu40hl07992b8gj0c8
train,kvasir-seg::cju1dg44i4z3w0801nyz4p6zf,54d12a60ece409236cbfd915,2,1,kvasir-seg::cju1c4fcu40hl07992b8gj0c8
train,kvasir-seg::cju1dg44i4z3w0801nyz4p6zf,d85bed6c28cc60e1e3a1397b,3,1,kvasir-seg::cju1c4fcu40hl07992b8gj0c8
train,kvasir-seg::cju1dg44i4z3w0801nyz4p6zf,8b59ac70b901ad663e9e21a9,4,1,kvasir-seg::cju1c4fcu40hl07992b8gj0c8
train,kvasir-seg::cju1dg44i4z3w0801nyz4p6zf,e2b58d8a8025c3aebf2bf2a4,5,1,kvasir-seg::cju1c4fcu40hl07992b8gj0c8
train,kvasir-seg::cju1dg44i4z3w0801nyz4p6zf,560801a1ab65635ae756711c,6,1,kvasir-seg::cju1c4fcu40hl07992b8gj0c8
train,kvasir-seg::cju1dhfok4mhe0878jlgrag0h,469472158c102df884345543,0,6,kvasir-seg::cju7aklv31h4309871m29l4e7
train,kvasir-seg::cju1dhfok4mhe0878jlgrag0h,1beabd729e36076809934332,1,6,kvasir-seg::cju7aklv31h4309871m29l4e7
train,kvasir-seg::cju1dhfok4mhe0878jlgrag0h,dccd781653372e209773f7d7,2,6,kvasir-seg::cju7aklv31h4309871m29l4e7
train,kvasir-seg::cju1dhfok4mhe0878jlgrag0h,94498fac87bc133a22983458,3,6,kvasir-seg::cju7aklv31h4309871m29l4e7
train,kvasir-seg::cju1dhfok4mhe0878jlgrag0h,f3e63732eee39ad4855765e2,4,6,kvasir-seg::cju7aklv31h4309871m29l4e7
train,kvasir-seg::cju1dhfok4mhe0878jlgrag0h,18d035e3f961a7a0151a726e,5,6,kvasir-seg::cju7aklv31h4309871m29l4e7
train,kvasir-seg::cju1dhfok4mhe0878jlgrag0h,447831b4940cc0cc7e1c8990,6,6,kvasir-seg::cju7aklv31h4309871m29l4e7
train,kvasir-seg::cju1dia8hvc6v098827mgffnm,9b75540455d105325b1026e6,0,1,kvasir-seg::cju1c4fcu40hl07992b8gj0c8
train,kvasir-seg::cju1dia8hvc6v098827mgffnm,dae901219735421bdc128a63,1,1,kvasir-seg::cju1c4fcu40hl07992b8gj0c8
train,kvasir-seg::cju1dia8hvc6v098827mgffnm,6156685eb87b5d380224d8dc,2,1,kvasir-seg::cju1c4fcu40hl07992b8gj0c8
train,kvasir-seg::cju1dia8hvc6v098827mgffnm,49cd939fc91aba9c9acd5c06,3,1,kvasir-seg::cju1c4fcu40hl07992b8gj0c8
train,kvasir-seg::cju1dia8hvc6v098827mgffnm,75ab4c1e7b16fd57b4953602,4,1,kvasir-seg::cju1c4fcu40hl07992b8gj0c8
train,kvasir-seg::cju1dia8hvc6v098827mgffnm,be3f9855ede55171488501f3,5,1,kvasir-seg::cju1c4fcu40hl07992b8gj0c8
train,kvasir-seg::cju1dia8hvc6v098827mgffnm,644d2a016afba7657b143eb6,6,1,kvasir-seg::cju1c4fcu40hl07992b8gj0c8
train,kvasir-seg::cju1dnz61vfp40988e78bkjga,843c91411cd7fc25de73bba6,0,1,kvasir-seg::cju1c4fcu40hl07992b8gj0c8
train,kvasir-seg::cju1dnz61vfp40988e78bkjga,120057becada312485c0db18,1,1,kvasir-seg::cju1c4fcu40hl07992b8gj0c8
train,kvasir-seg::cju1dnz61vfp40988e78bkjga,97abcda0f4e1e02f5983b9ea,2,1,kvasir-seg::cju1c4fcu40hl07992b8gj0c8
train,kvasir-seg::cju1dnz61vfp40988e78bkjga,fbe3e4df827734785afa5ba5,3,1,kvasir-seg::cju1c4fcu40hl07992b8gj0c8
train,kvasir-seg::cju1dnz61vfp40988e78bkjga,3339925e8336df81fc28fdc4,4,1,kvasir-seg::cju1c4fcu40hl07992b8gj0c8
train,kvasir-seg::cju1dnz61vfp40988e78bkjga,486ee8d9536060be16483326,5,1,kvasir-seg::cju1c4fcu40hl07992b8gj0c8
train,kvasir-seg::cju1dnz61vfp40988e78bkjga,fa5531f3dab36172f5af5da9,6,1,kvasir-seg::cju1c4fcu40hl07992b8gj0c8
train,kvasir-seg::cju1dq3x1vgx109889c7wyirg,cd545f0157217f11d90fa568,0,6,kvasir-seg::cju7aklv31h4309871m29l4e7
train,kvasir-seg::cju1dq3x1vgx109889c7wyirg,46068d6f219d9d60e1e45830,1,6,kvasir-seg::cju7aklv31h4309871m29l4e7
train,kvasir-seg::cju1dq3x1vgx109889c7wyirg,972dff5412ec7c1265c7d182,2,6,kvasir-seg::cju7aklv31h4309871m29l4e7
train,kvasir-seg::cju1dq3x1vgx109889c7wyirg,45e223ea855fb19eea964a2a,3,6,kvasir-seg::cju7aklv31h4309871m29l4e7
train,kvasir-seg::cju1dq3x1vgx109889c7wyirg,4c1937b5fb9a65b77326c6fc,4,6,kvasir-seg::cju7aklv31h4309871m29l4e7
train,kvasir-seg::cju1dq3x1vgx109889c7wyirg,664e66adb8031e1c7f49a90d,5,6,kvasir-seg::cju7aklv31h4309871m29l4e7
train,kvasir-seg::cju1dq3x1vgx109889c7wyirg,41b8dd5a2de3fc62c4197495,6,6,kvasir-seg::cju7aklv31h4309871m29l4e7
train,kvasir-seg::cju1drnhbrb9409935wi7vkhg,39b16fd4f94650da5e288f4a,0,1,kvasir-seg::cju1c4fcu40hl07992b8gj0c8
train,kvasir-seg::cju1drnhbrb9409935wi7vkhg,6ca810949835808adc74d3c9,1,1,kvasir-seg::cju1c4fcu40hl07992b8gj0c8
train,kvasir-seg::cju1drnhbrb9409935wi7vkhg,50a437b97210689b76ece86c,2,1,kvasir-seg::cju1c4fcu40hl07992b8gj0c8
train,kvasir-seg::cju1drnhbrb9409935wi7vkhg,5bf810a8a93dd16e047a15f5,3,1,kvasir-seg::cju1c4fcu40hl07992b8gj0c8
train,kvasir-seg::cju1drnhbrb9409935wi7vkhg,824ab7b4ae9ab7e1703a331b,4,1,kvasir-seg::cju1c4fcu40hl07992b8gj0c8
train,kvasir-seg::cju1drnhbrb9409935wi7vkhg,2aa4754b4f285a46cc12c1c4,5,1,kvasir-seg::cju1c4fcu40hl07992b8gj0c8
train,kvasir-seg::cju1drnhbrb9409935wi7vkhg,a2f1b2d07270b0fce65c0917,6,1,kvasir-seg::cju1c4fcu40hl07992b8gj0c8
train,kvasir-seg::cju1efbr0rqxz09931z0lf4vf,5ccb6ef7ca19e469c704563e,0,1,kvasir-seg::cju1c4fcu40hl07992b8gj0c8
train,kvasir-seg::cju1efbr0rqxz09931z0lf4vf,a57344f8ac7bc5ae6cd105cc,1,1,kvasir-seg::cju1c4fcu40hl07992b8gj0c8
train,kvasir-seg::cju1efbr0rqxz09931z0lf4vf,35c6d8b5fbf0e867b83e80b2,2,1,kvasir-seg::cju1c4fcu40hl07992b8gj0c8
train,kvasir-seg::cju1efbr0rqxz09931z0lf4vf,0a622dc91e6155a82ff9eae6,3,1,kvasir-seg::cju1c4fcu40hl07992b8gj0c8
train,kvasir-seg::cju1efbr0rqxz09931z0lf4vf,829aa57ccbab157d13f076b2,4,1,kvasir-seg::cju1c4fcu40hl07992b8gj0c8
train,kvasir-seg::cju1efbr0rqxz09931z0lf4vf,5272c5487448aa5e8e885fe4,5,1,kvasir-seg::cju1c4fcu40hl07992b8gj0c8
train,kvasir-seg::cju1efbr0rqxz09931z0lf4vf,dafb51127b0c201570721959,6,1,kvasir-seg::cju1c4fcu40hl07992b8gj0c8
train,kvasir-seg::cju1egh885m1l0855ci1lt37c,8af749a7953b182c1ec4bb21,0,3,kvasir-seg::cju34ymm8d6700799uop0cw33
train,kvasir-seg::cju1egh885m1l0855ci1lt37c,b2468e4c1836a3445379b289,1,3,kvasir-seg::cju34ymm8d6700799uop0cw33
train,kvasir-seg::cju1egh885m1l0855ci1lt37c,52baf509d47a93263ba277ce,2,3,kvasir-seg::cju34ymm8d6700799uop0cw33
train,kvasir-seg::cju1egh885m1l0855ci1lt37c,ad3009ea41808f3a4f68935b,3,3,kvasir-seg::cju34ymm8d6700799uop0cw33
train,kvasir-seg::cju1egh885m1l0855ci1lt37c,8aa6b8ef964a8ccdf3c3b7d3,4,3,kvasir-seg::cju34ymm8d6700799uop0cw33
train,kvasir-seg::cju1egh885m1l0855ci1lt37c,8823df2827e0c5dc8fd9f442,5,3,kvasir-seg::cju34ymm8d6700799uop0cw33
train,kvasir-seg::cju1egh885m1l0855ci1lt37c,6c8084e614efc65563e7cbde,6,3,kvasir-seg::cju34ymm8d6700799uop0cw33
train,kvasir-seg::cju1egx9pvz2n0988eoy8jp23,968b2598565ae9c6b9dbfc15,0,1,kvasir-seg::cju1c4fcu40hl07992b8gj0c8
train,kvasir-seg::cju1egx9pvz2n0988eoy8jp23,c3f3b0afccc30179f496d252,1,1,kvasir-seg::cju1c4fcu40hl07992b8gj0c8
train,kvasir-seg::cju1egx9pvz2n0988eoy8jp23,20779dc27234135f0edfd33f,2,1,kvasir-seg::cju1c4fcu40hl07992b8gj0c8
train,kvasir-seg::cju1egx9pvz2n0988eoy8jp23,f9d8a1b06006b1128fb6242d,3,1,kvasir-seg::cju1c4fcu40hl07992b8gj0c8
train,kvasir-seg::cju1egx9pvz2n0988eoy8jp23,01a578ce0c573991814daf24,4,1,kvasir-seg::cju1c4fcu40hl07992b8gj0c8
train,kvasir-seg::cju1egx9pvz2n0988eoy8jp23,a24aac579d6ec172a593dc39,5,1,kvasir-seg::cju1c4fcu40hl07992b8gj0c8
train,kvasir-seg::cju1egx9pvz2n0988eoy8jp23,fc0694f8b80b59da72b41c28,6,1,kvasir-seg::cju1c4fcu40hl07992b8gj0c8
train,kvasir-seg::cju1ejj7dvqfa0835ra184v5m,bc24e9adf6802365f4f45b9a,0,1,kvasir-seg::cju1c4fcu40hl07992b8gj0c8
train,kvasir-seg::cju1ejj7dvqfa0835ra184v5m,9181f4556ed4b97a5a0f10e8,1,1,kvasir-seg::cju1c4fcu40hl07992b8gj0c8
train,kvasir-seg::cju1ejj7dvqfa0835ra184v5m,8589ebc3d84f363d7bce0a14,2,1,kvasir-seg::cju1c4fcu40hl07992b8gj0c8
train,kvasir-seg::cju1ejj7dvqfa0835ra184v5m,4ae7e77009856a23305bcfbb,3,1,kvasir-seg::cju1c4fcu40hl07992b8gj0c8
train,kvasir-seg::cju1ejj7dvqfa0835ra184v5m,283b002770448c637f8bc9fb,4,1,kvasir-seg::cju1c4fcu40hl07992b8gj0c8
train,kvasir-seg::cju1ejj7dvqfa0835ra184v5m,5e0574bf8ab1d3dfdd68151d,5,1,kvasir-seg::cju1c4fcu40hl07992b8gj0c8
train,kvasir-seg::cju1ejj7dvqfa0835ra184v5m,fa6aeb166da4d08de0ace768,6,1,kvasir-seg::cju1c4fcu40hl07992b8gj0c8
train,kvasir-seg::cju1erep75us208553i4ofwwe,a4aba14447f27a7588ac2dc0,0,6,kvasir-seg::cju7aklv31h4309871m29l4e7
train,kvasir-seg::cju1erep75us208553i4ofwwe,b1368d78651fea1ab6e931f7,1,6,kvasir-seg::cju7aklv31h4309871m29l4e7
train,kvasir-seg::cju1erep75us208553i4ofwwe,bb1fd4ed321f906a85ce83e5,2,6,kvasir-seg::cju7aklv31h4309871m29l4e7
train,kvasir-seg::cju1erep75us208553i4ofwwe,0e09e3c199d0c194997d5712,3,6,kvasir-seg::cju7aklv31h4309871m29l4e7
train,kvasir-seg::cju1erep75us208553i4ofwwe,4b8fe2caed675e23fdd0ae84,4,6,kvasir-seg::cju7aklv31h4309871m29l4e7
train,kvasir-seg::cju1erep75us208553i4ofwwe,5be23691a043f7412d35a040,5,6,kvasir-seg::cju7aklv31h4309871m29l4e7
train,kvasir-seg::cju1erep75us208553i4ofwwe,61bc0b4ce31c812d959bb236,6,6,kvasir-seg::cju7aklv31h4309871m29l4e7
train,kvasir-seg::cju1euant5l960878iqj5vvto,5c80c6ab8c57a802f26c2e31,0,1,kvasir-seg::cju1c4fcu40hl07992b8gj0c8
train,kvasir-seg::cju1euant5l960878iqj5vvto,03cc2a52a35f64fdc7debdaa,1,1,kvasir-seg::cju1c4fcu40hl07992b8gj0c8
train,kvasir-seg::cju1euant5l960878iqj5vvto,b527bad7da6fa587683d97d5,2,1,kvasir-seg::cju1c4fcu40hl07992b8gj0c8
train,kvasir-seg::cju1euant5l960878iqj5vvto,d2fb1d6700cbf49480c64a98,3,1,kvasir-seg::cju1c4fcu40hl07992b8gj0c8
train,kvasir-seg::cju1euant5l960878iqj5vvto,6521f09cb2ba6d187b4b744e,4,1,kvasir-seg::cju1c4fcu40hl07992b8gj0c8
train,kvasir-seg::cju1euant5l960878iqj5vvto,0502cafb76a161d1f4f1c13f,5,1,kvasir-seg::cju1c4fcu40hl07992b8gj0c8
train,kvasir-seg::cju1euant5l960878iqj5vvto,91673ec16fd35e2885b0c394,6,1,kvasir-seg::cju1c4fcu40hl07992b8gj0c8
train,kvasir-seg::cju1expq45zst0855rjqwwj4m,053967ff3251fa9ed9ba3eca,0,1,kvasir-seg::cju1c4fcu40hl07992b8gj0c8
train,kvasir-seg::cju1expq45zst0855rjqwwj4m,1487275449a89a4d27112608,1,1,kvasir-seg::cju1c4fcu40hl07992b8gj0c8
train,kvasir-seg::cju1expq45zst0855rjqwwj4m,087dfd4fa29a4f3d2f48c90b,2,1,kvasir-seg::cju1c4fcu40hl07992b8gj0c8
train,kvasir-seg::cju1expq45zst0855rjqwwj4m,c098fe12f78f2df5fbf6706f,3,1,kvasir-seg::cju1c4fcu40hl07992b8gj0c8
train,kvasir-seg::cju1expq45zst0855rjqwwj4m,14a8300b1f609878d59d7b9c,4,1,kvasir-seg::cju1c4fcu40hl07992b8gj0c8
train,kvasir-seg::cju1expq45zst0855rjqwwj4m,ec19db2741252b3212f36b0a,5,1,kvasir-seg::cju1c4fcu40hl07992b8gj0c8
train,kvasir-seg::cju1expq45zst0855rjqwwj4m,9996418df014667f302ada84,6,1,kvasir-seg::cju1c4fcu40hl07992b8gj0c8
train,kvasir-seg::cju1f15k3w4ct0835cmde6ypo,30a49d9d0f2a0c27a4a46fa0,0,6,kvasir-seg::cju7aklv31h4309871m29l4e7
train,kvasir-seg::cju1f15k3w4ct0835cmde6ypo,3d284254c8cd24b03016535b,1,6,kvasir-seg::cju7aklv31h4309871m29l4e7
train,kvasir-seg::cju1f15k3w4ct0835cmde6ypo,60e48eab2fbf37a59f1ef359,2,6,kvasir-seg::cju7aklv31h4309871m29l4e7
train,kvasir-seg::cju1f15k3w4ct0835cmde6ypo,5495b58d5a64ffb3d216d60b,3,6,kvasir-seg::cju7aklv31h4309871m29l4e7
train,kvasir-seg::cju1f15k3w4ct0835cmde6ypo,e88ba86c07aaaa387a401c30,4,6,kvasir-seg::cju7aklv31h4309871m29l4e7
train,kvasir-seg::cju1f15k3w4ct0835cmde6ypo,eaf5318cc7fd34b9a11c2752,5,6,kvasir-seg::cju7aklv31h4309871m29l4e7
train,kvasir-seg::cju1f15k3w4ct0835cmde6ypo,5ae7ea08a07609f8d194bedf,6,6,kvasir-seg::cju7aklv31h4309871m29l4e7
train,kvasir-seg::cju1f320ewfyu0988ndz6blh5,280c7c244443dbf6188a0a10,0,1,kvasir-seg::cju1c4fcu40hl07992b8gj0c8
train,kvasir-seg::cju1f320ewfyu0988ndz6blh5,6bd351f7cd0add811d22fda9,1,1,kvasir-seg::cju1c4fcu40hl07992b8gj0c8
train,kvasir-seg::cju1f320ewfyu0988ndz6blh5,5634254373c11e908d76bbed,2,1,kvasir-seg::cju1c4fcu40hl07992b8gj0c8
train,kvasir-seg::cju1f320ewfyu0988ndz6blh5,df361bbe47d4dba1394bfe74,3,1,kvasir-seg::cju1c4fcu40hl07992b8gj0c8
train,kvasir-seg::cju1f320ewfyu0988ndz6blh5,8d68bd754e983e24990ec970,4,1,kvasir-seg::cju1c4fcu40hl07992b8gj0c8
train,kvasir-seg::cju1f320ewfyu0988ndz6blh5,28dbcd9e812b6000af03af4a,5,1,kvasir-seg::cju1c4fcu40hl07992b8gj0c8
train,kvasir-seg::cju1f320ewfyu0988ndz6blh5,14384a5d7df8be8a38f9a505,6,1,kvasir-seg::cju1c4fcu40hl07992b8gj0c8
train,kvasir-seg::cju1f5x1164xv08555654c24r,0724e95bc6ab5856253e8ba1,0,1,kvasir-seg::cju1c4fcu40hl07992b8gj0c8
train,kvasir-seg::cju1f5x1164xv08555654c24r,aabac7545b639797c0c41d29,1,1,kvasir-seg::cju1c4fcu40hl07992b8gj0c8
train,kvasir-seg::cju1f5x1164xv08555654c24r,b1557381a530a8934e179f98,2,1,kvasir-seg::cju1c4fcu40hl07992b8gj0c8
train,kvasir-seg::cju1f5x1164xv08555654c24r,7dd0e56db6bdbf174c945985,3,1,kvasir-seg::cju1c4fcu40hl07992b8gj0c8
train,kvasir-seg::cju1f5x1164xv08555654c24r,dab32b650c67041cb82d82d2,4,1,kvasir-seg::cju1c4fcu40hl07992b8gj0c8
train,kvasir-seg::cju1f5x1164xv08555654c24r,5322d9134245f8414173234e,5,1,kvasir-seg::cju1c4fcu40hl07992b8gj0c8
train,kvasir-seg::cju1f5x1164xv08555654c24r,7c0c5be03e4fec645dd66b4c,6,1,kvasir-seg::cju1c4fcu40hl07992b8gj0c8
train,kvasir-seg::cju1f79yhsb5w0993txub59ol,d9acb00a58154185c1a83111,0,1,kvasir-seg::cju1c4fcu40hl07992b8gj0c8
train,kvasir-seg::cju1f79yhsb5w0993txub59ol,2b59d3dd3da6512249f2dd81,1,1,kvasir-seg::cju1c4fcu40hl07992b8gj0c8
train,kvasir-seg::cju1f79yhsb5w0993txub59ol,139694d52ee334eb840112b6,2,1,kvasir-seg::cju1c4fcu40hl07992b8gj0c8
train,kvasir-seg::cju1f79yhsb5w0993txub59ol,38bf867cd4774129977fc739,3,1,kvasir-seg::cju1c4fcu40hl07992b8gj0c8
train,kvasir-seg::cju1f79yhsb5w0993txub59ol,572fa0c785bcccb2504d7d97,4,1,kvasir-seg::cju1c4fcu40hl07992b8gj0c8
train,kvasir-seg::cju1f79yhsb5w0993txub59ol,8997e1bd1651a247fc0d4619,5,1,kvasir-seg::cju1c4fcu40hl07992b8gj0c8
train,kvasir-seg::cju1f79yhsb5w0993txub59ol,9d1ffb03dc0639e247d70582,6,1,kvasir-seg::cju1c4fcu40hl07992b8gj0c8
train,kvasir-seg::cju1f8w0t65en0799m9oacq0q,793cb7a430d1b8c131f4f30b,0,6,kvasir-seg::cju7aklv31h4309871m29l4e7
train,kvasir-seg::cju1f8w0t65en0799m9oacq0q,af3a0106a112d9239b5f4bb3,1,6,kvasir-seg::cju7aklv31h4309871m29l4e7
train,kvasir-seg::cju1f8w0t65en0799m9oacq0q,99cbb3629d96c5e56879d5a4,2,6,kvasir-seg::cju7aklv31h4309871m29l4e7
train,kvasir-seg::cju1f8w0t65en0799m9oacq0q,e0a3d87a1a43d31453477746,3,6,kvasir-seg::cju7aklv31h4309871m29l4e7
train,kvasir-seg::cju1f8w0t65en0799m9oacq0q,576ca7a75375e7ff20ec9b2f,4,6,kvasir-seg::cju7aklv31h4309871m29l4e7
train,kvasir-seg::cju1f8w0t65en0799m9oacq0q,36f203f344b5ff9b80497764,5,6,kvasir-seg::cju7aklv31h4309871m29l4e7
train,kvasir-seg::cju1f8w0t65en0799m9oacq0q,cfe9f5bd1b812f2c6c6d28d7,6,6,kvasir-seg::cju7aklv31h4309871m29l4e7
train,kvasir-seg::cju1ffnjn6ctm08015perkg37,f7dbdbdc2301d1dc08a510bd,0,1,kvasir-seg::cju1c4fcu40hl07992b8gj0c8
train,kvasir-seg::cju1ffnjn6ctm08015perkg37,fb023dc63c5a3b7b8ad19c98,1,1,kvasir-seg::cju1c4fcu40hl07992b8gj0c8
train,kvasir-seg::cju1ffnjn6ctm08015perkg37,0dab9c7029d81492fe60fae1,2,1,kvasir-seg::cju1c4fcu40hl07992b8gj0c8
train,kvasir-seg::cju1ffnjn6ctm08015perkg37,653a58a5742f824e66fc2d54,3,1,kvasir-seg::cju1c4fcu40hl07992b8gj0c8
train,kvasir-seg::cju1ffnjn6ctm08015perkg37,7b5de8e6943f8bcceb91033b,4,1,kvasir-seg::cju1c4fcu40hl07992b8gj0c8
train,kvasir-seg::cju1ffnjn6ctm08015perkg37,d35b2122beed87cf22930bdd,5,1,kvasir-seg::cju1c4fcu40hl07992b8gj0c8
train,kvasir-seg::cju1ffnjn6ctm08015perkg37,f794d931accae04506116249,6,1,kvasir-seg::cju1c4fcu40hl07992b8gj0c8
train,kvasir-seg::cju1fj6axwfp30835ukhuzhw9,601ca10f6f216f29dc7133c3,0,1,kvasir-seg::cju1c4fcu40hl07992b8gj0c8
train,kvasir-seg::cju1fj6axwfp30835ukhuzhw9,64ee9a18088b2a773e881f86,1,1,kvasir-seg::cju1c4fcu40hl07992b8gj0c8
train,kvasir-seg::cju1fj6axwfp30835ukhuzhw9,35f289111680fa3af11cfa32,2,1,kvasir-seg::cju1c4fcu40hl07992b8gj0c8
train,kvasir-seg::cju1fj6axwfp30835ukhuzhw9,a90e979a3399d49d07433486,3,1,kvasir-seg::cju1c4fcu40hl07992b8gj0c8
train,kvasir-seg::cju1fj6axwfp30835ukhuzhw9,ec94f018ed0e6b078a4333f1,4,1,kvasir-seg::cju1c4fcu40hl07992b8gj0c8
train,kvasir-seg::cju1fj6axwfp30835ukhuzhw9,015fa16f6c9fe1daf6e20de5,5,1,kvasir-seg::cju1c4fcu40hl07992b8gj0c8
train,kvasir-seg::cju1fj6axwfp30835ukhuzhw9,799df10e220b06bf4e7cd722,6,1,kvasir-seg::cju1c4fcu40hl07992b8gj0c8
train,kvasir-seg::cju1fjsb4sipq09931lvd8e41,a27042aa35ccd676c4951650,0,1,kvasir-seg::cju1c4fcu40hl07992b8gj0c8
train,kvasir-seg::cju1fjsb4sipq09931lvd8e41,eaaf72da38b168fb9383e261,1,1,kvasir-seg::cju1c4fcu40hl07992b8gj0c8
train,kvasir-seg::cju1fjsb4sipq09931lvd8e41,da0ce6d1482195fc29933756,2,1,kvasir-seg::cju1c4fcu40hl07992b8gj0c8
train,kvasir-seg::cju1fjsb4sipq09931lvd8e41,bfaccf466ee753718bf76a3d,3,1,kvasir-seg::cju1c4fcu40hl07992b8gj0c8
train,kvasir-seg::cju1fjsb4sipq09931lvd8e41,3de1b06af3102ef232299085,4,1,kvasir-seg::cju1c4fcu40hl07992b8gj0c8
train,kvasir-seg::cju1fjsb4sipq09931lvd8e41,25b000bdacd188a41c7eeb60,5,1,kvasir-seg::cju1c4fcu40hl07992b8gj0c8
train,kvasir-seg::cju1fjsb4sipq09931lvd8e41,05cd8e360a905bb55de06307,6,1,kvasir-seg::cju1c4fcu40hl07992b8gj0c8
train,kvasir-seg::cju1fm3id6gl50801r3fok20c,d77af36dc6013a6f90a163d0,0,1,kvasir-seg::cju1c4fcu40hl07992b8gj0c8
train,kvasir-seg::cju1fm3id6gl50801r3fok20c,c9bd23abdfbc82f530f41c78,1,1,kvasir-seg::cju1c4fcu40hl07992b8gj0c8
train,kvasir-seg::cju1fm3id6gl50801r3fok20c,a76d8f39fa67d86846d759f1,2,1,kvasir-seg::cju1c4fcu40hl07992b8gj0c8
train,kvasir-seg::cju1fm3id6gl50801r3fok20c,8dc52def6ee7387d7e103f85,3,1,kvasir-seg::cju1c4fcu40hl07992b8gj0c8
train,kvasir-seg::cju1fm3id6gl50801r3fok20c,c4181d294477352638c962f0,4,1,kvasir-seg::cju1c4fcu40hl07992b8gj0c8
train,kvasir-seg::cju1fm3id6gl50801r3fok20c,ec7a6b62d7ee639b59e95775,5,1,kvasir-seg::cju1c4fcu40hl07992b8gj0c8
train,kvasir-seg::cju1fm3id6gl50801r3fok20c,b109bde0a6c25318cc2c8bac,6,1,kvasir-seg::cju1c4fcu40hl07992b8gj0c8
train,kvasir-seg::cju1fr4etsmrr09933u4t4aql,1104e4dbbb52df6d5cd26da5,0,1,kvasir-seg::cju1c4fcu40hl07992b8gj0c8
train,kvasir-seg::cju1fr4etsmrr09933u4t4aql,01eb0f1057506c3bdeb5dc21,1,1,kvasir-seg::cju1c4fcu40hl07992b8gj0c8
train,kvasir-seg::cju1fr4etsmrr09933u4t4aql,db191b9f2b4197a19e45fa96,2,1,kvasir-seg::cju1c4fcu40hl07992b8gj0c8
train,kvasir-seg::cju1fr4etsmrr09933u4t4aql,93666578b309ee3bff63aa14,3,1,kvasir-seg::cju1c4fcu40hl07992b8gj0c8
train,kvasir-seg::cju1fr4etsmrr09933u4t4aql,77c9532117f321d7ee387464,4,1,kvasir-seg::cju1c4fcu40hl07992b8gj0c8
train,kvasir-seg::cju1fr4etsmrr09933u4t4aql,259bfab38cb532475634cd5c,5,1,kvasir-seg::cju1c4fcu40hl07992b8gj0c8
train,kvasir-seg::cju1fr4etsmrr09933u4t4aql,ab487049ee686880bfa56c69,6,1,kvasir-seg::cju1c4fcu40hl07992b8gj0c8
train,kvasir-seg::cju1fuoa4wmc50835qfd11sp9,9a8e12e75a5fae54f7e823af,0,6,kvasir-seg::cju7aklv31h4309871m29l4e7
train,kvasir-seg::cju1fuoa4wmc50835qfd11sp9,aa813303fb445f82929fb5f3,1,6,kvasir-seg::cju7aklv31h4309871m29l4e7
train,kvasir-seg::cju1fuoa4wmc50835qfd11sp9,e6ce76a11a1d50b39aa570c1,2,6,kvasir-seg::cju7aklv31h4309871m29l4e7
train,kvasir-seg::cju1fuoa4wmc50835qfd11sp9,78ed4fec2eaea7b2452831f1,3,6,kvasir-seg::cju7aklv31h4309871m29l4e7
train,kvasir-seg::cju1fuoa4wmc50835qfd11sp9,40b1aff1ab5e2f25e88033d4,4,6,kvasir-seg::cju7aklv31h4309871m29l4e7
train,kvasir-seg::cju1fuoa4wmc50835qfd11sp9,6962db6493638a9f5f540074,5,6,kvasir-seg::cju7aklv31h4309871m29l4e7
train,kvasir-seg::cju1fuoa4wmc50835qfd11sp9,3d0a23b5bbaed75229701a83,6,6,kvasir-seg::cju7aklv31h4309871m29l4e7
train,kvasir-seg::cju1g20bdwq6u0835e16xugcd,ed28703c85dd92fc0d5cb1c4,0,6,kvasir-seg::cju7aklv31h4309871m29l4e7
train,kvasir-seg::cju1g20bdwq6u0835e16xugcd,e6ea11bd7a5e247d8a4c4477,1,6,kvasir-seg::cju7aklv31h4309871m29l4e7
train,kvasir-seg::cju1g20bdwq6u0835e16xugcd,e4f1e032187563e1638090af,2,6,kvasir-seg::cju7aklv31h4309871m29l4e7
train,kvasir-seg::cju1g20bdwq6u0835e16xugcd,ee43c8c2343719ccd522a840,3,6,kvasir-seg::cju7aklv31h4309871m29l4e7
train,kvasir-seg::cju1g20bdwq6u0835e16xugcd,fe7d06e968bbd0423c087a32,4,6,kvasir-seg::cju7aklv31h4309871m29l4e7
train,kvasir-seg::cju1g20bdwq6u0835e16xugcd,d1757cb7f328414a70cbf993,5,6,kvasir-seg::cju7aklv31h4309871m29l4e7
train,kvasir-seg::cju1g20bdwq6u0835e16xugcd,b4a926609393244ca70082c0,6,6,kvasir-seg::cju7aklv31h4309871m29l4e7
train,kvasir-seg::cju1g4nsb6ngy0799l4ezm8ab,2ca04f322a9fbe73a6e99341,0,2,kvasir-seg::cju2pmhtr17a00855cvpelzb0
train,kvasir-seg::cju1g4nsb6ngy0799l4ezm8ab,e8d5f6c3a01edbdd8f0b4de0,1,2,kvasir-seg::cju2pmhtr17a00855cvpelzb0
train,kvasir-seg::cju1g4nsb6ngy0799l4ezm8ab,b7163b3a84c2c747ea9e4e9b,2,2,kvasir-seg::cju2pmhtr17a00855cvpelzb0
train,kvasir-seg::cju1g4nsb6ngy0799l4ezm8ab,04aaa62b6b9b984c670d2bc5,3,2,kvasir-seg::cju2pmhtr17a00855cvpelzb0
train,kvasir-seg::cju1g4nsb6ngy0799l4ezm8ab,aefce0845b5b7c4101900605,4,2,kvasir-seg::cju2pmhtr17a00855cvpelzb0
train,kvasir-seg::cju1g4nsb6ngy0799l4ezm8ab,9596844062ce9f2d747be147,5,2,kvasir-seg::cju2pmhtr17a00855cvpelzb0
train,kvasir-seg::cju1g4nsb6ngy0799l4ezm8ab,cd785156e2ae34ce5e9b2998,6,2,kvasir-seg::cju2pmhtr17a00855cvpelzb0
train,kvasir-seg::cju1gghyjwxt80835vx0wgxw0,23e23ff0d386e42bb5a39f89,0,6,kvasir-seg::cju7aklv31h4309871m29l4e7
train,kvasir-seg::cju1gghyjwxt80835vx0wgxw0,b7f0bc143581f214876b0824,1,6,kvasir-seg::cju7aklv31h4309871m29l4e7
train,kvasir-seg::cju1gghyjwxt80835vx0wgxw0,36773d3ee812b562b63edb73,2,6,kvasir-seg::cju7aklv31h4309871m29l4e7
train,kvasir-seg::cju1gghyjwxt80835vx0wgxw0,15db9a4a1330356f9ddd2979,3,6,kvasir-seg::cju7aklv31h4309871m29l4e7
train,kvasir-seg::cju1gghyjwxt80835vx0wgxw0,7b6c8a86ccd8a71446e312a8,4,6,kvasir-seg::cju7aklv31h4309871m29l4e7
train,kvasir-seg::cju1gghyjwxt80835vx0wgxw0,78308cc9813c7dbceb2ea178,5,6,kvasir-seg::cju7aklv31h4309871m29l4e7
train,kvasir-seg::cju1gghyjwxt80835vx0wgxw0,b0eb5199e02df456ee974154,6,6,kvasir-seg::cju7aklv31h4309871m29l4e7
train,kvasir-seg::cju1gi7jlwyld0835cdf6g6qz,b7a40146aff859849118613c,0,1,kvasir-seg::cju1c4fcu40hl07992b8gj0c8
train,kvasir-seg::cju1gi7jlwyld0835cdf6g6qz,a4af3365c70ff2be11c264d8,1,1,kvasir-seg::cju1c4fcu40hl07992b8gj0c8
train,kvasir-seg::cju1gi7jlwyld0835cdf6g6qz,b5384f68585549dda80cdc69,2,1,kvasir-seg::cju1c4fcu40hl07992b8gj0c8
train,kvasir-seg::cju1gi7jlwyld0835cdf6g6qz,15e24e605588b3209c306d4c,3,1,kvasir-seg::cju1c4fcu40hl07992b8gj0c8
train,kvasir-seg::cju1gi7jlwyld0835cdf6g6qz,4a24950811e47c9101141188,4,1,kvasir-seg::cju1c4fcu40hl07992b8gj0c8
train,kvasir-seg::cju1gi7jlwyld0835cdf6g6qz,167c73fc8f117338953786ad,5,1,kvasir-seg::cju1c4fcu40hl07992b8gj0c8
train,kvasir-seg::cju1gi7jlwyld0835cdf6g6qz,e9470e7b3c1f1d07736cae5a,6,1,kvasir-seg::cju1c4fcu40hl07992b8gj0c8
train,kvasir-seg::cju1gkndf6yi10801o1qnje19,0417e256439eadd982a868a6,0,1,kvasir-seg::cju1c4fcu40hl07992b8gj0c8
train,kvasir-seg::cju1gkndf6yi10801o1qnje19,d5e1c1fa894e92e8e92a87eb,1,1,kvasir-seg::cju1c4fcu40hl07992b8gj0c8
train,kvasir-seg::cju1gkndf6yi10801o1qnje19,103c0cc9f1586d7014922b7c,2,1,kvasir-seg::cju1c4fcu40hl07992b8gj0c8
train,kvasir-seg::cju1gkndf6yi10801o1qnje19,3fdfef54ab72d76055fd9479,3,1,kvasir-seg::cju1c4fcu40hl07992b8gj0c8
train,kvasir-seg::cju1gkndf6yi10801o1qnje19,d7a8bacf37173158c16869d6,4,1,kvasir-seg::cju1c4fcu40hl07992b8gj0c8
train,kvasir-seg::cju1gkndf6yi10801o1qnje19,38306c0e90d47c189521fc3d,5,1,kvasir-seg::cju1c4fcu40hl07992b8gj0c8
train,kvasir-seg::cju1gkndf6yi10801o1qnje19,e44cb969938448436f5f234c,6,1,kvasir-seg::cju1c4fcu40hl07992b8gj0c8
train,kvasir-seg::cju1h5w4wxajx0835mc954kxy,27f30492da4b64b1b21d7734,0,1,kvasir-seg::cju1c4fcu40hl07992b8gj0c8
train,kvasir-seg::cju1h5w4wxajx0835mc954kxy,16cf15c478b714465c453b45,1,1,kvasir-seg::cju1c4fcu40hl07992b8gj0c8
train,kvasir-seg::cju1h5w4wxajx0835mc954kxy,c00b8d6275125d0434454fb6,2,1,kvasir-seg::cju1c4fcu40hl07992b8gj0c8
train,kvasir-seg::cju1h5w4wxajx0835mc954kxy,6b9c261899bf840d454af4fc,3,1,kvasir-seg::cju1c4fcu40hl07992b8gj0c8
train,kvasir-seg::cju1h5w4wxajx0835mc954kxy,94005ac4ca97c514a4516057,4,1,kvasir-seg::cju1c4fcu40hl07992b8gj0c8
train,kvasir-seg::cju1h5w4wxajx0835mc954kxy,bcd181267fc65930a635b6d7,5,1,kvasir-seg::cju1c4fcu40hl07992b8gj0c8
train,kvasir-seg::cju1h5w4wxajx0835mc954kxy,8935336719776d28fa5bd854,6,1,kvasir-seg::cju1c4fcu40hl07992b8gj0c8
train,kvasir-seg::cju1h89h6xbnx08352k2790o9,00dcdd819f56115c002f9ab4,0,2,kvasir-seg::cju2pmhtr17a00855cvpelzb0
train,kvasir-seg::cju1h89h6xbnx08352k2790o9,4f4c7f5f80688ed1dd670b52,1,2,kvasir-seg::cju2pmhtr17a00855cvpelzb0
train,kvasir-seg::cju1h89h6xbnx08352k2790o9,e89c8e9baf789b0b72df273a,2,2,kvasir-seg::cju2pmhtr17a00855cvpelzb0
train,kvasir-seg::cju1h89h6xbnx08352k2790o9,65d78de3e8ade0306399d5c1,3,2,kvasir-seg::cju2pmhtr17a00855cvpelzb0
train,kvasir-seg::cju1h89h6xbnx08352k2790o9,9f2660f8b0424110be7f1aed,4,2,kvasir-seg::cju2pmhtr17a00855cvpelzb0
train,kvasir-seg::cju1h89h6xbnx08352k2790o9,0949ef391c908c281b47b02a,5,2,kvasir-seg::cju2pmhtr17a00855cvpelzb0
train,kvasir-seg::cju1h89h6xbnx08352k2790o9,f079f013f1b08702f62f78fc,6,2,kvasir-seg::cju2pmhtr17a00855cvpelzb0
train,kvasir-seg::cju1haab178i70799tk9z8y8x,c7304bcc7a74e5dbbde2e373,0,6,kvasir-seg::cju7aklv31h4309871m29l4e7
train,kvasir-seg::cju1haab178i70799tk9z8y8x,8c06da6e02faf2ebaf0e73ec,1,6,kvasir-seg::cju7aklv31h4309871m29l4e7
train,kvasir-seg::cju1haab178i70799tk9z8y8x,45eadcf389f3f051897ab981,2,6,kvasir-seg::cju7aklv31h4309871m29l4e7
train,kvasir-seg::cju1haab178i70799tk9z8y8x,fa9e27028eb0b0e992df6f0a,3,6,kvasir-seg::cju7aklv31h4309871m29l4e7
train,kvasir-seg::cju1haab178i70799tk9z8y8x,c7101dfa56a4dfc619673502,4,6,kvasir-seg::cju7aklv31h4309871m29l4e7
train,kvasir-seg::cju1haab178i70799tk9z8y8x,4be0e39b2720cadfe6ece1aa,5,6,kvasir-seg::cju7aklv31h4309871m29l4e7
train,kvasir-seg::cju1haab178i70799tk9z8y8x,df043afcb1ef6d962f58967c,6,6,kvasir-seg::cju7aklv31h4309871m29l4e7
train,kvasir-seg::cju1hhj6mxfp90835n3wofrap,41ab03d25217af82c4853daa,0,1,kvasir-seg::cju1c4fcu40hl07992b8gj0c8
train,kvasir-seg::cju1hhj6mxfp90835n3wofrap,ecf49a881deda5d9f88321a5,1,1,kvasir-seg::cju1c4fcu40hl07992b8gj0c8
train,kvasir-seg::cju1hhj6mxfp90835n3wofrap,984402ae7e6e8653cc704089,2,1,kvasir-seg::cju1c4fcu40hl07992b8gj0c8
train,kvasir-seg::cju1hhj6mxfp90835n3wofrap,a4f13d085fe9943374a79ea8,3,1,kvasir-seg::cju1c4fcu40hl07992b8gj0c8
train,kvasir-seg::cju1hhj6mxfp90835n3wofrap,25281705bb5656b54d403f31,4,1,kvasir-seg::cju1c4fcu40hl07992b8gj0c8
train,kvasir-seg::cju1hhj6mxfp90835n3wofrap,3c9c5bd162990ffe994e6676,5,1,kvasir-seg::cju1c4fcu40hl07992b8gj0c8
train,kvasir-seg::cju1hhj6mxfp90835n3wofrap,cfb9cb2b09f12de63f1f4eeb,6,1,kvasir-seg::cju1c4fcu40hl07992b8gj0c8
train,kvasir-seg::cju1hmff8tkp809931jps6fbr,198de2e4a52051289c23ea39,0,1,kvasir-seg::cju1c4fcu40hl07992b8gj0c8
train,kvasir-seg::cju1hmff8tkp809931jps6fbr,d9080ca015937983c4e15b17,1,1,kvasir-seg::cju1c4fcu40hl07992b8gj0c8
train,kvasir-seg::cju1hmff8tkp809931jps6fbr,271c4931aa680ae6443e6c36,2,1,kvasir-seg::cju1c4fcu40hl07992b8gj0c8
train,kvasir-seg::cju1hmff8tkp809931jps6fbr,b6d64bcca672bcf2be378f59,3,1,kvasir-seg::cju1c4fcu40hl07992b8gj0c8
train,kvasir-seg::cju1hmff8tkp809931jps6fbr,9bd9523386c489ef2c0c2b8b,4,1,kvasir-seg::cju1c4fcu40hl07992b8gj0c8
train,kvasir-seg::cju1hmff8tkp809931jps6fbr,80acc3419d378b4e6339af8a,5,1,kvasir-seg::cju1c4fcu40hl07992b8gj0c8
train,kvasir-seg::cju1hmff8tkp809931jps6fbr,b37040736ea86fa6df459492,6,1,kvasir-seg::cju1c4fcu40hl07992b8gj0c8
train,kvasir-seg::cju1hp9i2xu8e0988u2dazk7m,c1ff3e2b820ab9f4670006a1,0,2,kvasir-seg::cju2pmhtr17a00855cvpelzb0
train,kvasir-seg::cju1hp9i2xu8e0988u2dazk7m,1d9ea6982f085b4a1dffaa24,1,2,kvasir-seg::cju2pmhtr17a00855cvpelzb0
train,kvasir-seg::cju1hp9i2xu8e0988u2dazk7m,accc2d180b4049a1d50813e1,2,2,kvasir-seg::cju2pmhtr17a00855cvpelzb0
train,kvasir-seg::cju1hp9i2xu8e0988u2dazk7m,1fdd6a1096d9659221ceb1b8,3,2,kvasir-seg::cju2pmhtr17a00855cvpelzb0
train,kvasir-seg::cju1hp9i2xu8e0988u2dazk7m,a3432e7910027de63c0be7a5,4,2,kvasir-seg::cju2pmhtr17a00855cvpelzb0
train,kvasir-seg::cju1hp9i2xu8e0988u2dazk7m,91db67f67ced343f974ad4e2,5,2,kvasir-seg::cju2pmhtr17a00855cvpelzb0
train,kvasir-seg::cju1hp9i2xu8e0988u2dazk7m,7a858c1a31e2d94ea095c029,6,2,kvasir-seg::cju2pmhtr17a00855cvpelzb0
train,kvasir-seg::cju1hs0za7jha0855vj0mdrjt,b8a3feb16a819068bdf6dac2,0,6,kvasir-seg::cju7aklv31h4309871m29l4e7
train,kvasir-seg::cju1hs0za7jha0855vj0mdrjt,81a0ae4b9ff55e7c4c5ee586,1,6,kvasir-seg::cju7aklv31h4309871m29l4e7
train,kvasir-seg::cju1hs0za7jha0855vj0mdrjt,948514228efd242dce72ab9d,2,6,kvasir-seg::cju7aklv31h4309871m29l4e7
train,kvasir-seg::cju1hs0za7jha0855vj0mdrjt,fa097b561496fbd85700a607,3,6,kvasir-seg::cju7aklv31h4309871m29l4e7
train,kvasir-seg::cju1hs0za7jha0855vj0mdrjt,272d3642639c9a74c21c9ad1,4,6,kvasir-seg::cju7aklv31h4309871m29l4e7
train,kvasir-seg::cju1hs0za7jha0855vj0mdrjt,f8bafd9503490f067b9ba544,5,6,kvasir-seg::cju7aklv31h4309871m29l4e7
train,kvasir-seg::cju1hs0za7jha0855vj0mdrjt,fa1d5993ab5048c61693bb27,6,6,kvasir-seg::cju7aklv31h4309871m29l4e7
train,kvasir-seg::cju1hyolc7aqu0878rrkfn1lr,4bf574f965044f8554b93a16,0,5,kvasir-seg::cju5cu8qkb84x08186jwo8yin
train,kvasir-seg::cju1hyolc7aqu0878rrkfn1lr,fd071a67bac3840d7436af9e,1,1,kvasir-seg::cju1c4fcu40hl07992b8gj0c8
train,kvasir-seg::cju1hyolc7aqu0878rrkfn1lr,f4592d956780ed1b942a6aa2,2,1,kvasir-seg::cju1c4fcu40hl07992b8gj0c8
train,kvasir-seg::cju1hyolc7aqu0878rrkfn1lr,cdb5b2bf049430091a4c584f,3,1,kvasir-seg::cju1c4fcu40hl07992b8gj0c8
train,kvasir-seg::cju1hyolc7aqu0878rrkfn1lr,86fcc2174abd357024bae6c4,4,1,kvasir-seg::cju1c4fcu40hl07992b8gj0c8
train,kvasir-seg::cju1hyolc7aqu0878rrkfn1lr,76821780bdc3972f62759825,5,1,kvasir-seg::cju1c4fcu40hl07992b8gj0c8
train,kvasir-seg::cju1hyolc7aqu0878rrkfn1lr,40405443f6d7dc528436e1ec,6,1,kvasir-seg::cju1c4fcu40hl07992b8gj0c8
train,kvasir-seg::cju2hdr06v2bq0799mbm3bks1,b23bf24614c539a8e7bd7e3f,0,1,kvasir-seg::cju1c4fcu40hl07992b8gj0c8
train,kvasir-seg::cju2hdr06v2bq0799mbm3bks1,9fb650da1596482183552243,1,1,kvasir-seg::cju1c4fcu40hl07992b8gj0c8
train,kvasir-seg::cju2hdr06v2bq0799mbm3bks1,d59fcbf8fafe2132e1e18a6b,2,1,kvasir-seg::cju1c4fcu40hl07992b8gj0c8
train,kvasir-seg::cju2hdr06v2bq0799mbm3bks1,ad067b4bce53f06d9c7146d2,3,1,kvasir-seg::cju1c4fcu40hl07992b8gj0c8
train,kvasir-seg::cju2hdr06v2bq0799mbm3bks1,4fc9cfed6bfcdce9318265d9,4,1,kvasir-seg::cju1c4fcu40hl07992b8gj0c8
train,kvasir-seg::cju2hdr06v2bq0799mbm3bks1,a55269107e88e4ff5500352e,5,1,kvasir-seg::cju1c4fcu40hl07992b8gj0c8
train,kvasir-seg::cju2hdr06v2bq0799mbm3bks1,9ca1eb7da292e363a934bd53,6,1,kvasir-seg::cju1c4fcu40hl07992b8gj0c8
train,kvasir-seg::cju2hewssldzx0835ep795xu0,9fb91a6a7ed9b2a1a7e6b15b,0,6,kvasir-seg::cju7aklv31h4309871m29l4e7
train,kvasir-seg::cju2hewssldzx0835ep795xu0,17627ad4089e007b30d579ac,1,6,kvasir-seg::cju7aklv31h4309871m29l4e7
train,kvasir-seg::cju2hewssldzx0835ep795xu0,5672c3eb48825037c794aafb,2,6,kvasir-seg::cju7aklv31h4309871m29l4e7
train,kvasir-seg::cju2hewssldzx0835ep795xu0,9926ca1cf9b4e91ff169704f,3,6,kvasir-seg::cju7aklv31h4309871m29l4e7
train,kvasir-seg::cju2hewssldzx0835ep795xu0,c7b18fa6b87eaa82941b85fd,4,6,kvasir-seg::cju7aklv31h4309871m29l4e7
train,kvasir-seg::cju2hewssldzx0835ep795xu0,ac0547a9ff583a454b49c0a3,5,6,kvasir-seg::cju7aklv31h4309871m29l4e7
train,kvasir-seg::cju2hewssldzx0835ep795xu0,dcb1bc9f0953e825b1b630e5,6,6,kvasir-seg::cju7aklv31h4309871m29l4e7
train,kvasir-seg::cju2hfqnmhisa0993gpleeldd,8d2056e363d3a7d002c5ba59,0,1,kvasir-seg::cju1c4fcu40hl07992b8gj0c8
train,kvasir-seg::cju2hfqnmhisa0993gpleeldd,28afeb306ec86025501d68c1,1,1,kvasir-seg::cju1c4fcu40hl07992b8gj0c8
train,kvasir-seg::cju2hfqnmhisa0993gpleeldd,f790499e59b2716baf9ed53d,2,1,kvasir-seg::cju1c4fcu40hl07992b8gj0c8
train,kvasir-seg::cju2hfqnmhisa0993gpleeldd,662abdca5843a63ffba9c2ef,3,1,kvasir-seg::cju1c4fcu40hl07992b8gj0c8
train,kvasir-seg::cju2hfqnmhisa0993gpleeldd,b775433779e56555f1b2f080,4,1,kvasir-seg::cju1c4fcu40hl07992b8gj0c8
train,kvasir-seg::cju2hfqnmhisa0993gpleeldd,a89e1bde4cbd6757e4f4fe03,5,1,kvasir-seg::cju1c4fcu40hl07992b8gj0c8
train,kvasir-seg::cju2hfqnmhisa0993gpleeldd,8ea2635365f95806b3df1ecc,6,1,kvasir-seg::cju1c4fcu40hl07992b8gj0c8
train,kvasir-seg::cju2hgsptlfam0835o3b59h1o,6f90ef33fdc097a661ad786d,0,1,kvasir-seg::cju1c4fcu40hl07992b8gj0c8
train,kvasir-seg::cju2hgsptlfam0835o3b59h1o,3ba664c94f52a16cee116108,1,1,kvasir-seg::cju1c4fcu40hl07992b8gj0c8
train,kvasir-seg::cju2hgsptlfam0835o3b59h1o,0913c60df7a69558e11ee8b0,2,1,kvasir-seg::cju1c4fcu40hl07992b8gj0c8
train,kvasir-seg::cju2hgsptlfam0835o3b59h1o,c6ba29cba8c134fa26e04dea,3,1,kvasir-seg::cju1c4fcu40hl07992b8gj0c8
train,kvasir-seg::cju2hgsptlfam0835o3b59h1o,5d933420d1e0224761a054f9,4,1,kvasir-seg::cju1c4fcu40hl07992b8gj0c8
train,kvasir-seg::cju2hgsptlfam0835o3b59h1o,357cb1e05e4069fcdb11426f,5,1,kvasir-seg::cju1c4fcu40hl07992b8gj0c8
train,kvasir-seg::cju2hgsptlfam0835o3b59h1o,ef7a47892b4299c02066e4bb,6,1,kvasir-seg::cju1c4fcu40hl07992b8gj0c8
train,kvasir-seg::cju2hjrqcvi2j0801bx1i6gxg,9fceef812bfe846a02511552,0,1,kvasir-seg::cju1c4fcu40hl07992b8gj0c8
train,kvasir-seg::cju2hjrqcvi2j0801bx1i6gxg,cf4cca84823776e1e04d1b54,1,1,kvasir-seg::cju1c4fcu40hl07992b8gj0c8
train,kvasir-seg::cju2hjrqcvi2j0801bx1i6gxg,d69526ec3ac34c9419637abb,2,1,kvasir-seg::cju1c4fcu40hl07992b8gj0c8
train,kvasir-seg::cju2hjrqcvi2j0801bx1i6gxg,d11efc076c580ee6c514c3d4,3,1,kvasir-seg::cju1c4fcu40hl07992b8gj0c8
train,kvasir-seg::cju2hjrqcvi2j0801bx1i6gxg,19b8b5c436ddf0601d2fb6a7,4,1,kvasir-seg::cju1c4fcu40hl07992b8gj0c8
train,kvasir-seg::cju2hjrqcvi2j0801bx1i6gxg,cd22549b33727435146a50c6,5,1,kvasir-seg::cju1c4fcu40hl07992b8gj0c8
train,kvasir-seg::cju2hjrqcvi2j0801bx1i6gxg,bac02e9484b8d62f7f3e611c,6,1,kvasir-seg::cju1c4fcu40hl07992b8gj0c8
train,kvasir-seg::cju2hlm19vjjf0801o69qnber,55173bc2139f44b15261f58a,0,1,kvasir-seg::cju1c4fcu40hl07992b8gj0c8
train,kvasir-seg::cju2hlm19vjjf0801o69qnber,52ee6308302bf765e5c30606,1,1,kvasir-seg::cju1c4fcu40hl07992b8gj0c8
train,kvasir-seg::cju2hlm19vjjf0801o69qnber,19749dcc0e8fa26bb09a4f65,2,1,kvasir-seg::cju1c4fcu40hl07992b8gj0c8
train,kvasir-seg::cju2hlm19vjjf0801o69qnber,d358a54720c0d2904c024f70,3,1,kvasir-seg::cju1c4fcu40hl07992b8gj0c8
train,kvasir-seg::cju2hlm19vjjf0801o69qnber,16f547ba54e317e0ee46e4e8,4,1,kvasir-seg::cju1c4fcu40hl07992b8gj0c8
train,kvasir-seg::cju2hlm19vjjf0801o69qnber,82f43d9d64c045962bdc147b,5,1,kvasir-seg::cju1c4fcu40hl07992b8gj0c8
train,kvasir-seg::cju2hlm19vjjf0801o69qnber,b924faf50f19f5a2921c0be0,6,1,kvasir-seg::cju1c4fcu40hl07992b8gj0c8
train,kvasir-seg::cju2hos57llxm08359g92p6jj,f4d5c7036d3e97f00ea18ff9,0,6,kvasir-seg::cju7aklv31h4309871m29l4e7
train,kvasir-seg::cju2hos57llxm08359g92p6jj,84deaa135886e50124ece9e4,1,6,kvasir-seg::cju7aklv31h4309871m29l4e7
train,kvasir-seg::cju2hos57llxm08359g92p6jj,138ffd1726ff7c304e72a4da,2,6,kvasir-seg::cju7aklv31h4309871m29l4e7
train,kvasir-seg::cju2hos57llxm08359g92p6jj,98a8311d49270d9324bce9b8,3,6,kvasir-seg::cju7aklv31h4309871m29l4e7
train,kvasir-seg::cju2hos57llxm08359g92p6jj,e3a4989bb3386f80f2264c13,4,6,kvasir-seg::cju7aklv31h4309871m29l4e7
train,kvasir-seg::cju2hos57llxm08359g92p6jj,a133a93f19f9b103ebb4e044,5,6,kvasir-seg::cju7aklv31h4309871m29l4e7
train,kvasir-seg::cju2hos57llxm08359g92p6jj,51ad8005f4e4ce34e8b1c83b,6,6,kvasir-seg::cju7aklv31h4309871m29l4e7
train,kvasir-seg::cju2hqt33lmra0988fr5ijv8j,a3a070c1102ba23f300963d7,0,6,kvasir-seg::cju7aklv31h4309871m29l4e7
train,kvasir-seg::cju2hqt33lmra0988fr5ijv8j,19443cb9fd35ef70586f0f48,1,6,kvasir-seg::cju7aklv31h4309871m29l4e7
train,kvasir-seg::cju2hqt33lmra0988fr5ijv8j,b47aa1876211d434e689daa5,2,6,kvasir-seg::cju7aklv31h4309871m29l4e7
train,kvasir-seg::cju2hqt33lmra0988fr5ijv8j,0e61e1b85fe03664725b4c64,3,6,kvasir-seg::cju7aklv31h4309871m29l4e7
train,kvasir-seg::cju2hqt33lmra0988fr5ijv8j,89317036dbec23bbab0c15e2,4,6,kvasir-seg::cju7aklv31h4309871m29l4e7
train,kvasir-seg::cju2hqt33lmra0988fr5ijv8j,1c6d2ea03540bd3b0c8c7f70,5,6,kvasir-seg::cju7aklv31h4309871m29l4e7
train,kvasir-seg::cju2hqt33lmra0988fr5ijv8j,9a7116097c96acd5d3ff292d,6,6,kvasir-seg::cju7aklv31h4309871m29l4e7
train,kvasir-seg::cju2hugv9vget0799hhk7ksvg,62ed388dbd9b06f445f3eaba,0,1,kvasir-seg::cju1c4fcu40hl07992b8gj0c8
train,kvasir-seg::cju2hugv9vget0799hhk7ksvg,0e04c789c0287ad640be8b9b,1,1,kvasir-seg::cju1c4fcu40hl07992b8gj0c8
train,kvasir-seg::cju2hugv9vget0799hhk7ksvg,f00537e8933645ff6a9044ee,2,1,kvasir-seg::cju1c4fcu40hl07992b8gj0c8
train,kvasir-seg::cju2hugv9vget0799hhk7ksvg,edabb9f6ddd784fb59ef152b,3,1,kvasir-seg::cju1c4fcu40hl07992b8gj0c8
train,kvasir-seg::cju2hugv9vget0799hhk7ksvg,29d6539a9a81f3ae7f45b290,4,1,kvasir-seg::cju1c4fcu40hl07992b8gj0c8
train,kvasir-seg::cju2hugv9vget0799hhk7ksvg,2f3666dbce94054737e4bc1e,5,1,kvasir-seg::cju1c4fcu40hl07992b8gj0c8
train,kvasir-seg::cju2hugv9vget0799hhk7ksvg,6f781432fffa38b711dbc9fb,6,1,kvasir-seg::cju1c4fcu40hl07992b8gj0c8
train,kvasir-seg::cju2hw5gjlr5h0988so2qqres,b75619024971e12c9dbb4084,0,6,kvasir-seg::cju7aklv31h4309871m29l4e7
train,kvasir-seg::cju2hw5gjlr5h0988so2qqres,ff31b81d2200faa4c8b49d6a,1,6,kvasir-seg::cju7aklv31h4309871m29l4e7
train,kvasir-seg::cju2hw5gjlr5h0988so2qqres,ac3f06dbc7648dc8cea3132b,2,6,kvasir-seg::cju7aklv31h4309871m29l4e7
train,kvasir-seg::cju2hw5gjlr5h0988so2qqres,0efb9f83b3f273bd8451f78d,3,6,kvasir-seg::cju7aklv31h4309871m29l4e7
train,kvasir-seg::cju2hw5gjlr5h0988so2qqres,dda900a4dc1a8ac600dba251,4,6,kvasir-seg::cju7aklv31h4309871m29l4e7
train,kvasir-seg::cju2hw5gjlr5h0988so2qqres,c02bb2bfdbe1a04d7287cdaf,5,6,kvasir-seg::cju7aklv31h4309871m29l4e7
train,kvasir-seg::cju2hw5gjlr5h0988so2qqres,9b8b62ccffa7a9a2189fe572,6,6,kvasir-seg::cju7aklv31h4309871m29l4e7
train,kvasir-seg::cju2hx006vidl0799igm81vmh,48c3546ec86e54917a5679d0,0,1,kvasir-seg::cju1c4fcu40hl07992b8gj0c8
train,kvasir-seg::cju2hx006vidl0799igm81vmh,269d6ddba00981446f182334,1,1,kvasir-seg::cju1c4fcu40hl07992b8gj0c8
train,kvasir-seg::cju2hx006vidl0799igm81vmh,c9c9e5b59fa274dd107b6afa,2,1,kvasir-seg::cju1c4fcu40hl07992b8gj0c8
train,kvasir-seg::cju2hx006vidl0799igm81vmh,ee465aa2be58441c6ad8536f,3,1,kvasir-seg::cju1c4fcu40hl07992b8gj0c8
train,kvasir-seg::cju2hx006vidl0799igm81vmh,4b7017e8f5615082f53eaccd,4,1,kvasir-seg::cju1c4fcu40hl07992b8gj0c8
train,kvasir-seg::cju2hx006vidl0799igm81vmh,d0e0f6e7c128bfa7c79d0023,5,1,kvasir-seg::cju1c4fcu40hl07992b8gj0c8
train,kvasir-seg::cju2hx006vidl0799igm81vmh,94fe555c1eea4203b6972e14,6,1,kvasir-seg::cju1c4fcu40hl07992b8gj0c8
train,kvasir-seg::cju2i03ptvkiu0799xbbd4det,63072202ba629fb6ff5b06d7,0,6,kvasir-seg::cju7aklv31h4309871m29l4e7
train,kvasir-seg::cju2i03ptvkiu0799xbbd4det,d345ba46e812816d5dfee707,1,6,kvasir-seg::cju7aklv31h4309871m29l4e7
train,kvasir-seg::cju2i03ptvkiu0799xbbd4det,e02cd9fe06919f39d952e47f,2,6,kvasir-seg::cju7aklv31h4309871m29l4e7
train,kvasir-seg::cju2i03ptvkiu0799xbbd4det,22d70efb399b8da471bb46e1,3,6,kvasir-seg::cju7aklv31h4309871m29l4e7
train,kvasir-seg::cju2i03ptvkiu0799xbbd4det,807d474c5b8b9c7ffbde3de1,4,6,kvasir-seg::cju7aklv31h4309871m29l4e7
train,kvasir-seg::cju2i03ptvkiu0799xbbd4det,8999382efd247d89227bd26a,5,6,kvasir-seg::cju7aklv31h4309871m29l4e7
train,kvasir-seg::cju2i03ptvkiu0799xbbd4det,b64d5390ab5f2b6646cad5ba,6,6,kvasir-seg::cju7aklv31h4309871m29l4e7
train,kvasir-seg::cju2i3hzclw3o0988rrgh911i,c18d8f512780a5c6e95cd4bd,0,1,kvasir-seg::cju1c4fcu40hl07992b8gj0c8
train,kvasir-seg::cju2i3hzclw3o0988rrgh911i,21ecdb4d7ab47aff973212e1,1,1,kvasir-seg::cju1c4fcu40hl07992b8gj0c8
train,kvasir-seg::cju2i3hzclw3o0988rrgh911i,f83aff817a9cbdb53498c4e0,2,1,kvasir-seg::cju1c4fcu40hl07992b8gj0c8
train,kvasir-seg::cju2i3hzclw3o0988rrgh911i,93a5dcfb4b408ccf4afd3ce9,3,1,kvasir-seg::cju1c4fcu40hl07992b8gj0c8
train,kvasir-seg::cju2i3hzclw3o0988rrgh911i,3b91ec6e5f0db26fd524434b,4,1,kvasir-seg::cju1c4fcu40hl07992b8gj0c8
train,kvasir-seg::cju2i3hzclw3o0988rrgh911i,b507947dba32e079c0c79e97,5,1,kvasir-seg::cju1c4fcu40hl07992b8gj0c8
train,kvasir-seg::cju2i3hzclw3o0988rrgh911i,6fe170271f79149c1f371eca,6,1,kvasir-seg::cju1c4fcu40hl07992b8gj0c8
train,kvasir-seg::cju2i8br1vqtd08784u6vmcjk,1795b8825b7125064bd4a857,0,1,kvasir-seg::cju1c4fcu40hl07992b8gj0c8
train,kvasir-seg::cju2i8br1vqtd08784u6vmcjk,77602447ddf4e442c984b301,1,1,kvasir-seg::cju1c4fcu40hl07992b8gj0c8
train,kvasir-seg::cju2i8br1vqtd08784u6vmcjk,9b3cf9733e49a6b3edb540e8,2,1,kvasir-seg::cju1c4fcu40hl07992b8gj0c8
train,kvasir-seg::cju2i8br1vqtd08784u6vmcjk,31f2b5d2ccb658edd850ab2b,3,1,kvasir-seg::cju1c4fcu40hl07992b8gj0c8
train,kvasir-seg::cju2i8br1vqtd08784u6vmcjk,28fa227cba342289d001f68a,4,1,kvasir-seg::cju1c4fcu40hl07992b8gj0c8
train,kvasir-seg::cju2i8br1vqtd08784u6vmcjk,985370eff0c90ef872005b7b,5,1,kvasir-seg::cju1c4fcu40hl07992b8gj0c8
train,kvasir-seg::cju2i8br1vqtd08784u6vmcjk,e2f08fee6dd44ef5f5e6e365,6,1,kvasir-seg::cju1c4fcu40hl07992b8gj0c8
train,kvasir-seg::cju2iatlki5u309930zmgkv6h,013c06915b231699d2312f7e,0,1,kvasir-seg::cju1c4fcu40hl07992b8gj0c8
train,kvasir-seg::cju2iatlki5u309930zmgkv6h,0b278418dbfcd5bce2de0617,1,1,kvasir-seg::cju1c4fcu40hl07992b8gj0c8
train,kvasir-seg::cju2iatlki5u309930zmgkv6h,2774ef26e7f8ee04c7f6025b,2,1,kvasir-seg::cju1c4fcu40hl07992b8gj0c8
train,kvasir-seg::cju2iatlki5u309930zmgkv6h,1865ff6d86602d99812a1ed2,3,1,kvasir-seg::cju1c4fcu40hl07992b8gj0c8
train,kvasir-seg::cju2iatlki5u309930zmgkv6h,fd2c8e80ee7a6c40fbd1d7a8,4,1,kvasir-seg::cju1c4fcu40hl07992b8gj0c8
train,kvasir-seg::cju2iatlki5u309930zmgkv6h,362432054d6f2046b81219d5,5,1,kvasir-seg::cju1c4fcu40hl07992b8gj0c8
train,kvasir-seg::cju2iatlki5u309930zmgkv6h,7b4ae1510ad050d5623d1884,6,1,kvasir-seg::cju1c4fcu40hl07992b8gj0c8
train,kvasir-seg::cju2igw4gvxds0878808qj398,9186e93db58c42e18a2cbdba,0,1,kvasir-seg::cju1c4fcu40hl07992b8gj0c8
train,kvasir-seg::cju2igw4gvxds0878808qj398,4209e243a441e4092f7186e6,1,1,kvasir-seg::cju1c4fcu40hl07992b8gj0c8
train,kvasir-seg::cju2igw4gvxds0878808qj398,51148c1538a90e1250fd02aa,2,1,kvasir-seg::cju1c4fcu40hl07992b8gj0c8
train,kvasir-seg::cju2igw4gvxds0878808qj398,4f992147c86c8fb84a4256ee,3,1,kvasir-seg::cju1c4fcu40hl07992b8gj0c8
train,kvasir-seg::cju2igw4gvxds0878808qj398,efc1f84a2809f2b0757e20bb,4,1,kvasir-seg::cju1c4fcu40hl07992b8gj0c8
train,kvasir-seg::cju2igw4gvxds0878808qj398,b5f0ae109a7faee7e2303e29,5,1,kvasir-seg::cju1c4fcu40hl07992b8gj0c8
train,kvasir-seg::cju2igw4gvxds0878808qj398,c79001e435148b71d8a0f128,6,1,kvasir-seg::cju1c4fcu40hl07992b8gj0c8
train,kvasir-seg::cju2ij9uiic2l09933ljiv6gm,91383f05bb1811b61c95054c,0,1,kvasir-seg::cju1c4fcu40hl07992b8gj0c8
train,kvasir-seg::cju2ij9uiic2l09933ljiv6gm,ea61bfa62e53f9d5a66c7817,1,1,kvasir-seg::cju1c4fcu40hl07992b8gj0c8
train,kvasir-seg::cju2ij9uiic2l09933ljiv6gm,807da7e4e9145eb5e027dc14,2,1,kvasir-seg::cju1c4fcu40hl07992b8gj0c8
train,kvasir-seg::cju2ij9uiic2l09933ljiv6gm,3071501d0620fc7581795f45,3,1,kvasir-seg::cju1c4fcu40hl07992b8gj0c8
train,kvasir-seg::cju2ij9uiic2l09933ljiv6gm,33d32f6e37b479e0311a6939,4,1,kvasir-seg::cju1c4fcu40hl07992b8gj0c8
train,kvasir-seg::cju2ij9uiic2l09933ljiv6gm,b1ae6343e13b0a367b50f848,5,1,kvasir-seg::cju1c4fcu40hl07992b8gj0c8
train,kvasir-seg::cju2ij9uiic2l09933ljiv6gm,d878966a2ca357b86f1eb395,6,1,kvasir-seg::cju1c4fcu40hl07992b8gj0c8
train,kvasir-seg::cju2lberzkdzm09938cl40pog,5e15da3c0a1d7e884d1cd334,0,1,kvasir-seg::cju1c4fcu40hl07992b8gj0c8
train,kvasir-seg::cju2lberzkdzm09938cl40pog,8f3fb3133e61fb215ee95be7,1,1,kvasir-seg::cju1c4fcu40hl07992b8gj0c8
train,kvasir-seg::cju2lberzkdzm09938cl40pog,da6ba45ab2f14753c4716d9b,2,1,kvasir-seg::cju1c4fcu40hl07992b8gj0c8
train,kvasir-seg::cju2lberzkdzm09938cl40pog,e767f830d9b9a7ac11fb987f,3,1,kvasir-seg::cju1c4fcu40hl07992b8gj0c8
train,kvasir-seg::cju2lberzkdzm09938cl40pog,9aa06eaf1ff73a6e923c5dd4,4,1,kvasir-seg::cju1c4fcu40hl07992b8gj0c8
train,kvasir-seg::cju2lberzkdzm09938cl40pog,1fb00d512f05085ca1796371,5,1,kvasir-seg::cju1c4fcu40hl07992b8gj0c8
train,kvasir-seg::cju2lberzkdzm09938cl40pog,78a285e021259e27312d1b26,6,1,kvasir-seg::cju1c4fcu40hl07992b8gj0c8
train,kvasir-seg::cju2lcyfgkf5809932fn9gucn,a70f895120e4ccebb8f2d0f0,0,1,kvasir-seg::cju1c4fcu40hl07992b8gj0c8
train,kvasir-seg::cju2lcyfgkf5809932fn9gucn,a5eaa0d53384a5813d0c9dd3,1,1,kvasir-seg::cju1c4fcu40hl07992b8gj0c8
train,kvasir-seg::cju2lcyfgkf5809932fn9gucn,253884ba7d779b9b70f6bb37,2,1,kvasir-seg::cju1c4fcu40hl07992b8gj0c8
train,kvasir-seg::cju2lcyfgkf5809932fn9gucn,ae245e5c98109ef06c5d66c9,3,1,kvasir-seg::cju1c4fcu40hl07992b8gj0c8
train,kvasir-seg::cju2lcyfgkf5809932fn9gucn,1515bf6cab48c10378ce4205,4,1,kvasir-seg::cju1c4fcu40hl07992b8gj0c8
train,kvasir-seg::cju2lcyfgkf5809932fn9gucn,d96740bac5736aefcccf4ddc,5,1,kvasir-seg::cju1c4fcu40hl07992b8gj0c8
train,kvasir-seg::cju2lcyfgkf5809932fn9gucn,5cbf50c0aae5701bb41ac1fd,6,1,kvasir-seg::cju1c4fcu40hl07992b8gj0c8
train,kvasir-seg::cju2lejzcy4pc0878c9rlonot,2cd059856049024fdcc79a07,0,6,kvasir-seg::cju7aklv31h4309871m29l4e7
train,kvasir-seg::cju2lejzcy4pc0878c9rlonot,ea953060fcc4488bc2bd7e78,1,6,kvasir-seg::cju7aklv31h4309871m29l4e7
train,kvasir-seg::cju2lejzcy4pc0878c9rlonot,b126b3efbfbf9f59bf456ebd,2,6,kvasir-seg::cju7aklv31h4309871m29l4e7
train,kvasir-seg::cju2lejzcy4pc0878c9rlonot,56d2cb712519b7c073d74490,3,6,kvasir-seg::cju7aklv31h4309871m29l4e7
train,kvasir-seg::cju2lejzcy4pc0878c9rlonot,2c7c8816c7a33ef9e3a144e9,4,6,kvasir-seg::cju7aklv31h4309871m29l4e7
train,kvasir-seg::cju2lejzcy4pc0878c9rlonot,cd389f42554e92c1de8f0cc9,5,6,kvasir-seg::cju7aklv31h4309871m29l4e7
train,kvasir-seg::cju2lejzcy4pc0878c9rlonot,10bef7a5dc61c5357d5b0988,6,6,kvasir-seg::cju7aklv31h4309871m29l4e7
train,kvasir-seg::cju2lyynuymli0855g7fxgbhe,b1c7d6929cd52cf795f15547,0,7,kvasir-seg::cju8bj2ssrmlm0871gc2ug2rs
train,kvasir-seg::cju2lyynuymli0855g7fxgbhe,8fe0cb375d5e74b547cc3890,1,7,kvasir-seg::cju8bj2ssrmlm0871gc2ug2rs
train,kvasir-seg::cju2lyynuymli0855g7fxgbhe,423c6ba1778038138c8486d6,2,7,kvasir-seg::cju8bj2ssrmlm0871gc2ug2rs
train,kvasir-seg::cju2lyynuymli0855g7fxgbhe,8db9bba54a1b4a01b6108efc,3,7,kvasir-seg::cju8bj2ssrmlm0871gc2ug2rs
train,kvasir-seg::cju2lyynuymli0855g7fxgbhe,9e6cc0a5e82a392cd63875be,4,7,kvasir-seg::cju8bj2ssrmlm0871gc2ug2rs
train,kvasir-seg::cju2lyynuymli0855g7fxgbhe,9242dc3a496ec556df4290ba,5,7,kvasir-seg::cju8bj2ssrmlm0871gc2ug2rs
train,kvasir-seg::cju2lyynuymli0855g7fxgbhe,431dfa9172fe6d11ef5c4b64,6,7,kvasir-seg::cju8bj2ssrmlm0871gc2ug2rs
train,kvasir-seg::cju2lz8vqktne0993fuym6drw,1a703e67eb1ea3c47cc3299d,0,2,kvasir-seg::cju2pmhtr17a00855cvpelzb0
train,kvasir-seg::cju2lz8vqktne0993fuym6drw,021d704ec576b8c3fd9007bd,1,2,kvasir-seg::cju2pmhtr17a00855cvpelzb0
train,kvasir-seg::cju2lz8vqktne0993fuym6drw,859d8029b9fc9fe376e0c0a6,2,2,kvasir-seg::cju2pmhtr17a00855cvpelzb0
train,kvasir-seg::cju2lz8vqktne0993fuym6drw,309b645bcf6434fc5eaafae4,3,2,kvasir-seg::cju2pmhtr17a00855cvpelzb0
train,kvasir-seg::cju2lz8vqktne0993fuym6drw,b93805f8d14b6db4b190de9d,4,2,kvasir-seg::cju2pmhtr17a00855cvpelzb0
train,kvasir-seg::cju2lz8vqktne0993fuym6drw,99e2c98147f8cbe8f24c1871,5,2,kvasir-seg::cju2pmhtr17a00855cvpelzb0
train,kvasir-seg::cju2lz8vqktne0993fuym6drw,3f17c0494c65eaee944c3513,6,2,kvasir-seg::cju2pmhtr17a00855cvpelzb0
train,kvasir-seg::cju2m56cryvqd0801gtn2yp8t,bf9482181801f96a2157b769,0,3,kvasir-seg::cju34ymm8d6700799uop0cw33
train,kvasir-seg::cju2m56cryvqd0801gtn2yp8t,76b94ef18f2904222a5a4aef,1,3,kvasir-seg::cju34ymm8d6700799uop0cw33
train,kvasir-seg::cju2m56cryvqd0801gtn2yp8t,3a82c72f95b8eecbeba82e98,2,3,kvasir-seg::cju34ymm8d6700799uop0cw33
train,kvasir-seg::cju2m56cryvqd0801gtn2yp8t,e7056819eda8552474095ba7,3,3,kvasir-seg::cju34ymm8d6700799uop0cw33
train,kvasir-seg::cju2m56cryvqd0801gtn2yp8t,788ed52f74eead5556d8efca,4,3,kvasir-seg::cju34ymm8d6700799uop0cw33
train,kvasir-seg::cju2m56cryvqd0801gtn2yp8t,5422d8e58b77c2699480774a,5,3,kvasir-seg::cju34ymm8d6700799uop0cw33
train,kvasir-seg::cju2m56cryvqd0801gtn2yp8t,653a7ffb3217197199e0920c,6,3,kvasir-seg::cju34ymm8d6700799uop0cw33
train,kvasir-seg::cju2m71z2ywwv080131bcrsd3,b7c48e7911b5aeb6b86c6c1d,0,1,kvasir-seg::cju1c4fcu40hl07992b8gj0c8
train,kvasir-seg::cju2m71z2ywwv080131bcrsd3,ab32a8ba4b11d2c7c8c1d77c,1,1,kvasir-seg::cju1c4fcu40hl07992b8gj0c8
train,kvasir-seg::cju2m71z2ywwv080131bcrsd3,da4a47bf55c8a74e2875bb56,2,1,kvasir-seg::cju1c4fcu40hl07992b8gj0c8
train,kvasir-seg::cju2m71z2ywwv080131bcrsd3,04683be54e960274d16376fa,3,1,kvasir-seg::cju1c4fcu40hl07992b8gj0c8
train,kvasir-seg::cju2m71z2ywwv080131bcrsd3,a6c284ac727d8afcd001facf,4,1,kvasir-seg::cju1c4fcu40hl07992b8gj0c8
train,kvasir-seg::cju2m71z2ywwv080131bcrsd3,763ad93f501f51e6686acede,5,1,kvasir-seg::cju1c4fcu40hl07992b8gj0c8
train,kvasir-seg::cju2m71z2ywwv080131bcrsd3,3288ca646682b8f479a0d89b,6,1,kvasir-seg::cju1c4fcu40hl07992b8gj0c8
train,kvasir-seg::cju2ma647l0nj0993ot4deq2q,bdc31d847dc3bc0ce669aef5,0,1,kvasir-seg::cju1c4fcu40hl07992b8gj0c8
train,kvasir-seg::cju2ma647l0nj0993ot4deq2q,60aecdfdb78cc2fcf3cf71f3,1,1,kvasir-seg::cju1c4fcu40hl07992b8gj0c8
train,kvasir-seg::cju2ma647l0nj0993ot4deq2q,e64ab9dbb6a3ca1840e72b7e,2,1,kvasir-seg::cju1c4fcu40hl07992b8gj0c8
train,kvasir-seg::cju2ma647l0nj0993ot4deq2q,c31c6691c1e70d05cd2579fe,3,1,kvasir-seg::cju1c4fcu40hl07992b8gj0c8
train,kvasir-seg::cju2ma647l0nj0993ot4deq2q,d81924a03b01e9cf8100931c,4,1,kvasir-seg::cju1c4fcu40hl07992b8gj0c8
train,kvasir-seg::cju2ma647l0nj0993ot4deq2q,ee1af63d7f88c4e4e24a9179,5,1,kvasir-seg::cju1c4fcu40hl07992b8gj0c8
train,kvasir-seg::cju2ma647l0nj0993ot4deq2q,7441672fa906a209e5fcc8e2,6,1,kvasir-seg::cju1c4fcu40hl07992b8gj0c8
train,kvasir-seg::cju2mfjndoz700988b9lc3zeq,d247239eb9204eeeb65ca9b6,0,6,kvasir-seg::cju7aklv31h4309871m29l4e7
train,kvasir-seg::cju2mfjndoz700988b9lc3zeq,0dd9d253947b328f8ab862e5,1,6,kvasir-seg::cju7aklv31h4309871m29l4e7
train,kvasir-seg::cju2mfjndoz700988b9lc3zeq,cba1496cb7e6779be9ca2fb4,2,6,kvasir-seg::cju7aklv31h4309871m29l4e7
train,kvasir-seg::cju2mfjndoz700988b9lc3zeq,2cadd97021822a0eadab544e,3,6,kvasir-seg::cju7aklv31h4309871m29l4e7
train,kvasir-seg::cju2mfjndoz700988b9lc3zeq,4f5ea542e27b56ec9e0422d6,4,6,kvasir-seg::cju7aklv31h4309871m29l4e7
train,kvasir-seg::cju2mfjndoz700988b9lc3zeq,78abc3cb8e9c1cc53cc8d66d,5,6,kvasir-seg::cju7aklv31h4309871m29l4e7
train,kvasir-seg::cju2mfjndoz700988b9lc3zeq,73be7d62f94e4f55e787456b,6,6,kvasir-seg::cju7aklv31h4309871m29l4e7
train,kvasir-seg::cju2mh8t6p07008350e01tx2a,f2bbad45bb673e20ab63e92e,0,1,kvasir-seg::cju1c4fcu40hl07992b8gj0c8
train,kvasir-seg::cju2mh8t6p07008350e01tx2a,b3573cfcd8d208a4ebd1b0bc,1,1,kvasir-seg::cju1c4fcu40hl07992b8gj0c8
train,kvasir-seg::cju2mh8t6p07008350e01tx2a,256ea63a5cfddf9b8b45f89f,2,1,kvasir-seg::cju1c4fcu40hl07992b8gj0c8
train,kvasir-seg::cju2mh8t6p07008350e01tx2a,b44f87b28f0aa565fbfd25cc,3,1,kvasir-seg::cju1c4fcu40hl07992b8gj0c8
train,kvasir-seg::cju2mh8t6p07008350e01tx2a,a365dff1d0c9ae5814e6a838,4,1,kvasir-seg::cju1c4fcu40hl07992b8gj0c8
train,kvasir-seg::cju2mh8t6p07008350e01tx2a,63a9ce07669ad4c5bf2517ba,5,1,kvasir-seg::cju1c4fcu40hl07992b8gj0c8
train,kvasir-seg::cju2mh8t6p07008350e01tx2a,5b14f4b0ebb59cd008371a9a,6,1,kvasir-seg::cju1c4fcu40hl07992b8gj0c8
train,kvasir-seg::cju2nbdpmlmcj0993s1cht0dz,160c9fa06c3243f71fadedd7,0,1,kvasir-seg::cju1c4fcu40hl07992b8gj0c8
train,kvasir-seg::cju2nbdpmlmcj0993s1cht0dz,8826342c79860245be585301,1,1,kvasir-seg::cju1c4fcu40hl07992b8gj0c8
train,kvasir-seg::cju2nbdpmlmcj0993s1cht0dz,93546d115f8f4b9ca73de458,2,1,kvasir-seg::cju1c4fcu40hl07992b8gj0c8
train,kvasir-seg::cju2nbdpmlmcj0993s1cht0dz,5e8d7942b31b30edf6c8e4a3,3,1,kvasir-seg::cju1c4fcu40hl07992b8gj0c8
train,kvasir-seg::cju2nbdpmlmcj0993s1cht0dz,7ad533ec186e3f273dace6e3,4,1,kvasir-seg::cju1c4fcu40hl07992b8gj0c8
train,kvasir-seg::cju2nbdpmlmcj0993s1cht0dz,3824a6fcb8aef81963cb0a66,5,1,kvasir-seg::cju1c4fcu40hl07992b8gj0c8
train,kvasir-seg::cju2nbdpmlmcj0993s1cht0dz,8afc2ad304f65721d08305d6,6,1,kvasir-seg::cju1c4fcu40hl07992b8gj0c8
train,kvasir-seg::cju2nd7l7z98o0799gfjvyfmw,05aa2d6be1e615923825c0a6,0,1,kvasir-seg::cju1c4fcu40hl07992b8gj0c8
train,kvasir-seg::cju2nd7l7z98o0799gfjvyfmw,e97bd155a281a9945e16a938,1,1,kvasir-seg::cju1c4fcu40hl07992b8gj0c8
train,kvasir-seg::cju2nd7l7z98o0799gfjvyfmw,211d7e487e80eb5328c29a5d,2,1,kvasir-seg::cju1c4fcu40hl07992b8gj0c8
train,kvasir-seg::cju2nd7l7z98o0799gfjvyfmw,7c5c666a123e492e4fcd92c6,3,1,kvasir-seg::cju1c4fcu40hl07992b8gj0c8
train,kvasir-seg::cju2nd7l7z98o0799gfjvyfmw,4d430d905fcdc7b407377545,4,1,kvasir-seg::cju1c4fcu40hl07992b8gj0c8
train,kvasir-seg::cju2nd7l7z98o0799gfjvyfmw,1a593040a7c0b97b4dd9c4c7,5,1,kvasir-seg::cju1c4fcu40hl07992b8gj0c8
train,kvasir-seg::cju2nd7l7z98o0799gfjvyfmw,a4b7b100a2c99ad3b7bd3347,6,1,kvasir-seg::cju1c4fcu40hl07992b8gj0c8
train,kvasir-seg::cju2nfnvxzdkd0878399axlco,c8bff3f64e9aba09e97e9952,0,5,kvasir-seg::cju5cu8qkb84x08186jwo8yin
train,kvasir-seg::cju2nfnvxzdkd0878399axlco,6f5ad03b40c7de658e61d7b9,1,5,kvasir-seg::cju5cu8qkb84x08186jwo8yin
train,kvasir-seg::cju2nfnvxzdkd0878399axlco,b0a614808536c79ee845341f,2,5,kvasir-seg::cju5cu8qkb84x08186jwo8yin
train,kvasir-seg::cju2nfnvxzdkd0878399axlco,167c89cf4e4279e0f8698bfa,3,5,kvasir-seg::cju5cu8qkb84x08186jwo8yin
train,kvasir-seg::cju2nfnvxzdkd0878399axlco,6957cdbd529011a99ab5d8da,4,5,kvasir-seg::cju5cu8qkb84x08186jwo8yin
train,kvasir-seg::cju2nfnvxzdkd0878399axlco,d2c4eb208e8eaae43ec8d393,5,5,kvasir-seg::cju5cu8qkb84x08186jwo8yin
train,kvasir-seg::cju2nfnvxzdkd0878399axlco,47a7c34230c8b4e36b442dde,6,5,kvasir-seg::cju5cu8qkb84x08186jwo8yin
train,kvasir-seg::cju2nnqrqzp580855z8mhzgd6,1db3addb24bc7f8a14e95842,0,1,kvasir-seg::cju1c4fcu40hl07992b8gj0c8
train,kvasir-seg::cju2nnqrqzp580855z8mhzgd6,c9fc6ce0be9295dbd0ab5b76,1,1,kvasir-seg::cju1c4fcu40hl07992b8gj0c8
train,kvasir-seg::cju2nnqrqzp580855z8mhzgd6,06001c91499e5ef0d14e6d45,2,1,kvasir-seg::cju1c4fcu40hl07992b8gj0c8
train,kvasir-seg::cju2nnqrqzp580855z8mhzgd6,aea055b8453bbebedb1cb178,3,1,kvasir-seg::cju1c4fcu40hl07992b8gj0c8
train,kvasir-seg::cju2nnqrqzp580855z8mhzgd6,922278d7115f983768b0da9b,4,1,kvasir-seg::cju1c4fcu40hl07992b8gj0c8
train,kvasir-seg::cju2nnqrqzp580855z8mhzgd6,0d4864352e3c670f1204181d,5,1,kvasir-seg::cju1c4fcu40hl07992b8gj0c8
train,kvasir-seg::cju2nnqrqzp580855z8mhzgd6,813f7f3f1531ad136389d1e3,6,1,kvasir-seg::cju1c4fcu40hl07992b8gj0c8
train,kvasir-seg::cju2np2k9zi3v079992ypxqkn,fabcaef5ed8ac00ef1578bff,0,1,kvasir-seg::cju1c4fcu40hl07992b8gj0c8
train,kvasir-seg::cju2np2k9zi3v079992ypxqkn,ac5b2d74c7ac5d548f6ff789,1,1,kvasir-seg::cju1c4fcu40hl07992b8gj0c8
train,kvasir-seg::cju2np2k9zi3v079992ypxqkn,0fef98a9193241b1edf1331b,2,1,kvasir-seg::cju1c4fcu40hl07992b8gj0c8
train,kvasir-seg::cju2np2k9zi3v079992ypxqkn,5a8e31f10c21e83d000c4436,3,1,kvasir-seg::cju1c4fcu40hl07992b8gj0c8
train,kvasir-seg::cju2np2k9zi3v079992ypxqkn,ad21816658a2156c3533226e,4,1,kvasir-seg::cju1c4fcu40hl07992b8gj0c8
train,kvasir-seg::cju2np2k9zi3v079992ypxqkn,567b8e6489ec30ed9714ee1a,5,1,kvasir-seg::cju1c4fcu40hl07992b8gj0c8
train,kvasir-seg::cju2np2k9zi3v079992ypxqkn,eba545d2ce59d62c124d7d22,6,1,kvasir-seg::cju1c4fcu40hl07992b8gj0c8
train,kvasir-seg::cju2nqapmzvk20801f9us40dx,eee372784f93c8e955159cc4,0,1,kvasir-seg::cju1c4fcu40hl07992b8gj0c8
train,kvasir-seg::cju2nqapmzvk20801f9us40dx,5ecf7bda143dc6b79e26c754,1,1,kvasir-seg::cju1c4fcu40hl07992b8gj0c8
train,kvasir-seg::cju2nqapmzvk20801f9us40dx,481aae709c17a5b2766dacec,2,1,kvasir-seg::cju1c4fcu40hl07992b8gj0c8
train,kvasir-seg::cju2nqapmzvk20801f9us40dx,9d8c6a485cba31ae63786c4a,3,1,kvasir-seg::cju1c4fcu40hl07992b8gj0c8
train,kvasir-seg::cju2nqapmzvk20801f9us40dx,5ffab5569651110893abbfa8,4,1,kvasir-seg::cju1c4fcu40hl07992b8gj0c8
train,kvasir-seg::cju2nqapmzvk20801f9us40dx,50fb03034f9f50d5c9e68ada,5,1,kvasir-seg::cju1c4fcu40hl07992b8gj0c8
train,kvasir-seg::cju2nqapmzvk20801f9us40dx,18aca6d92eb430dee63258ad,6,1,kvasir-seg::cju1c4fcu40hl07992b8gj0c8
train,kvasir-seg::cju2nsmwjlzyl0993jl80chvz,1bba9fe51e3782a513baea32,0,2,kvasir-seg::cju2pmhtr17a00855cvpelzb0
train,kvasir-seg::cju2nsmwjlzyl0993jl80chvz,87930aaf584f7621dc2bd16e,1,2,kvasir-seg::cju2pmhtr17a00855cvpelzb0
train,kvasir-seg::cju2nsmwjlzyl0993jl80chvz,592c992113ccd21899fb4c4f,2,2,kvasir-seg::cju2pmhtr17a00855cvpelzb0
train,kvasir-seg::cju2nsmwjlzyl0993jl80chvz,1e8064b693c5c4975f015659,3,2,kvasir-seg::cju2pmhtr17a00855cvpelzb0
train,kvasir-seg::cju2nsmwjlzyl0993jl80chvz,a14ded6293986eef656dced8,4,2,kvasir-seg::cju2pmhtr17a00855cvpelzb0
train,kvasir-seg::cju2nsmwjlzyl0993jl80chvz,2359e64f9ca429c326c48f46,5,2,kvasir-seg::cju2pmhtr17a00855cvpelzb0
train,kvasir-seg::cju2nsmwjlzyl0993jl80chvz,4a3ee16becf87e7a9dfbe2e1,6,2,kvasir-seg::cju2pmhtr17a00855cvpelzb0
train,kvasir-seg::cju2ntxtdzlvu0799xl3j9pan,03e22aefe1468738c3655aaa,0,1,kvasir-seg::cju1c4fcu40hl07992b8gj0c8
train,kvasir-seg::cju2ntxtdzlvu0799xl3j9pan,6f928b54fb67de558fd14140,1,1,kvasir-seg::cju1c4fcu40hl07992b8gj0c8
train,kvasir-seg::cju2ntxtdzlvu0799xl3j9pan,621d70878a340ac90f5dcfe8,2,1,kvasir-seg::cju1c4fcu40hl07992b8gj0c8
train,kvasir-seg::cju2ntxtdzlvu0799xl3j9pan,273f63e2c2894c17f3403cfa,3,1,kvasir-seg::cju1c4fcu40hl07992b8gj0c8
train,kvasir-seg::cju2ntxtdzlvu0799xl3j9pan,29da206db9523da08c25c2a9,4,1,kvasir-seg::cju1c4fcu40hl07992b8gj0c8
train,kvasir-seg::cju2ntxtdzlvu0799xl3j9pan,c0698180231c8960aa1471fb,5,1,kvasir-seg::cju1c4fcu40hl07992b8gj0c8
train,kvasir-seg::cju2ntxtdzlvu0799xl3j9pan,36a84ee572fba0e1b72aa568,6,1,kvasir-seg::cju1c4fcu40hl07992b8gj0c8
train,kvasir-seg::cju2oi8sq0i2y0801mektzvw8,5a242a26057820771ed70ca6,0,1,kvasir-seg::cju1c4fcu40hl07992b8gj0c8
train,kvasir-seg::cju2oi8sq0i2y0801mektzvw8,202d3fc8ec986bfa69b361a0,1,1,kvasir-seg::cju1c4fcu40hl07992b8gj0c8
train,kvasir-seg::cju2oi8sq0i2y0801mektzvw8,38e50d22a4e6ecffab87bd20,2,1,kvasir-seg::cju1c4fcu40hl07992b8gj0c8
train,kvasir-seg::cju2oi8sq0i2y0801mektzvw8,9116ffaa4078bb78ca50cb15,3,1,kvasir-seg::cju1c4fcu40hl07992b8gj0c8
train,kvasir-seg::cju2oi8sq0i2y0801mektzvw8,07c83c4d29094adb36413eff,4,1,kvasir-seg::cju1c4fcu40hl07992b8gj0c8
train,kvasir-seg::cju2oi8sq0i2y0801mektzvw8,6554c8f5fce6fa1db2a6787c,5,1,kvasir-seg::cju1c4fcu40hl07992b8gj0c8
train,kvasir-seg::cju2oi8sq0i2y0801mektzvw8,ad2fba062ff04546d687d2dd,6,1,kvasir-seg::cju1c4fcu40hl07992b8gj0c8
train,kvasir-seg::cju2okvco06xc0799kxe5n1qh,879bc922cef9078baa2ddec5,0,1,kvasir-seg::cju1c4fcu40hl07992b8gj0c8
train,kvasir-seg::cju2okvco06xc0799kxe5n1qh,e24a6ff65df7265ac353b4a5,1,1,kvasir-seg::cju1c4fcu40hl07992b8gj0c8
train,kvasir-seg::cju2okvco06xc0799kxe5n1qh,67940c5974d65b73314fd1e3,2,1,kvasir-seg::cju1c4fcu40hl07992b8gj0c8
train,kvasir-seg::cju2okvco06xc0799kxe5n1qh,62460ae7797fbc790b0e72e6,3,1,kvasir-seg::cju1c4fcu40hl07992b8gj0c8
train,kvasir-seg::cju2okvco06xc0799kxe5n1qh,543e9fc40e254671307e41a8,4,1,kvasir-seg::cju1c4fcu40hl07992b8gj0c8
train,kvasir-seg::cju2okvco06xc0799kxe5n1qh,bb343259d58d078491de62ae,5,1,kvasir-seg::cju1c4fcu40hl07992b8gj0c8
train,kvasir-seg::cju2okvco06xc0799kxe5n1qh,54cb3098abc7670a875ebb25,6,1,kvasir-seg::cju1c4fcu40hl07992b8gj0c8
train,kvasir-seg::cju2oo0wh0bqy0878biujeyhe,f5988f8400d26e4a7d3618e9,0,1,kvasir-seg::cju1c4fcu40hl07992b8gj0c8
train,kvasir-seg::cju2oo0wh0bqy0878biujeyhe,42352d6dca7f86993d28164f,1,1,kvasir-seg::cju1c4fcu40hl07992b8gj0c8
train,kvasir-seg::cju2oo0wh0bqy0878biujeyhe,c0a2356ba4798083b684ab2c,2,1,kvasir-seg::cju1c4fcu40hl07992b8gj0c8
train,kvasir-seg::cju2oo0wh0bqy0878biujeyhe,bec210bf71f3684f95b80305,3,1,kvasir-seg::cju1c4fcu40hl07992b8gj0c8
train,kvasir-seg::cju2oo0wh0bqy0878biujeyhe,2c2df22e6d3a11a38980df57,4,1,kvasir-seg::cju1c4fcu40hl07992b8gj0c8
train,kvasir-seg::cju2oo0wh0bqy0878biujeyhe,0b3ce3ed73b98f4cedbb0cfb,5,1,kvasir-seg::cju1c4fcu40hl07992b8gj0c8
train,kvasir-seg::cju2oo0wh0bqy0878biujeyhe,92bb2c7851cbbc4bc5564d4b,6,1,kvasir-seg::cju1c4fcu40hl07992b8gj0c8
train,kvasir-seg::cju2oq5570avm079959o20op1,f7ba6db38c44dd4f3989f88e,0,1,kvasir-seg::cju1c4fcu40hl07992b8gj0c8
train,kvasir-seg::cju2oq5570avm079959o20op1,6cca4feb05d6f87b695866cf,1,1,kvasir-seg::cju1c4fcu40hl07992b8gj0c8
train,kvasir-seg::cju2oq5570avm079959o20op1,63941d9105559b3227a66751,2,1,kvasir-seg::cju1c4fcu40hl07992b8gj0c8
train,kvasir-seg::cju2oq5570avm079959o20op1,e7f59ebe87ba7b77d436f2a4,3,1,kvasir-seg::cju1c4fcu40hl07992b8gj0c8
train,kvasir-seg::cju2oq5570avm079959o20op1,f8c59dfed8f82dde40117faa,4,1,kvasir-seg::cju1c4fcu40hl07992b8gj0c8
train,kvasir-seg::cju2oq5570avm079959o20op1,c41bb6c8bf49d4591b1b39f9,5,1,kvasir-seg::cju1c4fcu40hl07992b8gj0c8
train,kvasir-seg::cju2oq5570avm079959o20op1,37c948e513127303cb559e96,6,1,kvasir-seg::cju1c4fcu40hl07992b8gj0c8
train,kvasir-seg::cju2osuru0ki00855txo0n3uu,577e001d6c1a0ed9552eba97,0,6,kvasir-seg::cju7aklv31h4309871m29l4e7
train,kvasir-seg::cju2osuru0ki00855txo0n3uu,1e18125b88e3825af39e5d7a,1,6,kvasir-seg::cju7aklv31h4309871m29l4e7
train,kvasir-seg::cju2osuru0ki00855txo0n3uu,19e87e505d0ed963c589fe20,2,6,kvasir-seg::cju7aklv31h4309871m29l4e7
train,kvasir-seg::cju2osuru0ki00855txo0n3uu,a6b321801ffc94567509509f,3,6,kvasir-seg::cju7aklv31h4309871m29l4e7
train,kvasir-seg::cju2osuru0ki00855txo0n3uu,436746841d3e17e57c5e502a,4,6,kvasir-seg::cju7aklv31h4309871m29l4e7
train,kvasir-seg::cju2osuru0ki00855txo0n3uu,916cba5d76bcdf5126e3c885,5,6,kvasir-seg::cju7aklv31h4309871m29l4e7
train,kvasir-seg::cju2osuru0ki00855txo0n3uu,4254ddd7f2e37f75f9707c6b,6,6,kvasir-seg::cju7aklv31h4309871m29l4e7
train,kvasir-seg::cju2otvvv0l7z0855x7we8cb0,d96e84a00b10bf07322e44e2,0,1,kvasir-seg::cju1c4fcu40hl07992b8gj0c8
train,kvasir-seg::cju2otvvv0l7z0855x7we8cb0,5a4862108a692401c9387b88,1,1,kvasir-seg::cju1c4fcu40hl07992b8gj0c8
train,kvasir-seg::cju2otvvv0l7z0855x7we8cb0,4f809479bc0a21315c191525,2,1,kvasir-seg::cju1c4fcu40hl07992b8gj0c8
train,kvasir-seg::cju2otvvv0l7z0855x7we8cb0,e9d24430d91210a5cf8209bf,3,1,kvasir-seg::cju1c4fcu40hl07992b8gj0c8
train,kvasir-seg::cju2otvvv0l7z0855x7we8cb0,690a3e4a0f1d3f20417405c9,4,1,kvasir-seg::cju1c4fcu40hl07992b8gj0c8
train,kvasir-seg::cju2otvvv0l7z0855x7we8cb0,d8f5783bff53d224d28da209,5,1,kvasir-seg::cju1c4fcu40hl07992b8gj0c8
train,kvasir-seg::cju2otvvv0l7z0855x7we8cb0,50023d1cb6dfebd7a3aafd17,6,1,kvasir-seg::cju1c4fcu40hl07992b8gj0c8
train,kvasir-seg::cju2ouil2mssu0993hvxsed6d,24f49857d902205f1256b281,0,1,kvasir-seg::cju1c4fcu40hl07992b8gj0c8
train,kvasir-seg::cju2ouil2mssu0993hvxsed6d,4b5d8ab8e60abec9fef66b31,1,1,kvasir-seg::cju1c4fcu40hl07992b8gj0c8
train,kvasir-seg::cju2ouil2mssu0993hvxsed6d,d33d86a89af5cb12bf152b79,2,1,kvasir-seg::cju1c4fcu40hl07992b8gj0c8
train,kvasir-seg::cju2ouil2mssu0993hvxsed6d,dd9234c77a9d0e2882e4d9f7,3,1,kvasir-seg::cju1c4fcu40hl07992b8gj0c8
train,kvasir-seg::cju2ouil2mssu0993hvxsed6d,68aea08c60fd54e52c3dad01,4,1,kvasir-seg::cju1c4fcu40hl07992b8gj0c8
train,kvasir-seg::cju2ouil2mssu0993hvxsed6d,624b96e8d289697ef8190c3b,5,1,kvasir-seg::cju1c4fcu40hl07992b8gj0c8
train,kvasir-seg::cju2ouil2mssu0993hvxsed6d,bb7395eab458aa3ff360d0f1,6,1,kvasir-seg::cju1c4fcu40hl07992b8gj0c8
train,kvasir-seg::cju2p91qir00k08350ddfif0w,28e7322749a5aad7f52b06f1,0,7,kvasir-seg::cju8bj2ssrmlm0871gc2ug2rs
train,kvasir-seg::cju2p91qir00k08350ddfif0w,cb7f6d22085518063526bcb3,1,7,kvasir-seg::cju8bj2ssrmlm0871gc2ug2rs
train,kvasir-seg::cju2p91qir00k08350ddfif0w,17d59a69c1e35463b292d1f6,2,7,kvasir-seg::cju8bj2ssrmlm0871gc2ug2rs
train,kvasir-seg::cju2p91qir00k08350ddfif0w,0654cddeefe995140215de7f,3,7,kvasir-seg::cju8bj2ssrmlm0871gc2ug2rs
train,kvasir-seg::cju2p91qir00k08350ddfif0w,e1950020c1ae9f8483c572fe,4,7,kvasir-seg::cju8bj2ssrmlm0871gc2ug2rs
train,kvasir-seg::cju2p91qir00k08350ddfif0w,261199bbe22006617f7d1eec,5,7,kvasir-seg::cju8bj2ssrmlm0871gc2ug2rs
train,kvasir-seg::cju2p91qir00k08350ddfif0w,9d35118edac359bc41a5729f,6,7,kvasir-seg::cju8bj2ssrmlm0871gc2ug2rs
train,kvasir-seg::cju2phaksnahz0993yxogjcpv,cac356dfdb8b291439bce360,0,1,kvasir-seg::cju1c4fcu40hl07992b8gj0c8
train,kvasir-seg::cju2phaksnahz0993yxogjcpv,b80fb50a8fc77e5f8e8c9b21,1,1,kvasir-seg::cju1c4fcu40hl07992b8gj0c8
train,kvasir-seg::cju2phaksnahz0993yxogjcpv,e3e4a23a0d58384b9c0497ba,2,1,kvasir-seg::cju1c4fcu40hl07992b8gj0c8
train,kvasir-seg::cju2phaksnahz0993yxogjcpv,eddc9c713bb9bf209eeca13d,3,1,kvasir-seg::cju1c4fcu40hl07992b8gj0c8
train,kvasir-seg::cju2phaksnahz0993yxogjcpv,7d26a7f4b601993324cb7a48,4,1,kvasir-seg::cju1c4fcu40hl07992b8gj0c8
train,kvasir-seg::cju2phaksnahz0993yxogjcpv,5f99c3b19985817932899295,5,1,kvasir-seg::cju1c4fcu40hl07992b8gj0c8
train,kvasir-seg::cju2phaksnahz0993yxogjcpv,ec44feea9f929f6986e8741b,6,1,kvasir-seg::cju1c4fcu40hl07992b8gj0c8
train,kvasir-seg::cju2pjb9v0ywn0878j5g5n69j,52db915b13f7b7d770c5700e,0,6,kvasir-seg::cju7aklv31h4309871m29l4e7
train,kvasir-seg::cju2pjb9v0ywn0878j5g5n69j,7355a5406ec8ad93630380ac,1,6,kvasir-seg::cju7aklv31h4309871m29l4e7
train,kvasir-seg::cju2pjb9v0ywn0878j5g5n69j,7ac0e78abfce4afaaf4fbc02,2,6,kvasir-seg::cju7aklv31h4309871m29l4e7
train,kvasir-seg::cju2pjb9v0ywn0878j5g5n69j,ed463e328e16d91d58f4e943,3,6,kvasir-seg::cju7aklv31h4309871m29l4e7
train,kvasir-seg::cju2pjb9v0ywn0878j5g5n69j,68d2c3b92bde5d3656726929,4,6,kvasir-seg::cju7aklv31h4309871m29l4e7
train,kvasir-seg::cju2pjb9v0ywn0878j5g5n69j,7f69286de4c6c3b342f1ecb8,5,6,kvasir-seg::cju7aklv31h4309871m29l4e7
train,kvasir-seg::cju2pjb9v0ywn0878j5g5n69j,7504c7a65e0e135df7ca2635,6,6,kvasir-seg::cju7aklv31h4309871m29l4e7
train,kvasir-seg::cju2pkwt3r8b90988v2ywq1px,769f24b614436888a31ed553,0,6,kvasir-seg::cju7aklv31h4309871m29l4e7
train,kvasir-seg::cju2pkwt3r8b90988v2ywq1px,de74d9eee0186f29308f145e,1,6,kvasir-seg::cju7aklv31h4309871m29l4e7
train,kvasir-seg::cju2pkwt3r8b90988v2ywq1px,7cdad9c51439eed93a355839,2,6,kvasir-seg::cju7aklv31h4309871m29l4e7
train,kvasir-seg::cju2pkwt3r8b90988v2ywq1px,8c97d579146f1bffb0b8a605,3,6,kvasir-seg::cju7aklv31h4309871m29l4e7
train,kvasir-seg::cju2pkwt3r8b90988v2ywq1px,8f7bf6c35064b2b40f7d1bfd,4,6,kvasir-seg::cju7aklv31h4309871m29l4e7
train,kvasir-seg::cju2pkwt3r8b90988v2ywq1px,bb237c1e990ef03ed7ab5aa2,5,6,kvasir-seg::cju7aklv31h4309871m29l4e7
train,kvasir-seg::cju2pkwt3r8b90988v2ywq1px,5f997e5c29fb928271a0dc2d,6,6,kvasir-seg::cju7aklv31h4309871m29l4e7
train,kvasir-seg::cju2qdj95ru8g09886gfi9rsz,3017fb467b6153d6b4e6c200,0,1,kvasir-seg::cju1c4fcu40hl07992b8gj0c8
train,kvasir-seg::cju2qdj95ru8g09886gfi9rsz,d7dadba1200c978625f3e351,1,1,kvasir-seg::cju1c4fcu40hl07992b8gj0c8
train,kvasir-seg::cju2qdj95ru8g09886gfi9rsz,1c76a03f0081a187235e7afb,2,1,kvasir-seg::cju1c4fcu40hl07992b8gj0c8
train,kvasir-seg::cju2qdj95ru8g09886gfi9rsz,e3a5777015cc0caec36fe911,3,1,kvasir-seg::cju1c4fcu40hl07992b8gj0c8
train,kvasir-seg::cju2qdj95ru8g09886gfi9rsz,f6c55312ae311f97cd7d7f7b,4,1,kvasir-seg::cju1c4fcu40hl07992b8gj0c8
train,kvasir-seg::cju2qdj95ru8g09886gfi9rsz,becc40e44866821b4a4a5cd2,5,1,kvasir-seg::cju1c4fcu40hl07992b8gj0c8
train,kvasir-seg::cju2qdj95ru8g09886gfi9rsz,47aeea8ab736fd19f3b47919,6,1,kvasir-seg::cju1c4fcu40hl07992b8gj0c8
train,kvasir-seg::cju2qn2fzs1vy0988l243cvzy,6e4e222fa05be362a9e90034,0,6,kvasir-seg::cju7aklv31h4309871m29l4e7
train,kvasir-seg::cju2qn2fzs1vy0988l243cvzy,3421e1588bb27a38d645cc3a,1,6,kvasir-seg::cju7aklv31h4309871m29l4e7
train,kvasir-seg::cju2qn2fzs1vy0988l243cvzy,0fa52b0989d73309e7816c86,2,6,kvasir-seg::cju7aklv31h4309871m29l4e7
train,kvasir-seg::cju2qn2fzs1vy0988l243cvzy,583662a64a16ce3a0e20f6a0,3,6,kvasir-seg::cju7aklv31h4309871m29l4e7
train,kvasir-seg::cju2qn2fzs1vy0988l243cvzy,ab41fe648d2d4d618a56ae52,4,6,kvasir-seg::cju7aklv31h4309871m29l4e7
train,kvasir-seg::cju2qn2fzs1vy0988l243cvzy,6a60b46eba0049fde72ff407,5,6,kvasir-seg::cju7aklv31h4309871m29l4e7
train,kvasir-seg::cju2qn2fzs1vy0988l243cvzy,f39cdd026c8cf6b21b1273c9,6,6,kvasir-seg::cju7aklv31h4309871m29l4e7
train,kvasir-seg::cju2qozsk20cq0855ugrg3cri,1e906cbc4d4af02578c1b28a,0,1,kvasir-seg::cju1c4fcu40hl07992b8gj0c8
train,kvasir-seg::cju2qozsk20cq0855ugrg3cri,99760f9c4d6ac4820c0f4ecf,1,1,kvasir-seg::cju1c4fcu40hl07992b8gj0c8
train,kvasir-seg::cju2qozsk20cq0855ugrg3cri,3facdf59bab745cac21cc6cd,2,1,kvasir-seg::cju1c4fcu40hl07992b8gj0c8
train,kvasir-seg::cju2qozsk20cq0855ugrg3cri,bf0d7b5867f1227b780b2004,3,1,kvasir-seg::cju1c4fcu40hl07992b8gj0c8
train,kvasir-seg::cju2qozsk20cq0855ugrg3cri,d3acf8110a521b7896ec5469,4,1,kvasir-seg::cju1c4fcu40hl07992b8gj0c8
train,kvasir-seg::cju2qozsk20cq0855ugrg3cri,9817b9ce3f29335212caef09,5,1,kvasir-seg::cju1c4fcu40hl07992b8gj0c8
train,kvasir-seg::cju2qozsk20cq0855ugrg3cri,4eff81315d600f42cff0de24,6,1,kvasir-seg::cju1c4fcu40hl07992b8gj0c8
train,kvasir-seg::cju2qqn5ys4uo0988ewrt2ip2,7ca052668304a6a8f21c51ae,0,1,kvasir-seg::cju1c4fcu40hl07992b8gj0c8
train,kvasir-seg::cju2qqn5ys4uo0988ewrt2ip2,2327aa791fea00778bebeb08,1,1,kvasir-seg::cju1c4fcu40hl07992b8gj0c8
train,kvasir-seg::cju2qqn5ys4uo0988ewrt2ip2,798ff45c7017926c846e1bac,2,1,kvasir-seg::cju1c4fcu40hl07992b8gj0c8
train,kvasir-seg::cju2qqn5ys4uo0988ewrt2ip2,5b8f1e0f32ca647d79caa122,3,1,kvasir-seg::cju1c4fcu40hl07992b8gj0c8
train,kvasir-seg::cju2qqn5ys4uo0988ewrt2ip2,d836eb5d147274deae3e9fe4,4,1,kvasir-seg::cju1c4fcu40hl07992b8gj0c8
train,kvasir-seg::cju2qqn5ys4uo0988ewrt2ip2,914440556f634b5770b7eea8,5,1,kvasir-seg::cju1c4fcu40hl07992b8gj0c8
train,kvasir-seg::cju2qqn5ys4uo0988ewrt2ip2,c34e85ce6cf1560311fe0df2,6,1,kvasir-seg::cju1c4fcu40hl07992b8gj0c8
train,kvasir-seg::cju2qs32r1vys07999conmbvx,995034aadffc898630b9b6b2,0,1,kvasir-seg::cju1c4fcu40hl07992b8gj0c8
train,kvasir-seg::cju2qs32r1vys07999conmbvx,9bcc35c4f9865285e40502e0,1,1,kvasir-seg::cju1c4fcu40hl07992b8gj0c8
train,kvasir-seg::cju2qs32r1vys07999conmbvx,5d7c35add986998220abbf21,2,1,kvasir-seg::cju1c4fcu40hl07992b8gj0c8
train,kvasir-seg::cju2qs32r1vys07999conmbvx,4dda96b58d632a4039973202,3,1,kvasir-seg::cju1c4fcu40hl07992b8gj0c8
train,kvasir-seg::cju2qs32r1vys07999conmbvx,fdb3853c81439bfa39219931,4,1,kvasir-seg::cju1c4fcu40hl07992b8gj0c8
train,kvasir-seg::cju2qs32r1vys07999conmbvx,0eeae46787feb9627a124d1e,5,1,kvasir-seg::cju1c4fcu40hl07992b8gj0c8
train,kvasir-seg::cju2qs32r1vys07999conmbvx,e9e6a206b4973c54c7ed4302,6,1,kvasir-seg::cju1c4fcu40hl07992b8gj0c8
train,kvasir-seg::cju2qtee81yd708787bsjr75d,81d1efafcdcd631ae3b89e2d,0,1,kvasir-seg::cju1c4fcu40hl07992b8gj0c8
train,kvasir-seg::cju2qtee81yd708787bsjr75d,2281d7cd869c2487473189f2,1,1,kvasir-seg::cju1c4fcu40hl07992b8gj0c8
train,kvasir-seg::cju2qtee81yd708787bsjr75d,bdf07b70a5c4c4aeeaf40164,2,1,kvasir-seg::cju1c4fcu40hl07992b8gj0c8
train,kvasir-seg::cju2qtee81yd708787bsjr75d,1911b5932a7f165934794d48,3,1,kvasir-seg::cju1c4fcu40hl07992b8gj0c8
train,kvasir-seg::cju2qtee81yd708787bsjr75d,52821ef81b0e4564f4d1369e,4,1,kvasir-seg::cju1c4fcu40hl07992b8gj0c8
train,kvasir-seg::cju2qtee81yd708787bsjr75d,72b9cfd2f5000af474636c9a,5,1,kvasir-seg::cju1c4fcu40hl07992b8gj0c8
train,kvasir-seg::cju2qtee81yd708787bsjr75d,0593b87d55e31ce11b82e6cf,6,1,kvasir-seg::cju1c4fcu40hl07992b8gj0c8
train,kvasir-seg::cju2qu37qobl50993aw7ghcfq,21c0a7d9e772ba04a7410e18,0,1,kvasir-seg::cju1c4fcu40hl07992b8gj0c8
train,kvasir-seg::cju2qu37qobl50993aw7ghcfq,2b65f05cda722fb961569187,1,1,kvasir-seg::cju1c4fcu40hl07992b8gj0c8
train,kvasir-seg::cju2qu37qobl50993aw7ghcfq,7cf4718fcf6d31acf99dc061,2,1,kvasir-seg::cju1c4fcu40hl07992b8gj0c8
train,kvasir-seg::cju2qu37qobl50993aw7ghcfq,aade5b659c01ff4465b2e91b,3,1,kvasir-seg::cju1c4fcu40hl07992b8gj0c8
train,kvasir-seg::cju2qu37qobl50993aw7ghcfq,fdbdccaf2f46516a01874726,4,1,kvasir-seg::cju1c4fcu40hl07992b8gj0c8
train,kvasir-seg::cju2qu37qobl50993aw7ghcfq,e34560d41e213947c9b9fa24,5,1,kvasir-seg::cju1c4fcu40hl07992b8gj0c8
train,kvasir-seg::cju2qu37qobl50993aw7ghcfq,1b251847ab90e8b2e6c78fb1,6,1,kvasir-seg::cju1c4fcu40hl07992b8gj0c8
train,kvasir-seg::cju2qvuj1s9ok0835tp2k4ozh,6d81f672e1efad86a71d03e5,0,1,kvasir-seg::cju1c4fcu40hl07992b8gj0c8
train,kvasir-seg::cju2qvuj1s9ok0835tp2k4ozh,ccb46feda3bcaed3897b6cec,1,1,kvasir-seg::cju1c4fcu40hl07992b8gj0c8
train,kvasir-seg::cju2qvuj1s9ok0835tp2k4ozh,4104a6edb06a6d457aaf6498,2,1,kvasir-seg::cju1c4fcu40hl07992b8gj0c8
train,kvasir-seg::cju2qvuj1s9ok0835tp2k4ozh,e86638c1690d0ab0de12fdd5,3,1,kvasir-seg::cju1c4fcu40hl07992b8gj0c8
train,kvasir-seg::cju2qvuj1s9ok0835tp2k4ozh,35b850d7b7fc6e2f2f404297,4,1,kvasir-seg::cju1c4fcu40hl07992b8gj0c8
train,kvasir-seg::cju2qvuj1s9ok0835tp2k4ozh,655fa01bff6404649c04c5e3,5,1,kvasir-seg::cju1c4fcu40hl07992b8gj0c8
train,kvasir-seg::cju2qvuj1s9ok0835tp2k4ozh,4df229c3fe7857a4eec565d9,6,1,kvasir-seg::cju1c4fcu40hl07992b8gj0c8
train,kvasir-seg::cju2qxxko229x08786gvxxhur,3f41f11eb3c0f969fb8b58d3,0,1,kvasir-seg::cju1c4fcu40hl07992b8gj0c8
train,kvasir-seg::cju2qxxko229x08786gvxxhur,4d03da848a315d3fabf94147,1,1,kvasir-seg::cju1c4fcu40hl07992b8gj0c8
train,kvasir-seg::cju2qxxko229x08786gvxxhur,619122e402d032f12953afcf,2,1,kvasir-seg::cju1c4fcu40hl07992b8gj0c8
train,kvasir-seg::cju2qxxko229x08786gvxxhur,b10f1f7b3f605269b51b1c69,3,1,kvasir-seg::cju1c4fcu40hl07992b8gj0c8
train,kvasir-seg::cju2qxxko229x08786gvxxhur,ab54a53e4f8542cc28ea5dd3,4,1,kvasir-seg::cju1c4fcu40hl07992b8gj0c8
train,kvasir-seg::cju2qxxko229x08786gvxxhur,02724d9cffc6eb2490d37fa3,5,1,kvasir-seg::cju1c4fcu40hl07992b8gj0c8
train,kvasir-seg::cju2qxxko229x08786gvxxhur,5618a66dff45eee8f1a786e7,6,1,kvasir-seg::cju1c4fcu40hl07992b8gj0c8
train,kvasir-seg::cju2r2obh2bjm08553kng0rh7,bc7ada0710955f10e2cfcb3c,0,6,kvasir-seg::cju7aklv31h4309871m29l4e7
train,kvasir-seg::cju2r2obh2bjm08553kng0rh7,c4041ce636686748d23dda7e,1,6,kvasir-seg::cju7aklv31h4309871m29l4e7
train,kvasir-seg::cju2r2obh2bjm08553kng0rh7,0ba9d503a3dc50124f18b85d,2,6,kvasir-seg::cju7aklv31h4309871m29l4e7
train,kvasir-seg::cju2r2obh2bjm08553kng0rh7,a43e1d090c6e4b128d437d3d,3,6,kvasir-seg::cju7aklv31h4309871m29l4e7
train,kvasir-seg::cju2r2obh2bjm08553kng0rh7,47ce5e0a54b26171b79d4d4b,4,6,kvasir-seg::cju7aklv31h4309871m29l4e7
train,kvasir-seg::cju2r2obh2bjm08553kng0rh7,9315553f9af2d1c09cfc3760,5,6,kvasir-seg::cju7aklv31h4309871m29l4e7
train,kvasir-seg::cju2r2obh2bjm08553kng0rh7,d1ad2891d0d3ca9b73f44ab1,6,6,kvasir-seg::cju7aklv31h4309871m29l4e7
train,kvasir-seg::cju2r6mt2om21099352pny5gw,d7b5e6805569dc449e16034f,0,6,kvasir-seg::cju7aklv31h4309871m29l4e7
train,kvasir-seg::cju2r6mt2om21099352pny5gw,7a635a6bea9cd148ac56c4d7,1,6,kvasir-seg::cju7aklv31h4309871m29l4e7
train,kvasir-seg::cju2r6mt2om21099352pny5gw,a25aee2fc7a8634b9b2d2024,2,6,kvasir-seg::cju7aklv31h4309871m29l4e7
train,kvasir-seg::cju2r6mt2om21099352pny5gw,8b3bb77c3366a5de41a806a6,3,6,kvasir-seg::cju7aklv31h4309871m29l4e7
train,kvasir-seg::cju2r6mt2om21099352pny5gw,3db9c32d94cbcb867bb981c5,4,6,kvasir-seg::cju7aklv31h4309871m29l4e7
train,kvasir-seg::cju2r6mt2om21099352pny5gw,417df559ad8f399c19b26bcd,5,6,kvasir-seg::cju7aklv31h4309871m29l4e7
train,kvasir-seg::cju2r6mt2om21099352pny5gw,3a79e3728315a326744c85c0,6,6,kvasir-seg::cju7aklv31h4309871m29l4e7
train,kvasir-seg::cju2r91dg2k090801bh0xzbxk,94a96303da81ea26f6593cdb,0,6,kvasir-seg::cju7aklv31h4309871m29l4e7
train,kvasir-seg::cju2r91dg2k090801bh0xzbxk,e531d1c3491632c73480a662,1,6,kvasir-seg::cju7aklv31h4309871m29l4e7
train,kvasir-seg::cju2r91dg2k090801bh0xzbxk,85687c95bdf456045b43664e,2,6,kvasir-seg::cju7aklv31h4309871m29l4e7
train,kvasir-seg::cju2r91dg2k090801bh0xzbxk,cf7d1711bdd4280c1916b5e9,3,6,kvasir-seg::cju7aklv31h4309871m29l4e7
train,kvasir-seg::cju2r91dg2k090801bh0xzbxk,258746204d7892e5fe2aa963,4,6,kvasir-seg::cju7aklv31h4309871m29l4e7
train,kvasir-seg::cju2r91dg2k090801bh0xzbxk,7a305bfa03f2348b1fa3f02a,5,6,kvasir-seg::cju7aklv31h4309871m29l4e7
train,kvasir-seg::cju2r91dg2k090801bh0xzbxk,d598a08b12e1fc34105a3b91,6,6,kvasir-seg::cju7aklv31h4309871m29l4e7
train,kvasir-seg::cju2raxlosl630988jdbfy9b0,afd53b7a99c8c0eed98d1910,0,6,kvasir-seg::cju7aklv31h4309871m29l4e7
train,kvasir-seg::cju2raxlosl630988jdbfy9b0,b395609ef435fe000dc7e946,1,6,kvasir-seg::cju7aklv31h4309871m29l4e7
train,kvasir-seg::cju2raxlosl630988jdbfy9b0,1585a2ec6a644e475f7851de,2,6,kvasir-seg::cju7aklv31h4309871m29l4e7
train,kvasir-seg::cju2raxlosl630988jdbfy9b0,bd1951b32a7e981a33767938,3,6,kvasir-seg::cju7aklv31h4309871m29l4e7
train,kvasir-seg::cju2raxlosl630988jdbfy9b0,c8a72419d0ed0b0f1a008f3e,4,6,kvasir-seg::cju7aklv31h4309871m29l4e7
train,kvasir-seg::cju2raxlosl630988jdbfy9b0,ebf0ec61bf30e0da822a3ab3,5,6,kvasir-seg::cju7aklv31h4309871m29l4e7
train,kvasir-seg::cju2raxlosl630988jdbfy9b0,d0b7bd188a1e0d6d373f6d48,6,6,kvasir-seg::cju7aklv31h4309871m29l4e7
train,kvasir-seg::cju2ricdv2iys0878sv1adh0u,b7540f07a5181661a291c9ac,0,1,kvasir-seg::cju1c4fcu40hl07992b8gj0c8
train,kvasir-seg::cju2ricdv2iys0878sv1adh0u,c7ef8060f3b158dcf2461af0,1,1,kvasir-seg::cju1c4fcu40hl07992b8gj0c8
train,kvasir-seg::cju2ricdv2iys0878sv1adh0u,0d52236f8bfd278cfa9a8a8a,2,1,kvasir-seg::cju1c4fcu40hl07992b8gj0c8
train,kvasir-seg::cju2ricdv2iys0878sv1adh0u,a5b65d72ec3a0e0f00a8ff69,3,1,kvasir-seg::cju1c4fcu40hl07992b8gj0c8
train,kvasir-seg::cju2ricdv2iys0878sv1adh0u,511f1863a4ca2e495809709b,4,1,kvasir-seg::cju1c4fcu40hl07992b8gj0c8
train,kvasir-seg::cju2ricdv2iys0878sv1adh0u,91d50debeffd98865ed0a61c,5,1,kvasir-seg::cju1c4fcu40hl07992b8gj0c8
train,kvasir-seg::cju2ricdv2iys0878sv1adh0u,feb2bd8ff442f2b559c931c0,6,1,kvasir-seg::cju1c4fcu40hl07992b8gj0c8
train,kvasir-seg::cju2rkjfwoxys0993x768l1j2,59da63418fdad48cfbbd40a9,0,1,kvasir-seg::cju1c4fcu40hl07992b8gj0c8
train,kvasir-seg::cju2rkjfwoxys0993x768l1j2,d1eb6837801f4d6583752f10,1,1,kvasir-seg::cju1c4fcu40hl07992b8gj0c8
train,kvasir-seg::cju2rkjfwoxys0993x768l1j2,16a7c5f39fa9e0fae69de02c,2,1,kvasir-seg::cju1c4fcu40hl07992b8gj0c8
train,kvasir-seg::cju2rkjfwoxys0993x768l1j2,ab092cbd0532fc6bb68aeaed,3,1,kvasir-seg::cju1c4fcu40hl07992b8gj0c8
train,kvasir-seg::cju2rkjfwoxys0993x768l1j2,f5673f4744f2521a14b171c9,4,1,kvasir-seg::cju1c4fcu40hl07992b8gj0c8
train,kvasir-seg::cju2rkjfwoxys0993x768l1j2,62e1cc1ea970e5b1a7dd611b,5,1,kvasir-seg::cju1c4fcu40hl07992b8gj0c8
train,kvasir-seg::cju2rkjfwoxys0993x768l1j2,aea2f0329cc6fb598d3da98a,6,1,kvasir-seg::cju1c4fcu40hl07992b8gj0c8
train,kvasir-seg::cju2rlqdnoz9k0993cpjae3x0,71de0ad740a8f1824d27bfc3,0,6,kvasir-seg::cju7aklv31h4309871m29l4e7
train,kvasir-seg::cju2rlqdnoz9k0993cpjae3x0,b551ac511355ffc9cbd62f0c,1,6,kvasir-seg::cju7aklv31h4309871m29l4e7
train,kvasir-seg::cju2rlqdnoz9k0993cpjae3x0,1e6898b9ef88704f51a3095a,2,6,kvasir-seg::cju7aklv31h4309871m29l4e7
train,kvasir-seg::cju2rlqdnoz9k0993cpjae3x0,52e40574b9a48c6ece3c98b1,3,6,kvasir-seg::cju7aklv31h4309871m29l4e7
train,kvasir-seg::cju2rlqdnoz9k0993cpjae3x0,07a3991bceba63f2fe5d1f27,4,6,kvasir-seg::cju7aklv31h4309871m29l4e7
train,kvasir-seg::cju2rlqdnoz9k0993cpjae3x0,2b06fbfbedf0ec21d915d936,5,6,kvasir-seg::cju7aklv31h4309871m29l4e7
train,kvasir-seg::cju2rlqdnoz9k0993cpjae3x0,2b19a2031f2a4b0a5b5bd28e,6,6,kvasir-seg::cju7aklv31h4309871m29l4e7
train,kvasir-seg::cju2rmd2rsw9g09888hh1efu0,983b1096a8178ae4956eb780,0,1,kvasir-seg::cju1c4fcu40hl07992b8gj0c8
train,kvasir-seg::cju2rmd2rsw9g09888hh1efu0,2101985d4c7609e5e5d3eab1,1,1,kvasir-seg::cju1c4fcu40hl07992b8gj0c8
train,kvasir-seg::cju2rmd2rsw9g09888hh1efu0,fb27557d0db870747a3cdbee,2,1,kvasir-seg::cju1c4fcu40hl07992b8gj0c8
train,kvasir-seg::cju2rmd2rsw9g09888hh1efu0,577e15e340bf8cafc5059171,3,1,kvasir-seg::cju1c4fcu40hl07992b8gj0c8
train,kvasir-seg::cju2rmd2rsw9g09888hh1efu0,db3ac33fdb0b5ee8e4ccc08e,4,1,kvasir-seg::cju1c4fcu40hl07992b8gj0c8
train,kvasir-seg::cju2rmd2rsw9g09888hh1efu0,7e04285a70418773f189c0f5,5,1,kvasir-seg::cju1c4fcu40hl07992b8gj0c8
train,kvasir-seg::cju2rmd2rsw9g09888hh1efu0,2290c81b030fbd90dc9ca157,6,1,kvasir-seg::cju1c4fcu40hl07992b8gj0c8
train,kvasir-seg::cju2rn0hasxri0835nfy3buay,d0c1a192ddaaec138e6c596d,0,1,kvasir-seg::cju1c4fcu40hl07992b8gj0c8
train,kvasir-seg::cju2rn0hasxri0835nfy3buay,e1becdc8617b3a839ca487a3,1,1,kvasir-seg::cju1c4fcu40hl07992b8gj0c8
train,kvasir-seg::cju2rn0hasxri0835nfy3buay,c2407b5a1b98ff2e53952739,2,1,kvasir-seg::cju1c4fcu40hl07992b8gj0c8
train,kvasir-seg::cju2rn0hasxri0835nfy3buay,725e9ba0c5290679387fcd89,3,1,kvasir-seg::cju1c4fcu40hl07992b8gj0c8
train,kvasir-seg::cju2rn0hasxri0835nfy3buay,22b6f9430eca73b6ab9ba967,4,1,kvasir-seg::cju1c4fcu40hl07992b8gj0c8
train,kvasir-seg::cju2rn0hasxri0835nfy3buay,7fac7c7590aaf9bc910e9ed5,5,1,kvasir-seg::cju1c4fcu40hl07992b8gj0c8
train,kvasir-seg::cju2rn0hasxri0835nfy3buay,7beec34953b6d62e1315b940,6,1,kvasir-seg::cju1c4fcu40hl07992b8gj0c8
train,kvasir-seg::cju2rnkt22xep0801as160g9t,4b4383db433f4a49108059ac,0,7,kvasir-seg::cju8bj2ssrmlm0871gc2ug2rs
train,kvasir-seg::cju2rnkt22xep0801as160g9t,2a8109d395b0c2cbb4666df0,1,1,kvasir-seg::cju1c4fcu40hl07992b8gj0c8
train,kvasir-seg::cju2rnkt22xep0801as160g9t,42629aee14357890a9e2d619,2,1,kvasir-seg::cju1c4fcu40hl07992b8gj0c8
train,kvasir-seg::cju2rnkt22xep0801as160g9t,621c77eb642660d1cc397a0e,3,1,kvasir-seg::cju1c4fcu40hl07992b8gj0c8
train,kvasir-seg::cju2rnkt22xep0801as160g9t,d7df49cc09c9a4c4283afb4a,4,1,kvasir-seg::cju1c4fcu40hl07992b8gj0c8
train,kvasir-seg::cju2rnkt22xep0801as160g9t,d98ef1df974503892186c0a7,5,1,kvasir-seg::cju1c4fcu40hl07992b8gj0c8
train,kvasir-seg::cju2rnkt22xep0801as160g9t,33f8dbb4b47da706c35d6c26,6,1,kvasir-seg::cju1c4fcu40hl07992b8gj0c8
train,kvasir-seg::cju2ro5jqsy680988pi6qsujw,1ea074bd9635c5991957f1c8,0,1,kvasir-seg::cju1c4fcu40hl07992b8gj0c8
train,kvasir-seg::cju2ro5jqsy680988pi6qsujw,82645fe05fa51d0d52a58219,1,1,kvasir-seg::cju1c4fcu40hl07992b8gj0c8
train,kvasir-seg::cju2ro5jqsy680988pi6qsujw,a0da54de11d2430ba593cd1a,2,1,kvasir-seg::cju1c4fcu40hl07992b8gj0c8
train,kvasir-seg::cju2ro5jqsy680988pi6qsujw,f19093c55fbd9502be79d82a,3,1,kvasir-seg::cju1c4fcu40hl07992b8gj0c8
train,kvasir-seg::cju2ro5jqsy680988pi6qsujw,6768a5a9736ede9e157412a5,4,1,kvasir-seg::cju1c4fcu40hl07992b8gj0c8
train,kvasir-seg::cju2ro5jqsy680988pi6qsujw,bbc969070382fc81cd471fe5,5,1,kvasir-seg::cju1c4fcu40hl07992b8gj0c8
train,kvasir-seg::cju2ro5jqsy680988pi6qsujw,837046cdbc3eaba2ea16ad22,6,1,kvasir-seg::cju1c4fcu40hl07992b8gj0c8
train,kvasir-seg::cju2rpa30t07b0835im0erql0,dba297e5ecceda43a99ae907,0,6,kvasir-seg::cju7aklv31h4309871m29l4e7
train,kvasir-seg::cju2rpa30t07b0835im0erql0,3dea1f863c521c7353112e35,1,6,kvasir-seg::cju7aklv31h4309871m29l4e7
train,kvasir-seg::cju2rpa30t07b0835im0erql0,cd106b937acbdf5093ea2e19,2,6,kvasir-seg::cju7aklv31h4309871m29l4e7
train,kvasir-seg::cju2rpa30t07b0835im0erql0,0d0680f5a3c5924cb4610063,3,6,kvasir-seg::cju7aklv31h4309871m29l4e7
train,kvasir-seg::cju2rpa30t07b0835im0erql0,b00ac78d0beac6ac0eb119da,4,6,kvasir-seg::cju7aklv31h4309871m29l4e7
train,kvasir-seg::cju2rpa30t07b0835im0erql0,795096e58772b2300e59f818,5,6,kvasir-seg::cju7aklv31h4309871m29l4e7
train,kvasir-seg::cju2rpa30t07b0835im0erql0,5bc020affa6d7636113a9367,6,6,kvasir-seg::cju7aklv31h4309871m29l4e7
train,kvasir-seg::cju2rqo702wpx0855fn7d5cxh,c34106a8906ee0bd308916bb,0,3,kvasir-seg::cju34ymm8d6700799uop0cw33
train,kvasir-seg::cju2rqo702wpx0855fn7d5cxh,2b1ba2216c67882912b82222,1,3,kvasir-seg::cju34ymm8d6700799uop0cw33
train,kvasir-seg::cju2rqo702wpx0855fn7d5cxh,eda89bf21057e0b0f8bb688a,2,6,kvasir-seg::cju7aklv31h4309871m29l4e7
train,kvasir-seg::cju2rqo702wpx0855fn7d5cxh,d04335045eacf800f10c8382,3,6,kvasir-seg::cju7aklv31h4309871m29l4e7
train,kvasir-seg::cju2rqo702wpx0855fn7d5cxh,c2939a0ccf77af320ae51ec0,4,6,kvasir-seg::cju7aklv31h4309871m29l4e7
train,kvasir-seg::cju2rqo702wpx0855fn7d5cxh,0c94b206d88c0d929e01f14a,5,6,kvasir-seg::cju7aklv31h4309871m29l4e7
train,kvasir-seg::cju2rqo702wpx0855fn7d5cxh,de1da6796a67e9e271326f91,6,6,kvasir-seg::cju7aklv31h4309871m29l4e7
train,kvasir-seg::cju2rxm8rpbaf0993o3qr2oph,d30d125c60af6099ccfe09e7,0,1,kvasir-seg::cju1c4fcu40hl07992b8gj0c8
train,kvasir-seg::cju2rxm8rpbaf0993o3qr2oph,a3648688f69c9196eeb0741a,1,1,kvasir-seg::cju1c4fcu40hl07992b8gj0c8
train,kvasir-seg::cju2rxm8rpbaf0993o3qr2oph,9832a2834e3eafafc96a6230,2,1,kvasir-seg::cju1c4fcu40hl07992b8gj0c8
train,kvasir-seg::cju2rxm8rpbaf0993o3qr2oph,0dd772fe272fd96033e75f81,3,1,kvasir-seg::cju1c4fcu40hl07992b8gj0c8
train,kvasir-seg::cju2rxm8rpbaf0993o3qr2oph,50d5c581e41a7677947e8f66,4,1,kvasir-seg::cju1c4fcu40hl07992b8gj0c8
train,kvasir-seg::cju2rxm8rpbaf0993o3qr2oph,a2ada2ba8b8ece9e04f92037,5,1,kvasir-seg::cju1c4fcu40hl07992b8gj0c8
train,kvasir-seg::cju2rxm8rpbaf0993o3qr2oph,16525e4fe1042a65cc62e397,6,1,kvasir-seg::cju1c4fcu40hl07992b8gj0c8
train,kvasir-seg::cju2rz4k434s70855wwx3ddtx,f5d62b3e541788829aeb9dc5,0,6,kvasir-seg::cju7aklv31h4309871m29l4e7
train,kvasir-seg::cju2rz4k434s70855wwx3ddtx,e77f70b23d465ea7378e9e22,1,6,kvasir-seg::cju7aklv31h4309871m29l4e7
train,kvasir-seg::cju2rz4k434s70855wwx3ddtx,493cd6f850b1ebfda4ecd39d,2,6,kvasir-seg::cju7aklv31h4309871m29l4e7
train,kvasir-seg::cju2rz4k434s70855wwx3ddtx,c04bde1085071321fda92022,3,6,kvasir-seg::cju7aklv31h4309871m29l4e7
train,kvasir-seg::cju2rz4k434s70855wwx3ddtx,3bc3968ee959ad86e60f653a,4,6,kvasir-seg::cju7aklv31h4309871m29l4e7
train,kvasir-seg::cju2rz4k434s70855wwx3ddtx,8323c24209ece93a9d76517a,5,6,kvasir-seg::cju7aklv31h4309871m29l4e7
train,kvasir-seg::cju2rz4k434s70855wwx3ddtx,73ad7c9eb0cb57d2b73b9bdf,6,6,kvasir-seg::cju7aklv31h4309871m29l4e7
train,kvasir-seg::cju2rzpsmtb0f0835jabkbao1,e47bc539170f9d0bfc6ee8a4,0,1,kvasir-seg::cju1c4fcu40hl07992b8gj0c8
train,kvasir-seg::cju2rzpsmtb0f0835jabkbao1,8705ef68bab9405a81fc5db7,1,1,kvasir-seg::cju1c4fcu40hl07992b8gj0c8
train,kvasir-seg::cju2rzpsmtb0f0835jabkbao1,dc60730528dfe8b8261f556e,2,1,kvasir-seg::cju1c4fcu40hl07992b8gj0c8
train,kvasir-seg::cju2rzpsmtb0f0835jabkbao1,9c526dbb51ce91150ac55eeb,3,1,kvasir-seg::cju1c4fcu40hl07992b8gj0c8
train,kvasir-seg::cju2rzpsmtb0f0835jabkbao1,1afad730ba013cc2c2fea793,4,1,kvasir-seg::cju1c4fcu40hl07992b8gj0c8
train,kvasir-seg::cju2rzpsmtb0f0835jabkbao1,59949bf677f7677a5102fc04,5,1,kvasir-seg::cju1c4fcu40hl07992b8gj0c8
train,kvasir-seg::cju2rzpsmtb0f0835jabkbao1,979dbdf8645c7974242713cb,6,1,kvasir-seg::cju1c4fcu40hl07992b8gj0c8
train,kvasir-seg::cju2s16zp317h0799gr67jqc2,3e82cb64c9e8aae73badfc67,0,1,kvasir-seg::cju1c4fcu40hl07992b8gj0c8
train,kvasir-seg::cju2s16zp317h0799gr67jqc2,0007db529f9fa42e039b0582,1,1,kvasir-seg::cju1c4fcu40hl07992b8gj0c8
train,kvasir-seg::cju2s16zp317h0799gr67jqc2,d8c30b4f09d6b1cb9e24ebc1,2,1,kvasir-seg::cju1c4fcu40hl07992b8gj0c8
train,kvasir-seg::cju2s16zp317h0799gr67jqc2,24e7845b416b993a178d25aa,3,1,kvasir-seg::cju1c4fcu40hl07992b8gj0c8
train,kvasir-seg::cju2s16zp317h0799gr67jqc2,1ca6099a77e11abf385e5701,4,1,kvasir-seg::cju1c4fcu40hl07992b8gj0c8
train,kvasir-seg::cju2s16zp317h0799gr67jqc2,bb038ca8579e0c46b68e8ebe,5,1,kvasir-seg::cju1c4fcu40hl07992b8gj0c8
train,kvasir-seg::cju2s16zp317h0799gr67jqc2,46aa8e261ec552b0587d045c,6,1,kvasir-seg::cju1c4fcu40hl07992b8gj0c8
train,kvasir-seg::cju2s2527pfyr0993l3h1149a,10215469d85b0b72610ee36e,0,1,kvasir-seg::cju1c4fcu40hl07992b8gj0c8
train,kvasir-seg::cju2s2527pfyr0993l3h1149a,645d7714ccb1050214b79d69,1,1,kvasir-seg::cju1c4fcu40hl07992b8gj0c8
train,kvasir-seg::cju2s2527pfyr0993l3h1149a,f456ca4c9d3148c6932e5507,2,1,kvasir-seg::cju1c4fcu40hl07992b8gj0c8
train,kvasir-seg::cju2s2527pfyr0993l3h1149a,9958378d311623c54e7ff703,3,1,kvasir-seg::cju1c4fcu40hl07992b8gj0c8
train,kvasir-seg::cju2s2527pfyr0993l3h1149a,3e33d1ab2db55ece9ba472be,4,1,kvasir-seg::cju1c4fcu40hl07992b8gj0c8
train,kvasir-seg::cju2s2527pfyr0993l3h1149a,6200ffcad7d97bca731bb0c1,5,1,kvasir-seg::cju1c4fcu40hl07992b8gj0c8
train,kvasir-seg::cju2s2527pfyr0993l3h1149a,89552a3cb4dd7985990a1517,6,1,kvasir-seg::cju1c4fcu40hl07992b8gj0c8
train,kvasir-seg::cju2s9g11pnra0993gn4eh793,018a70b4514e6ebeec1ed0db,0,1,kvasir-seg::cju1c4fcu40hl07992b8gj0c8
train,kvasir-seg::cju2s9g11pnra0993gn4eh793,c7f34d7921621dacd087c6a3,1,1,kvasir-seg::cju1c4fcu40hl07992b8gj0c8
train,kvasir-seg::cju2s9g11pnra0993gn4eh793,179a778c36785963146cbd43,2,1,kvasir-seg::cju1c4fcu40hl07992b8gj0c8
train,kvasir-seg::cju2s9g11pnra0993gn4eh793,9d802cf5a159961e8c099fc8,3,1,kvasir-seg::cju1c4fcu40hl07992b8gj0c8
train,kvasir-seg::cju2s9g11pnra0993gn4eh793,d90a18862abb8d596b8a9914,4,1,kvasir-seg::cju1c4fcu40hl07992b8gj0c8
train,kvasir-seg::cju2s9g11pnra0993gn4eh793,ddf3d05fea89244aac0cef8b,5,1,kvasir-seg::cju1c4fcu40hl07992b8gj0c8
train,kvasir-seg::cju2s9g11pnra0993gn4eh793,4370f6d54ab4a8ceaece3669,6,1,kvasir-seg::cju1c4fcu40hl07992b8gj0c8
train,kvasir-seg::cju2saez63gxl08559ucjq3kt,213ab1bbeb87764fe9d5cca5,0,2,kvasir-seg::cju2pmhtr17a00855cvpelzb0
train,kvasir-seg::cju2saez63gxl08559ucjq3kt,0a296e3fc38a0ffb7db72503,1,2,kvasir-seg::cju2pmhtr17a00855cvpelzb0
train,kvasir-seg::cju2saez63gxl08559ucjq3kt,1322995739ff2d8d650a5977,2,2,kvasir-seg::cju2pmhtr17a00855cvpelzb0
train,kvasir-seg::cju2saez63gxl08559ucjq3kt,b6342d89733691560c380313,3,2,kvasir-seg::cju2pmhtr17a00855cvpelzb0
train,kvasir-seg::cju2saez63gxl08559ucjq3kt,d97d0f1b33e7786edcb80b12,4,2,kvasir-seg::cju2pmhtr17a00855cvpelzb0
train,kvasir-seg::cju2saez63gxl08559ucjq3kt,5174b8be0bff97f6c23fbd3e,5,2,kvasir-seg::cju2pmhtr17a00855cvpelzb0
train,kvasir-seg::cju2saez63gxl08559ucjq3kt,403ebece1e77a5f4336c8fd7,6,2,kvasir-seg::cju2pmhtr17a00855cvpelzb0
train,kvasir-seg::cju2sevf53lkx08558h5bpaig,b92fae79874494b6394ac234,0,1,kvasir-seg::cju1c4fcu40hl07992b8gj0c8
train,kvasir-seg::cju2sevf53lkx08558h5bpaig,0ca6793bfc49e78eb25f05a7,1,1,kvasir-seg::cju1c4fcu40hl07992b8gj0c8
train,kvasir-seg::cju2sevf53lkx08558h5bpaig,142a044e37b8a3a6d51842b5,2,1,kvasir-seg::cju1c4fcu40hl07992b8gj0c8
train,kvasir-seg::cju2sevf53lkx08558h5bpaig,2163127a3c17576cd7964e9d,3,1,kvasir-seg::cju1c4fcu40hl07992b8gj0c8
train,kvasir-seg::cju2sevf53lkx08558h5bpaig,bed77717c10f680bcfcbd725,4,1,kvasir-seg::cju1c4fcu40hl07992b8gj0c8
train,kvasir-seg::cju2sevf53lkx08558h5bpaig,97795fb5b13d0103a150a300,5,1,kvasir-seg::cju1c4fcu40hl07992b8gj0c8
train,kvasir-seg::cju2sevf53lkx08558h5bpaig,586daea9073f497f1f8595eb,6,1,kvasir-seg::cju1c4fcu40hl07992b8gj0c8
train,kvasir-seg::cju2sggy13na70855tbeoqgha,6bcc78b5c6f7f43f750038bf,0,1,kvasir-seg::cju1c4fcu40hl07992b8gj0c8
train,kvasir-seg::cju2sggy13na70855tbeoqgha,2908a1fccf309c30abf0af0f,1,1,kvasir-seg::cju1c4fcu40hl07992b8gj0c8
train,kvasir-seg::cju2sggy13na70855tbeoqgha,b930f3e46c5b0c64dd755983,2,1,kvasir-seg::cju1c4fcu40hl07992b8gj0c8
train,kvasir-seg::cju2sggy13na70855tbeoqgha,da5a04bc2141b6b659d89966,3,1,kvasir-seg::cju1c4fcu40hl07992b8gj0c8
train,kvasir-seg::cju2sggy13na70855tbeoqgha,41a8ba21b8e344af8b528db4,4,1,kvasir-seg::cju1c4fcu40hl07992b8gj0c8
train,kvasir-seg::cju2sggy13na70855tbeoqgha,891bbcfd11c0d02a5c110efc,5,1,kvasir-seg::cju1c4fcu40hl07992b8gj0c8
train,kvasir-seg::cju2sggy13na70855tbeoqgha,3f0b755635996156beed2853,6,1,kvasir-seg::cju1c4fcu40hl07992b8gj0c8
train,kvasir-seg::cju2srvy5440s0801y1ba9akr,66dd58b5b6af9cfe7e9c614a,0,1,kvasir-seg::cju1c4fcu40hl07992b8gj0c8
train,kvasir-seg::cju2srvy5440s0801y1ba9akr,629df8147ed71a1918bf71e2,1,1,kvasir-seg::cju1c4fcu40hl07992b8gj0c8
train,kvasir-seg::cju2srvy5440s0801y1ba9akr,d9ae8aee6316588aa77f4550,2,1,kvasir-seg::cju1c4fcu40hl07992b8gj0c8
train,kvasir-seg::cju2srvy5440s0801y1ba9akr,5791ea88bf62871d06959d58,3,1,kvasir-seg::cju1c4fcu40hl07992b8gj0c8
train,kvasir-seg::cju2srvy5440s0801y1ba9akr,ee663f5ed00b17fde47c4ecb,4,1,kvasir-seg::cju1c4fcu40hl07992b8gj0c8
train,kvasir-seg::cju2srvy5440s0801y1ba9akr,e4f85bfebeaa7ac8a3920123,5,1,kvasir-seg::cju1c4fcu40hl07992b8gj0c8
train,kvasir-seg::cju2srvy5440s0801y1ba9akr,ed651d0c2172d3d4c9859afc,6,1,kvasir-seg::cju1c4fcu40hl07992b8gj0c8
train,kvasir-seg::cju2sszfq3uye0878sucelzk2,8103ab10467346a5390306d2,0,1,kvasir-seg::cju1c4fcu40hl07992b8gj0c8
train,kvasir-seg::cju2sszfq3uye0878sucelzk2,83746dfea7278c0f512765d4,1,1,kvasir-seg::cju1c4fcu40hl07992b8gj0c8
train,kvasir-seg::cju2sszfq3uye0878sucelzk2,04becf500afa18ea0c33b54f,2,1,kvasir-seg::cju1c4fcu40hl07992b8gj0c8
train,kvasir-seg::cju2sszfq3uye0878sucelzk2,e96596197d16cbe681a45228,3,1,kvasir-seg::cju1c4fcu40hl07992b8gj0c8
train,kvasir-seg::cju2sszfq3uye0878sucelzk2,1ff0a5d3157949a7c424a53b,4,1,kvasir-seg::cju1c4fcu40hl07992b8gj0c8
train,kvasir-seg::cju2sszfq3uye0878sucelzk2,d709783297820f64f77bddfc,5,1,kvasir-seg::cju1c4fcu40hl07992b8gj0c8
train,kvasir-seg::cju2sszfq3uye0878sucelzk2,b818df4248d40669ee611800,6,1,kvasir-seg::cju1c4fcu40hl07992b8gj0c8
train,kvasir-seg::cju2suk42469908015ngmq6f2,39fb950c3ef531e6398f6e45,0,6,kvasir-seg::cju7aklv31h4309871m29l4e7
train,kvasir-seg::cju2suk42469908015ngmq6f2,aef16fcf43932b32258f3f61,1,6,kvasir-seg::cju7aklv31h4309871m29l4e7
train,kvasir-seg::cju2suk42469908015ngmq6f2,fbee718645d26f03b33f2c41,2,6,kvasir-seg::cju7aklv31h4309871m29l4e7
train,kvasir-seg::cju2suk42469908015ngmq6f2,d9824586c40acaf3da046fe6,3,6,kvasir-seg::cju7aklv31h4309871m29l4e7
train,kvasir-seg::cju2suk42469908015ngmq6f2,b9b81e8f216fbfcc86b66da6,4,6,kvasir-seg::cju7aklv31h4309871m29l4e7
train,kvasir-seg::cju2suk42469908015ngmq6f2,de68ce72b4608fbf2149120a,5,6,kvasir-seg::cju7aklv31h4309871m29l4e7
train,kvasir-seg::cju2suk42469908015ngmq6f2,a5b87c9957ac41cba5c3f3b1,6,6,kvasir-seg::cju7aklv31h4309871m29l4e7
train,kvasir-seg::cju2syxa93yw40799x2iuwabz,2464240fd6fb9dda69aeaa25,0,1,kvasir-seg::cju1c4fcu40hl07992b8gj0c8
train,kvasir-seg::cju2syxa93yw40799x2iuwabz,a1778e017f04739084380c34,1,1,kvasir-seg::cju1c4fcu40hl07992b8gj0c8
train,kvasir-seg::cju2syxa93yw40799x2iuwabz,6ec890e47c7c2fa9e2e13243,2,1,kvasir-seg::cju1c4fcu40hl07992b8gj0c8
train,kvasir-seg::cju2syxa93yw40799x2iuwabz,3fb2422dfca2631fe15eede2,3,1,kvasir-seg::cju1c4fcu40hl07992b8gj0c8
train,kvasir-seg::cju2syxa93yw40799x2iuwabz,b3b384798352250449b26b37,4,1,kvasir-seg::cju1c4fcu40hl07992b8gj0c8
train,kvasir-seg::cju2syxa93yw40799x2iuwabz,44d0c06b6ae7cb46932dc917,5,1,kvasir-seg::cju1c4fcu40hl07992b8gj0c8
train,kvasir-seg::cju2syxa93yw40799x2iuwabz,46ba7cdaad22b9bffe624e06,6,1,kvasir-seg::cju1c4fcu40hl07992b8gj0c8
train,kvasir-seg::cju2t16vuucaq0835xcpsivn2,6925183946c1f4725470ee82,0,6,kvasir-seg::cju7aklv31h4309871m29l4e7
train,kvasir-seg::cju2t16vuucaq0835xcpsivn2,00b0a0385fcfdc094742af8d,1,6,kvasir-seg::cju7aklv31h4309871m29l4e7
train,kvasir-seg::cju2t16vuucaq0835xcpsivn2,31d91c81719941410d3571e8,2,6,kvasir-seg::cju7aklv31h4309871m29l4e7
train,kvasir-seg::cju2t16vuucaq0835xcpsivn2,d9b57b8d8774e38887e5778a,3,6,kvasir-seg::cju7aklv31h4309871m29l4e7
train,kvasir-seg::cju2t16vuucaq0835xcpsivn2,e507b9f885c71f1be66660fe,4,6,kvasir-seg::cju7aklv31h4309871m29l4e7
train,kvasir-seg::cju2t16vuucaq0835xcpsivn2,2dce5c4e076944f4ecf50226,5,6,kvasir-seg::cju7aklv31h4309871m29l4e7
train,kvasir-seg::cju2t16vuucaq0835xcpsivn2,dd26050a93a4085815952fec,6,6,kvasir-seg::cju7aklv31h4309871m29l4e7
train,kvasir-seg::cju2t3ibkuecr0835o7si16zv,cef666ee1c43ac01ff1a1e38,0,5,kvasir-seg::cju5cu8qkb84x08186jwo8yin
train,kvasir-seg::cju2t3ibkuecr0835o7si16zv,4e42706e5cc87e4fa484ed89,1,5,kvasir-seg::cju5cu8qkb84x08186jwo8yin
train,kvasir-seg::cju2t3ibkuecr0835o7si16zv,12738022d68755dbd94590d6,2,5,kvasir-seg::cju5cu8qkb84x08186jwo8yin
train,kvasir-seg::cju2t3ibkuecr0835o7si16zv,f505b937f664b7e493d003db,3,5,kvasir-seg::cju5cu8qkb84x08186jwo8yin
train,kvasir-seg::cju2t3ibkuecr0835o7si16zv,ecade52286e0ec7b2b2fe181,4,5,kvasir-seg::cju5cu8qkb84x08186jwo8yin
train,kvasir-seg::cju2t3ibkuecr0835o7si16zv,41b0ca2db338f4fae783a31d,5,5,kvasir-seg::cju5cu8qkb84x08186jwo8yin
train,kvasir-seg::cju2t3ibkuecr0835o7si16zv,c11114391ca4c242f870d62d,6,5,kvasir-seg::cju5cu8qkb84x08186jwo8yin
train,kvasir-seg::cju2t62nq45jl0799odpufwx6,7e7273a2ba17641c25883b5e,0,6,kvasir-seg::cju7aklv31h4309871m29l4e7
train,kvasir-seg::cju2t62nq45jl0799odpufwx6,4fd90d81b1a84f649c76a4f3,1,6,kvasir-seg::cju7aklv31h4309871m29l4e7
train,kvasir-seg::cju2t62nq45jl0799odpufwx6,981de00f75be3d33f847e7b1,2,6,kvasir-seg::cju7aklv31h4309871m29l4e7
train,kvasir-seg::cju2t62nq45jl0799odpufwx6,182f646f8532712f706b713e,3,6,kvasir-seg::cju7aklv31h4309871m29l4e7
train,kvasir-seg::cju2t62nq45jl0799odpufwx6,57421376d8f1ce25df02416a,4,6,kvasir-seg::cju7aklv31h4309871m29l4e7
train,kvasir-seg::cju2t62nq45jl0799odpufwx6,7596c1e4f194b330727e4725,5,6,kvasir-seg::cju7aklv31h4309871m29l4e7
train,kvasir-seg::cju2t62nq45jl0799odpufwx6,16d89cb8d8d6d98100a23bf3,6,6,kvasir-seg::cju7aklv31h4309871m29l4e7
train,kvasir-seg::cju2t9tdwuk700835kv0ljmtl,469205b30d88f70508d2f98c,0,1,kvasir-seg::cju1c4fcu40hl07992b8gj0c8
train,kvasir-seg::cju2t9tdwuk700835kv0ljmtl,2599be8eb39c0648230c6c60,1,1,kvasir-seg::cju1c4fcu40hl07992b8gj0c8
train,kvasir-seg::cju2t9tdwuk700835kv0ljmtl,ebd34b0207c410bd93c2cc6d,2,1,kvasir-seg::cju1c4fcu40hl07992b8gj0c8
train,kvasir-seg::cju2t9tdwuk700835kv0ljmtl,1a177f66e67e0cadc7fc4229,3,1,kvasir-seg::cju1c4fcu40hl07992b8gj0c8
train,kvasir-seg::cju2t9tdwuk700835kv0ljmtl,d73b5855e83929df22ea6a5d,4,1,kvasir-seg::cju1c4fcu40hl07992b8gj0c8
train,kvasir-seg::cju2t9tdwuk700835kv0ljmtl,282ad2647331a81e9cbd48ef,5,1,kvasir-seg::cju1c4fcu40hl07992b8gj0c8
train,kvasir-seg::cju2t9tdwuk700835kv0ljmtl,c19a84e8b4dbda18bbf41abc,6,1,kvasir-seg::cju1c4fcu40hl07992b8gj0c8
train,kvasir-seg::cju2ti1du4idn0878giuozonw,1277f8fc61b21b5dd5380a8b,0,1,kvasir-seg::cju1c4fcu40hl07992b8gj0c8
train,kvasir-seg::cju2ti1du4idn0878giuozonw,d68b425e89e7d435327d0e4e,1,1,kvasir-seg::cju1c4fcu40hl07992b8gj0c8
train,kvasir-seg::cju2ti1du4idn0878giuozonw,9e245498ec578e57ff8d5407,2,1,kvasir-seg::cju1c4fcu40hl07992b8gj0c8
train,kvasir-seg::cju2ti1du4idn0878giuozonw,2b392b6f50d875e2a89ef968,3,1,kvasir-seg::cju1c4fcu40hl07992b8gj0c8
train,kvasir-seg::cju2ti1du4idn0878giuozonw,56f8ec68acdc787ea00b2fab,4,1,kvasir-seg::cju1c4fcu40hl07992b8gj0c8
train,kvasir-seg::cju2ti1du4idn0878giuozonw,ee6e5dfc91edda84dba06c4c,5,1,kvasir-seg::cju1c4fcu40hl07992b8gj0c8
train,kvasir-seg::cju2ti1du4idn0878giuozonw,be6b01b1cc2f212a1079daf7,6,1,kvasir-seg::cju1c4fcu40hl07992b8gj0c8
train,kvasir-seg::cju2top2ruxxy0988p1svx36g,d026f0fc2484c67219033de5,0,6,kvasir-seg::cju7aklv31h4309871m29l4e7
train,kvasir-seg::cju2top2ruxxy0988p1svx36g,9e98cc629be624656d8cceb2,1,6,kvasir-seg::cju7aklv31h4309871m29l4e7
train,kvasir-seg::cju2top2ruxxy0988p1svx36g,2918af0a150f03bd168d4d21,2,6,kvasir-seg::cju7aklv31h4309871m29l4e7
train,kvasir-seg::cju2top2ruxxy0988p1svx36g,9ff3ad6a0b32f01e031bd9cb,3,6,kvasir-seg::cju7aklv31h4309871m29l4e7
train,kvasir-seg::cju2top2ruxxy0988p1svx36g,7f61f8c433e814c0f2510644,4,6,kvasir-seg::cju7aklv31h4309871m29l4e7
train,kvasir-seg::cju2top2ruxxy0988p1svx36g,e0983d26a7ec7bbc823bf182,5,6,kvasir-seg::cju7aklv31h4309871m29l4e7
train,kvasir-seg::cju2top2ruxxy0988p1svx36g,dc2f442a0a1c0b63084ffcc5,6,6,kvasir-seg::cju7aklv31h4309871m29l4e7
train,kvasir-seg::cju2tpfa5uyx408359datxqqj,e3763b70d66d4e5208362260,0,1,kvasir-seg::cju1c4fcu40hl07992b8gj0c8
train,kvasir-seg::cju2tpfa5uyx408359datxqqj,1d229c8f62aa12c12ff4c095,1,1,kvasir-seg::cju1c4fcu40hl07992b8gj0c8
train,kvasir-seg::cju2tpfa5uyx408359datxqqj,c1e4dcb7df4b545609ac2029,2,1,kvasir-seg::cju1c4fcu40hl07992b8gj0c8
train,kvasir-seg::cju2tpfa5uyx408359datxqqj,1a4e6f06e9486f5f3b8dd6a0,3,1,kvasir-seg::cju1c4fcu40hl07992b8gj0c8
train,kvasir-seg::cju2tpfa5uyx408359datxqqj,0275db979807d8c2833f1a8e,4,1,kvasir-seg::cju1c4fcu40hl07992b8gj0c8
train,kvasir-seg::cju2tpfa5uyx408359datxqqj,92008a441cb128bd86a1e35c,5,1,kvasir-seg::cju1c4fcu40hl07992b8gj0c8
train,kvasir-seg::cju2tpfa5uyx408359datxqqj,4d0341f6d388db5b34ac0ff0,6,1,kvasir-seg::cju1c4fcu40hl07992b8gj0c8
train,kvasir-seg::cju2tqfgw4oat0799rn0g5b2z,e73b501285378dd09a2230d5,0,6,kvasir-seg::cju7aklv31h4309871m29l4e7
train,kvasir-seg::cju2tqfgw4oat0799rn0g5b2z,9801012c3c6e918ace99593f,1,6,kvasir-seg::cju7aklv31h4309871m29l4e7
train,kvasir-seg::cju2tqfgw4oat0799rn0g5b2z,472fcbb5380dca2e3f6b3be1,2,6,kvasir-seg::cju7aklv31h4309871m29l4e7
train,kvasir-seg::cju2tqfgw4oat0799rn0g5b2z,5a7eaa5fcf973f4bdba42600,3,6,kvasir-seg::cju7aklv31h4309871m29l4e7
train,kvasir-seg::cju2tqfgw4oat0799rn0g5b2z,db0ede9a67667955e68e438b,4,6,kvasir-seg::cju7aklv31h4309871m29l4e7
train,kvasir-seg::cju2tqfgw4oat0799rn0g5b2z,fe54e34dc43a75db7273fc3a,5,6,kvasir-seg::cju7aklv31h4309871m29l4e7
train,kvasir-seg::cju2tqfgw4oat0799rn0g5b2z,133c9b611f5f917565f83346,6,6,kvasir-seg::cju7aklv31h4309871m29l4e7
train,kvasir-seg::cju2trbpkv0c00988hxla5dzz,60c4a38c9f20ac1706bdbdcd,0,6,kvasir-seg::cju7aklv31h4309871m29l4e7
train,kvasir-seg::cju2trbpkv0c00988hxla5dzz,7b667fef4ae2473f6948d537,1,2,kvasir-seg::cju2pmhtr17a00855cvpelzb0
train,kvasir-seg::cju2trbpkv0c00988hxla5dzz,293b51528992b71edf1dae0b,2,2,kvasir-seg::cju2pmhtr17a00855cvpelzb0
train,kvasir-seg::cju2trbpkv0c00988hxla5dzz,69ebff1a6f4a898d56c745b5,3,6,kvasir-seg::cju7aklv31h4309871m29l4e7
train,kvasir-seg::cju2trbpkv0c00988hxla5dzz,952f34bd64bdd13edcafd03f,4,6,kvasir-seg::cju7aklv31h4309871m29l4e7
train,kvasir-seg::cju2trbpkv0c00988hxla5dzz,c9be5355478e6df2c7cfa669,5,6,kvasir-seg::cju7aklv31h4309871m29l4e7
train,kvasir-seg::cju2trbpkv0c00988hxla5dzz,249f607911f5642613c6fb0c,6,6,kvasir-seg::cju7aklv31h4309871m29l4e7
train,kvasir-seg::cju2trtjf4qjd0878a2zle9v9,6c14536aac9f5cba828b0fa8,0,1,kvasir-seg::cju1c4fcu40hl07992b8gj0c8
train,kvasir-seg::cju2trtjf4qjd0878a2zle9v9,2fba5c394bd2273c9b5804fd,1,1,kvasir-seg::cju1c4fcu40hl07992b8gj0c8
train,kvasir-seg::cju2trtjf4qjd0878a2zle9v9,e4466bb466da3a7a898b6b2e,2,1,kvasir-seg::cju1c4fcu40hl07992b8gj0c8
train,kvasir-seg::cju2trtjf4qjd0878a2zle9v9,33fa4df94f050666075a12ae,3,1,kvasir-seg::cju1c4fcu40hl07992b8gj0c8
train,kvasir-seg::cju2trtjf4qjd0878a2zle9v9,d02728228394a4ffb2f82df1,4,1,kvasir-seg::cju1c4fcu40hl07992b8gj0c8
train,kvasir-seg::cju2trtjf4qjd0878a2zle9v9,a9773cf39be2e41eec6be621,5,1,kvasir-seg::cju1c4fcu40hl07992b8gj0c8
train,kvasir-seg::cju2trtjf4qjd0878a2zle9v9,d2eb2db102630af08778d8d0,6,1,kvasir-seg::cju1c4fcu40hl07992b8gj0c8
train,kvasir-seg::cju2tvrvm53ws0801a0jfjdxg,52b4962ff4d58475718cfa39,0,1,kvasir-seg::cju1c4fcu40hl07992b8gj0c8
train,kvasir-seg::cju2tvrvm53ws0801a0jfjdxg,2e8e2061373df895228dbfe1,1,1,kvasir-seg::cju1c4fcu40hl07992b8gj0c8
train,kvasir-seg::cju2tvrvm53ws0801a0jfjdxg,e03368705989a163ea6dbe15,2,1,kvasir-seg::cju1c4fcu40hl07992b8gj0c8
train,kvasir-seg::cju2tvrvm53ws0801a0jfjdxg,331f8a2b27e81f0299c2f9bd,3,1,kvasir-seg::cju1c4fcu40hl07992b8gj0c8
train,kvasir-seg::cju2tvrvm53ws0801a0jfjdxg,053bda22f3c2213345b634df,4,1,kvasir-seg::cju1c4fcu40hl07992b8gj0c8
train,kvasir-seg::cju2tvrvm53ws0801a0jfjdxg,52c0f9e3f40fbe2486d575fd,5,1,kvasir-seg::cju1c4fcu40hl07992b8gj0c8
train,kvasir-seg::cju2tvrvm53ws0801a0jfjdxg,e7c276c8d3361c3c338bf8ea,6,1,kvasir-seg::cju1c4fcu40hl07992b8gj0c8
train,kvasir-seg::cju2txjfzv60w098839dcimys,0e8f7f7406821c3e0bd8964e,0,6,kvasir-seg::cju7aklv31h4309871m29l4e7
train,kvasir-seg::cju2txjfzv60w098839dcimys,2a1f6ffcbcca87d17a7616ee,1,6,kvasir-seg::cju7aklv31h4309871m29l4e7
train,kvasir-seg::cju2txjfzv60w098839dcimys,25427e8ce528730d3da83760,2,6,kvasir-seg::cju7aklv31h4309871m29l4e7
train,kvasir-seg::cju2txjfzv60w098839dcimys,356f647c03f07ce1960b30f0,3,6,kvasir-seg::cju7aklv31h4309871m29l4e7
train,kvasir-seg::cju2txjfzv60w098839dcimys,85d7abcae00b6575492a78be,4,6,kvasir-seg::cju7aklv31h4309871m29l4e7
train,kvasir-seg::cju2txjfzv60w098839dcimys,4ad3a036d3e5abb4874744b2,5,6,kvasir-seg::cju7aklv31h4309871m29l4e7
train,kvasir-seg::cju2txjfzv60w098839dcimys,e3548c01a6cf68ee521a426c,6,6,kvasir-seg::cju7aklv31h4309871m29l4e7
train,kvasir-seg::cju2u2b9o4zvp08788qb9nqxj,6edf9a5d9116298aeb99f22a,0,6,kvasir-seg::cju7aklv31h4309871m29l4e7
train,kvasir-seg::cju2u2b9o4zvp08788qb9nqxj,b82bc5b1add609246bbd4a8f,1,6,kvasir-seg::cju7aklv31h4309871m29l4e7
train,kvasir-seg::cju2u2b9o4zvp08788qb9nqxj,2fa18a9d91cd4b825fef73cc,2,6,kvasir-seg::cju7aklv31h4309871m29l4e7
train,kvasir-seg::cju2u2b9o4zvp08788qb9nqxj,11a80b826a1299b71f0738fd,3,6,kvasir-seg::cju7aklv31h4309871m29l4e7
train,kvasir-seg::cju2u2b9o4zvp08788qb9nqxj,d445f668702c483f314c2784,4,6,kvasir-seg::cju7aklv31h4309871m29l4e7
train,kvasir-seg::cju2u2b9o4zvp08788qb9nqxj,1c6afc6c5121201eb2c197e6,5,6,kvasir-seg::cju7aklv31h4309871m29l4e7
train,kvasir-seg::cju2u2b9o4zvp08788qb9nqxj,23f13e3b154d2c98415aabe0,6,6,kvasir-seg::cju7aklv31h4309871m29l4e7
train,kvasir-seg::cju2u73dj53oz0878486k8k4b,427a6e3a39fbae190f65675c,0,1,kvasir-seg::cju1c4fcu40hl07992b8gj0c8
train,kvasir-seg::cju2u73dj53oz0878486k8k4b,c9c4b837ceafb5de9170f171,1,1,kvasir-seg::cju1c4fcu40hl07992b8gj0c8
train,kvasir-seg::cju2u73dj53oz0878486k8k4b,0d225dc7db68f422a08f7a32,2,1,kvasir-seg::cju1c4fcu40hl07992b8gj0c8
train,kvasir-seg::cju2u73dj53oz0878486k8k4b,25b2f58b501c6a601dff843d,3,1,kvasir-seg::cju1c4fcu40hl07992b8gj0c8
train,kvasir-seg::cju2u73dj53oz0878486k8k4b,7b40f92ffce95dcd2f50226d,4,1,kvasir-seg::cju1c4fcu40hl07992b8gj0c8
train,kvasir-seg::cju2u73dj53oz0878486k8k4b,3f6ad244e6a64e5dcc36b215,5,1,kvasir-seg::cju1c4fcu40hl07992b8gj0c8
train,kvasir-seg::cju2u73dj53oz0878486k8k4b,0a7349c58597bdcad2281f29,6,1,kvasir-seg::cju1c4fcu40hl07992b8gj0c8
train,kvasir-seg::cju2ueb6j5ado0878vf5md13o,aea801107008bf508ac98270,0,1,kvasir-seg::cju1c4fcu40hl07992b8gj0c8
train,kvasir-seg::cju2ueb6j5ado0878vf5md13o,17e838e924f5d19ebdc26cab,1,1,kvasir-seg::cju1c4fcu40hl07992b8gj0c8
train,kvasir-seg::cju2ueb6j5ado0878vf5md13o,72c7a9767cfa043514e97a10,2,1,kvasir-seg::cju1c4fcu40hl07992b8gj0c8
train,kvasir-seg::cju2ueb6j5ado0878vf5md13o,d29d0cd1b5c92fc9e8208dfa,3,1,kvasir-seg::cju1c4fcu40hl07992b8gj0c8
train,kvasir-seg::cju2ueb6j5ado0878vf5md13o,4554d9c0b24ce0171967b489,4,1,kvasir-seg::cju1c4fcu40hl07992b8gj0c8
train,kvasir-seg::cju2ueb6j5ado0878vf5md13o,f828d9e05d28785c9f290b8e,5,1,kvasir-seg::cju1c4fcu40hl07992b8gj0c8
train,kvasir-seg::cju2ueb6j5ado0878vf5md13o,1e54bb19335cb9bb0c3892d1,6,1,kvasir-seg::cju1c4fcu40hl07992b8gj0c8
train,kvasir-seg::cju2ulk385h170799rlklxob0,eeb645968800965a46ddbf75,0,1,kvasir-seg::cju1c4fcu40hl07992b8gj0c8
train,kvasir-seg::cju2ulk385h170799rlklxob0,ccf9360d69c4e40db616b4de,1,1,kvasir-seg::cju1c4fcu40hl07992b8gj0c8
train,kvasir-seg::cju2ulk385h170799rlklxob0,b68dbd9817e635a9e13e976d,2,1,kvasir-seg::cju1c4fcu40hl07992b8gj0c8
train,kvasir-seg::cju2ulk385h170799rlklxob0,22515c761abe2c2d79277148,3,1,kvasir-seg::cju1c4fcu40hl07992b8gj0c8
train,kvasir-seg::cju2ulk385h170799rlklxob0,cfa367b232e9612dbad024ae,4,1,kvasir-seg::cju1c4fcu40hl07992b8gj0c8
train,kvasir-seg::cju2ulk385h170799rlklxob0,9df16f4270b0a86750aa851c,5,1,kvasir-seg::cju1c4fcu40hl07992b8gj0c8
train,kvasir-seg::cju2ulk385h170799rlklxob0,5837cd645844ec67e0ae86ea,6,1,kvasir-seg::cju1c4fcu40hl07992b8gj0c8
train,kvasir-seg::cju2uokeg5jm20799xwgsyz89,a1b99ae1aa0e2e6e59f267ce,0,1,kvasir-seg::cju1c4fcu40hl07992b8gj0c8
train,kvasir-seg::cju2uokeg5jm20799xwgsyz89,1cc300f17e0c4e336d919a5a,1,1,kvasir-seg::cju1c4fcu40hl07992b8gj0c8
train,kvasir-seg::cju2uokeg5jm20799xwgsyz89,b7a178bac9049116f1770881,2,1,kvasir-seg::cju1c4fcu40hl07992b8gj0c8
train,kvasir-seg::cju2uokeg5jm20799xwgsyz89,17774fc8c751af01f92ed078,3,1,kvasir-seg::cju1c4fcu40hl07992b8gj0c8
train,kvasir-seg::cju2uokeg5jm20799xwgsyz89,5c823984a6fbbfa3356529a1,4,1,kvasir-seg::cju1c4fcu40hl07992b8gj0c8
train,kvasir-seg::cju2uokeg5jm20799xwgsyz89,767b56cf79a3bac9fbdd5424,5,1,kvasir-seg::cju1c4fcu40hl07992b8gj0c8
train,kvasir-seg::cju2uokeg5jm20799xwgsyz89,514f2ca652ec424589f8eb01,6,1,kvasir-seg::cju1c4fcu40hl07992b8gj0c8
train,kvasir-seg::cju2upu4evw7g08358guwozxv,14b12581246f55fd23751a19,0,6,kvasir-seg::cju7aklv31h4309871m29l4e7
train,kvasir-seg::cju2upu4evw7g08358guwozxv,766762920baeb55a7f6d2fe1,1,6,kvasir-seg::cju7aklv31h4309871m29l4e7
train,kvasir-seg::cju2upu4evw7g08358guwozxv,18d64e78e0a49a870d344edb,2,6,kvasir-seg::cju7aklv31h4309871m29l4e7
train,kvasir-seg::cju2upu4evw7g08358guwozxv,39848bf3e0cf5614a00627e6,3,6,kvasir-seg::cju7aklv31h4309871m29l4e7
train,kvasir-seg::cju2upu4evw7g08358guwozxv,65ca1c39e174dd4b2ec74253,4,6,kvasir-seg::cju7aklv31h4309871m29l4e7
train,kvasir-seg::cju2upu4evw7g08358guwozxv,fb6592e6aa07bf58af4cb321,5,6,kvasir-seg::cju7aklv31h4309871m29l4e7
train,kvasir-seg::cju2upu4evw7g08358guwozxv,7302ba6ad3f30bfd18a0bdb5,6,6,kvasir-seg::cju7aklv31h4309871m29l4e7
train,kvasir-seg::cju2uwz9f5yf1085506cfamfx,cc64aa638d21a800ebcd7f7c,0,1,kvasir-seg::cju1c4fcu40hl07992b8gj0c8
train,kvasir-seg::cju2uwz9f5yf1085506cfamfx,c22b336acbf8e77c9e7c2150,1,1,kvasir-seg::cju1c4fcu40hl07992b8gj0c8
train,kvasir-seg::cju2uwz9f5yf1085506cfamfx,6c1128b1363e4bf7928ab6ef,2,1,kvasir-seg::cju1c4fcu40hl07992b8gj0c8
train,kvasir-seg::cju2uwz9f5yf1085506cfamfx,dd61e80bd902ca495cc54f70,3,1,kvasir-seg::cju1c4fcu40hl07992b8gj0c8
train,kvasir-seg::cju2uwz9f5yf1085506cfamfx,ad999fe0c642c2d1c07919a6,4,1,kvasir-seg::cju1c4fcu40hl07992b8gj0c8
train,kvasir-seg::cju2uwz9f5yf1085506cfamfx,866d45eb1188d90f3cbaf93e,5,1,kvasir-seg::cju1c4fcu40hl07992b8gj0c8
train,kvasir-seg::cju2uwz9f5yf1085506cfamfx,080d1c56f7cd6897088fe465,6,1,kvasir-seg::cju1c4fcu40hl07992b8gj0c8
train,kvasir-seg::cju2uy8ox62jo0801g88hh42z,f93e0dc25fe45a4220da2406,0,1,kvasir-seg::cju1c4fcu40hl07992b8gj0c8
train,kvasir-seg::cju2uy8ox62jo0801g88hh42z,7130570679f4f1b4f82972e1,1,1,kvasir-seg::cju1c4fcu40hl07992b8gj0c8
train,kvasir-seg::cju2uy8ox62jo0801g88hh42z,a008c37650bb31b93325611e,2,1,kvasir-seg::cju1c4fcu40hl07992b8gj0c8
train,kvasir-seg::cju2uy8ox62jo0801g88hh42z,08df07c73f21f829fd16cae6,3,1,kvasir-seg::cju1c4fcu40hl07992b8gj0c8
train,kvasir-seg::cju2uy8ox62jo0801g88hh42z,a8278c1f00513849486edd27,4,1,kvasir-seg::cju1c4fcu40hl07992b8gj0c8
train,kvasir-seg::cju2uy8ox62jo0801g88hh42z,b3f12a22e8338be56e07c350,5,1,kvasir-seg::cju1c4fcu40hl07992b8gj0c8
train,kvasir-seg::cju2uy8ox62jo0801g88hh42z,6019ec5ccb443f3acf836219,6,1,kvasir-seg::cju1c4fcu40hl07992b8gj0c8
train,kvasir-seg::cju2wtwj87kys0855kx6mddzw,f74e7a01a18d98fe66174005,0,1,kvasir-seg::cju1c4fcu40hl07992b8gj0c8
train,kvasir-seg::cju2wtwj87kys0855kx6mddzw,46ba4bfccce97611c26489d6,1,1,kvasir-seg::cju1c4fcu40hl07992b8gj0c8
train,kvasir-seg::cju2wtwj87kys0855kx6mddzw,a655694aa3b9d21e03d16bc4,2,1,kvasir-seg::cju1c4fcu40hl07992b8gj0c8
train,kvasir-seg::cju2wtwj87kys0855kx6mddzw,d120df4f8a05658d4cb304c0,3,1,kvasir-seg::cju1c4fcu40hl07992b8gj0c8
train,kvasir-seg::cju2wtwj87kys0855kx6mddzw,a56bf2b0571c6c1ea2685c41,4,1,kvasir-seg::cju1c4fcu40hl07992b8gj0c8
train,kvasir-seg::cju2wtwj87kys0855kx6mddzw,efa32fd2b2b5bc6e5cebea6b,5,1,kvasir-seg::cju1c4fcu40hl07992b8gj0c8
train,kvasir-seg::cju2wtwj87kys0855kx6mddzw,20a0f591f7bc37d576ac86a2,6,1,kvasir-seg::cju1c4fcu40hl07992b8gj0c8
train,kvasir-seg::cju2wx0gh7fpz0878wwyd9ep8,b63cf5a91ac52f8cc9c95fc8,0,5,kvasir-seg::cju5cu8qkb84x08186jwo8yin
train,kvasir-seg::cju2wx0gh7fpz0878wwyd9ep8,a278a65bcb9a429127bc3f71,1,5,kvasir-seg::cju5cu8qkb84x08186jwo8yin
train,kvasir-seg::cju2wx0gh7fpz0878wwyd9ep8,25d6c13737a8fdfce0107dc2,2,5,kvasir-seg::cju5cu8qkb84x08186jwo8yin
train,kvasir-seg::cju2wx0gh7fpz0878wwyd9ep8,94f98ae007ebc708c387edc6,3,5,kvasir-seg::cju5cu8qkb84x08186jwo8yin
train,kvasir-seg::cju2wx0gh7fpz0878wwyd9ep8,59e2536ca4eb34c160c64c91,4,5,kvasir-seg::cju5cu8qkb84x08186jwo8yin
train,kvasir-seg::cju2wx0gh7fpz0878wwyd9ep8,80532d7ff6599162cf1c7b01,5,5,kvasir-seg::cju5cu8qkb84x08186jwo8yin
train,kvasir-seg::cju2wx0gh7fpz0878wwyd9ep8,d8201d74a36127b34171a538,6,5,kvasir-seg::cju5cu8qkb84x08186jwo8yin
train,kvasir-seg::cju2wxv0hxs2f09884w48v8fi,4fafb05e45bc746642d7db89,0,1,kvasir-seg::cju1c4fcu40hl07992b8gj0c8
train,kvasir-seg::cju2wxv0hxs2f09884w48v8fi,e6682cd9386bcbeb45bbb0c2,1,1,kvasir-seg::cju1c4fcu40hl07992b8gj0c8
train,kvasir-seg::cju2wxv0hxs2f09884w48v8fi,80211bf97d0c5f7e184c69da,2,1,kvasir-seg::cju1c4fcu40hl07992b8gj0c8
train,kvasir-seg::cju2wxv0hxs2f09884w48v8fi,81bec191916a5f5ef762c253,3,1,kvasir-seg::cju1c4fcu40hl07992b8gj0c8
train,kvasir-seg::cju2wxv0hxs2f09884w48v8fi,b00313c2010f622d088d1f32,4,1,kvasir-seg::cju1c4fcu40hl07992b8gj0c8
train,kvasir-seg::cju2wxv0hxs2f09884w48v8fi,f7f88bcd7fe2983e43f33dbc,5,1,kvasir-seg::cju1c4fcu40hl07992b8gj0c8
train,kvasir-seg::cju2wxv0hxs2f09884w48v8fi,f1b29309ff8fcf8f6c41866f,6,1,kvasir-seg::cju1c4fcu40hl07992b8gj0c8
train,kvasir-seg::cju2wzu8wxtgu09880ku9x1pg,54d42424adf917dd93bd4ae3,0,1,kvasir-seg::cju1c4fcu40hl07992b8gj0c8
train,kvasir-seg::cju2wzu8wxtgu09880ku9x1pg,7c315770676f7835c6cffa6f,1,1,kvasir-seg::cju1c4fcu40hl07992b8gj0c8
train,kvasir-seg::cju2wzu8wxtgu09880ku9x1pg,7316f41b4f1d6b79108b59ed,2,1,kvasir-seg::cju1c4fcu40hl07992b8gj0c8
train,kvasir-seg::cju2wzu8wxtgu09880ku9x1pg,1f3a9076c04b1da600c24a78,3,1,kvasir-seg::cju1c4fcu40hl07992b8gj0c8
train,kvasir-seg::cju2wzu8wxtgu09880ku9x1pg,8189414062e587235dde8d0b,4,1,kvasir-seg::cju1c4fcu40hl07992b8gj0c8
train,kvasir-seg::cju2wzu8wxtgu09880ku9x1pg,cca1b11ef2383c21e847ffda,5,1,kvasir-seg::cju1c4fcu40hl07992b8gj0c8
train,kvasir-seg::cju2wzu8wxtgu09880ku9x1pg,a91de9e2039c471d966659d8,6,1,kvasir-seg::cju1c4fcu40hl07992b8gj0c8
train,kvasir-seg::cju2x7vw87mu30878hye2ca0m,cf3b26b25482629c5e5a7f4b,0,6,kvasir-seg::cju7aklv31h4309871m29l4e7
train,kvasir-seg::cju2x7vw87mu30878hye2ca0m,fb1973bfdee0641344bde222,1,6,kvasir-seg::cju7aklv31h4309871m29l4e7
train,kvasir-seg::cju2x7vw87mu30878hye2ca0m,12a3143bd16809b2f7f9e4b2,2,6,kvasir-seg::cju7aklv31h4309871m29l4e7
train,kvasir-seg::cju2x7vw87mu30878hye2ca0m,22f5b17eb85ba5ba1b643c5d,3,6,kvasir-seg::cju7aklv31h4309871m29l4e7
train,kvasir-seg::cju2x7vw87mu30878hye2ca0m,77481f111f45b1e7244f78e1,4,6,kvasir-seg::cju7aklv31h4309871m29l4e7
train,kvasir-seg::cju2x7vw87mu30878hye2ca0m,160f23fe21d19b436e1f0022,5,6,kvasir-seg::cju7aklv31h4309871m29l4e7
train,kvasir-seg::cju2x7vw87mu30878hye2ca0m,1cfae0011d1cd0e32d1a5301,6,6,kvasir-seg::cju7aklv31h4309871m29l4e7
train,kvasir-seg::cju2xa3i4y0160988i679zsqd,ed0ce08167a606225cb6c4ff,0,1,kvasir-seg::cju1c4fcu40hl07992b8gj0c8
train,kvasir-seg::cju2xa3i4y0160988i679zsqd,31cb598373bfb17b1b827532,1,1,kvasir-seg::cju1c4fcu40hl07992b8gj0c8
train,kvasir-seg::cju2xa3i4y0160988i679zsqd,14c5d85668f9b481d923e307,2,1,kvasir-seg::cju1c4fcu40hl07992b8gj0c8
train,kvasir-seg::cju2xa3i4y0160988i679zsqd,b28f5b0093ea49d32d48babc,3,1,kvasir-seg::cju1c4fcu40hl07992b8gj0c8
train,kvasir-seg::cju2xa3i4y0160988i679zsqd,fd02a8ab6dcc22393a85ef11,4,1,kvasir-seg::cju1c4fcu40hl07992b8gj0c8
train,kvasir-seg::cju2xa3i4y0160988i679zsqd,08882c612583ebf9fa37a920,5,1,kvasir-seg::cju1c4fcu40hl07992b8gj0c8
train,kvasir-seg::cju2xa3i4y0160988i679zsqd,78fa25b0cfa507c89e2b9bfc,6,1,kvasir-seg::cju1c4fcu40hl07992b8gj0c8
train,kvasir-seg::cju2xbk0080y80801eghyddi2,ff2d18cfd2768f4b440b5f1b,0,6,kvasir-seg::cju7aklv31h4309871m29l4e7
train,kvasir-seg::cju2xbk0080y80801eghyddi2,ca5ad7e25185b9dad8c82df3,1,6,kvasir-seg::cju7aklv31h4309871m29l4e7
train,kvasir-seg::cju2xbk0080y80801eghyddi2,13a3352d1ffa48c18323f4ad,2,6,kvasir-seg::cju7aklv31h4309871m29l4e7
train,kvasir-seg::cju2xbk0080y80801eghyddi2,cedf86653a83271245d6fdfe,3,6,kvasir-seg::cju7aklv31h4309871m29l4e7
train,kvasir-seg::cju2xbk0080y80801eghyddi2,57ac2f2ee0d1d6bfc5b9cb28,4,6,kvasir-seg::cju7aklv31h4309871m29l4e7
train,kvasir-seg::cju2xbk0080y80801eghyddi2,7788c99c9f6bf4b4d69c1d0a,5,6,kvasir-seg::cju7aklv31h4309871m29l4e7
train,kvasir-seg::cju2xbk0080y80801eghyddi2,ccb6b9685b2400f24b47c259,6,6,kvasir-seg::cju7aklv31h4309871m29l4e7
train,kvasir-seg::cju2xd75m82720801q4s4ik3n,e40a4c1fa27419311894f728,0,6,kvasir-seg::cju7aklv31h4309871m29l4e7
train,kvasir-seg::cju2xd75m82720801q4s4ik3n,8abb1e6a21c286864d3c3be4,1,6,kvasir-seg::cju7aklv31h4309871m29l4e7
train,kvasir-seg::cju2xd75m82720801q4s4ik3n,803bbf0d172bac57108938d5,2,6,kvasir-seg::cju7aklv31h4309871m29l4e7
train,kvasir-seg::cju2xd75m82720801q4s4ik3n,a8e0bab5a9a978d1ece93e32,3,6,kvasir-seg::cju7aklv31h4309871m29l4e7
train,kvasir-seg::cju2xd75m82720801q4s4ik3n,ff7c221ba6f5b2aec43a7a6b,4,6,kvasir-seg::cju7aklv31h4309871m29l4e7
train,kvasir-seg::cju2xd75m82720801q4s4ik3n,aaae3bcb1f0d2892658e2de0,5,6,kvasir-seg::cju7aklv31h4309871m29l4e7
train,kvasir-seg::cju2xd75m82720801q4s4ik3n,e83663682a68ddd8dd0f634b,6,6,kvasir-seg::cju7aklv31h4309871m29l4e7
train,kvasir-seg::cju2xf8e5y2wm08359vcgk09b,5fc425f11535b3a8912a03c0,0,1,kvasir-seg::cju1c4fcu40hl07992b8gj0c8
train,kvasir-seg::cju2xf8e5y2wm08359vcgk09b,248e4dae456482fd12509313,1,1,kvasir-seg::cju1c4fcu40hl07992b8gj0c8
train,kvasir-seg::cju2xf8e5y2wm08359vcgk09b,8788207a85de8b5ab88e8bf0,2,1,kvasir-seg::cju1c4fcu40hl07992b8gj0c8
train,kvasir-seg::cju2xf8e5y2wm08359vcgk09b,fb58be0ade15599404b136f2,3,1,kvasir-seg::cju1c4fcu40hl07992b8gj0c8
train,kvasir-seg::cju2xf8e5y2wm08359vcgk09b,d02c1985048521240ebd9684,4,1,kvasir-seg::cju1c4fcu40hl07992b8gj0c8
train,kvasir-seg::cju2xf8e5y2wm08359vcgk09b,e37f0348f74b90a5e1254846,5,1,kvasir-seg::cju1c4fcu40hl07992b8gj0c8
train,kvasir-seg::cju2xf8e5y2wm08359vcgk09b,ea621d448c0a978dc3ac0ee7,6,1,kvasir-seg::cju1c4fcu40hl07992b8gj0c8
train,kvasir-seg::cju2xjz2ju8pe0993ysv9wg17,ae27e6e8696ed916d76dbb3d,0,6,kvasir-seg::cju7aklv31h4309871m29l4e7
train,kvasir-seg::cju2xjz2ju8pe0993ysv9wg17,4e5eb081cdd56e94b7157c1e,1,6,kvasir-seg::cju7aklv31h4309871m29l4e7
train,kvasir-seg::cju2xjz2ju8pe0993ysv9wg17,276b62c6c5eaf6b7eaf9f79b,2,6,kvasir-seg::cju7aklv31h4309871m29l4e7
train,kvasir-seg::cju2xjz2ju8pe0993ysv9wg17,c7e6c409b87933dd4e583142,3,6,kvasir-seg::cju7aklv31h4309871m29l4e7
train,kvasir-seg::cju2xjz2ju8pe0993ysv9wg17,21d4065a3aece10780af5f1d,4,6,kvasir-seg::cju7aklv31h4309871m29l4e7
train,kvasir-seg::cju2xjz2ju8pe0993ysv9wg17,0cb81742f2bfb51bddbb7546,5,6,kvasir-seg::cju7aklv31h4309871m29l4e7
train,kvasir-seg::cju2xjz2ju8pe0993ysv9wg17,c459320dfeccb3f6a9dd0e99,6,6,kvasir-seg::cju7aklv31h4309871m29l4e7
train,kvasir-seg::cju2xlcqxy9c60988vjacdznb,bf32c1069c069efd55d1825e,0,1,kvasir-seg::cju1c4fcu40hl07992b8gj0c8
train,kvasir-seg::cju2xlcqxy9c60988vjacdznb,fecc6624a54dedc2a762b784,1,1,kvasir-seg::cju1c4fcu40hl07992b8gj0c8
train,kvasir-seg::cju2xlcqxy9c60988vjacdznb,062965d0d47ec67f432cd9d8,2,1,kvasir-seg::cju1c4fcu40hl07992b8gj0c8
train,kvasir-seg::cju2xlcqxy9c60988vjacdznb,829f105b141fb0325c7f8ec8,3,1,kvasir-seg::cju1c4fcu40hl07992b8gj0c8
train,kvasir-seg::cju2xlcqxy9c60988vjacdznb,9312fd6d5c0c5a17eb44cc7c,4,1,kvasir-seg::cju1c4fcu40hl07992b8gj0c8
train,kvasir-seg::cju2xlcqxy9c60988vjacdznb,51d2fd704f3f8ec1d297959c,5,1,kvasir-seg::cju1c4fcu40hl07992b8gj0c8
train,kvasir-seg::cju2xlcqxy9c60988vjacdznb,44efd4a5dd346fa4651024fa,6,1,kvasir-seg::cju1c4fcu40hl07992b8gj0c8
train,kvasir-seg::cju2xs6na81t20878pt6nkfip,def1519618d8390a1bd7bf36,0,1,kvasir-seg::cju1c4fcu40hl07992b8gj0c8
train,kvasir-seg::cju2xs6na81t20878pt6nkfip,0ecbe2f844cb1aa020c39271,1,1,kvasir-seg::cju1c4fcu40hl07992b8gj0c8
train,kvasir-seg::cju2xs6na81t20878pt6nkfip,3ac3ee9aec3dbf6dc2b999a0,2,1,kvasir-seg::cju1c4fcu40hl07992b8gj0c8
train,kvasir-seg::cju2xs6na81t20878pt6nkfip,3dfd4e07d8c83b3beb8893f0,3,1,kvasir-seg::cju1c4fcu40hl07992b8gj0c8
train,kvasir-seg::cju2xs6na81t20878pt6nkfip,3bf087150407b17e6db49df2,4,1,kvasir-seg::cju1c4fcu40hl07992b8gj0c8
train,kvasir-seg::cju2xs6na81t20878pt6nkfip,3f14dfb8e093f6a019231332,5,1,kvasir-seg::cju1c4fcu40hl07992b8gj0c8
train,kvasir-seg::cju2xs6na81t20878pt6nkfip,77fb27563794ead95e25fd31,6,1,kvasir-seg::cju1c4fcu40hl07992b8gj0c8
train,kvasir-seg::cju2xwm1s84l50799i60mq0pu,f691325c4b1f46f2282a9194,0,1,kvasir-seg::cju1c4fcu40hl07992b8gj0c8
train,kvasir-seg::cju2xwm1s84l50799i60mq0pu,9bd603091cebff7a84199771,1,1,kvasir-seg::cju1c4fcu40hl07992b8gj0c8
train,kvasir-seg::cju2xwm1s84l50799i60mq0pu,af8da89a4cebeab6f9b63761,2,1,kvasir-seg::cju1c4fcu40hl07992b8gj0c8
train,kvasir-seg::cju2xwm1s84l50799i60mq0pu,8177808d1ab7bee467048a1a,3,1,kvasir-seg::cju1c4fcu40hl07992b8gj0c8
train,kvasir-seg::cju2xwm1s84l50799i60mq0pu,388bc4b91c962440a7d482b6,4,1,kvasir-seg::cju1c4fcu40hl07992b8gj0c8
train,kvasir-seg::cju2xwm1s84l50799i60mq0pu,d2529ba831a97edbadeb7d34,5,1,kvasir-seg::cju1c4fcu40hl07992b8gj0c8
train,kvasir-seg::cju2xwm1s84l50799i60mq0pu,f81d76664fe5834e2463b034,6,1,kvasir-seg::cju1c4fcu40hl07992b8gj0c8
train,kvasir-seg::cju2xyd9vyi7m098831qcucse,3147ed11763744e8d4292c1a,0,6,kvasir-seg::cju7aklv31h4309871m29l4e7
train,kvasir-seg::cju2xyd9vyi7m098831qcucse,f6227e4ca502236eb4888992,1,6,kvasir-seg::cju7aklv31h4309871m29l4e7
train,kvasir-seg::cju2xyd9vyi7m098831qcucse,c102800dbdfb67d0ba539052,2,6,kvasir-seg::cju7aklv31h4309871m29l4e7
train,kvasir-seg::cju2xyd9vyi7m098831qcucse,6176f1cc5999c64e41f94a4f,3,6,kvasir-seg::cju7aklv31h4309871m29l4e7
train,kvasir-seg::cju2xyd9vyi7m098831qcucse,7e3cdda7d1f6a8aa1f10f62a,4,6,kvasir-seg::cju7aklv31h4309871m29l4e7
train,kvasir-seg::cju2xyd9vyi7m098831qcucse,7d1805a3f684b5ee3f65514a,5,6,kvasir-seg::cju7aklv31h4309871m29l4e7
train,kvasir-seg::cju2xyd9vyi7m098831qcucse,57d8c8adf2ae2ca34b19b045,6,6,kvasir-seg::cju7aklv31h4309871m29l4e7
train,kvasir-seg::cju2y0z6g87p10878fpk5d3rq,4058e530201aef427c5e0ec7,0,1,kvasir-seg::cju1c4fcu40hl07992b8gj0c8
train,kvasir-seg::cju2y0z6g87p10878fpk5d3rq,01b74cd21c6bfac4c8c3be0f,1,1,kvasir-seg::cju1c4fcu40hl07992b8gj0c8
train,kvasir-seg::cju2y0z6g87p10878fpk5d3rq,c000736a4141031c9cd15af6,2,1,kvasir-seg::cju1c4fcu40hl07992b8gj0c8
train,kvasir-seg::cju2y0z6g87p10878fpk5d3rq,701cb90d8af20abb13dfeca8,3,1,kvasir-seg::cju1c4fcu40hl07992b8gj0c8
train,kvasir-seg::cju2y0z6g87p10878fpk5d3rq,e1f6774fa7878297d317eb74,4,1,kvasir-seg::cju1c4fcu40hl07992b8gj0c8
train,kvasir-seg::cju2y0z6g87p10878fpk5d3rq,8050c706a44f6aa09e995f63,5,1,kvasir-seg::cju1c4fcu40hl07992b8gj0c8
train,kvasir-seg::cju2y0z6g87p10878fpk5d3rq,fab1eeb2c67838fed642ed04,6,1,kvasir-seg::cju1c4fcu40hl07992b8gj0c8
train,kvasir-seg::cju2y40d8ulqo0993q0adtgtb,d297e1746c5189ef0cf9fe6d,0,1,kvasir-seg::cju1c4fcu40hl07992b8gj0c8
train,kvasir-seg::cju2y40d8ulqo0993q0adtgtb,0320b99d46a2e6839307a628,1,1,kvasir-seg::cju1c4fcu40hl07992b8gj0c8
train,kvasir-seg::cju2y40d8ulqo0993q0adtgtb,281d54a6a9d16c1ae21686a8,2,1,kvasir-seg::cju1c4fcu40hl07992b8gj0c8
train,kvasir-seg::cju2y40d8ulqo0993q0adtgtb,bac944ddc2eb837518d2cf4c,3,1,kvasir-seg::cju1c4fcu40hl07992b8gj0c8
train,kvasir-seg::cju2y40d8ulqo0993q0adtgtb,7afdbfe5e9788220a7611c64,4,1,kvasir-seg::cju1c4fcu40hl07992b8gj0c8
train,kvasir-seg::cju2y40d8ulqo0993q0adtgtb,53309ffe2deea0b1db56cf60,5,1,kvasir-seg::cju1c4fcu40hl07992b8gj0c8
train,kvasir-seg::cju2y40d8ulqo0993q0adtgtb,61b523d7a1beccc07bc6761b,6,1,kvasir-seg::cju1c4fcu40hl07992b8gj0c8
train,kvasir-seg::cju2y5zas8m7f0801d34g5owq,b29abd18d7ff198c35fa0fb2,0,1,kvasir-seg::cju1c4fcu40hl07992b8gj0c8
train,kvasir-seg::cju2y5zas8m7f0801d34g5owq,a9ef08fd42947a0ed52ba8f5,1,1,kvasir-seg::cju1c4fcu40hl07992b8gj0c8
train,kvasir-seg::cju2y5zas8m7f0801d34g5owq,e593c446836f0982a2b05b2f,2,1,kvasir-seg::cju1c4fcu40hl07992b8gj0c8
train,kvasir-seg::cju2y5zas8m7f0801d34g5owq,64eef26184e41041c43a6d54,3,1,kvasir-seg::cju1c4fcu40hl07992b8gj0c8
train,kvasir-seg::cju2y5zas8m7f0801d34g5owq,fcdf229b1ccc95ba92889c29,4,1,kvasir-seg::cju1c4fcu40hl07992b8gj0c8
train,kvasir-seg::cju2y5zas8m7f0801d34g5owq,2cb63af2c2e480f920197f71,5,1,kvasir-seg::cju1c4fcu40hl07992b8gj0c8
train,kvasir-seg::cju2y5zas8m7f0801d34g5owq,f679eb942b8e489e37dc9e3c,6,1,kvasir-seg::cju1c4fcu40hl07992b8gj0c8
train,kvasir-seg::cju2y8s56ymqr083541ggdsml,d18afe86f9ba232fdd0ed385,0,6,kvasir-seg::cju7aklv31h4309871m29l4e7
train,kvasir-seg::cju2y8s56ymqr083541ggdsml,09322b553c286ef60f31fc00,1,6,kvasir-seg::cju7aklv31h4309871m29l4e7
train,kvasir-seg::cju2y8s56ymqr083541ggdsml,673550d888429f580dce8e7e,2,6,kvasir-seg::cju7aklv31h4309871m29l4e7
train,kvasir-seg::cju2y8s56ymqr083541ggdsml,d282123ab588624eee02ee8e,3,6,kvasir-seg::cju7aklv31h4309871m29l4e7
train,kvasir-seg::cju2y8s56ymqr083541ggdsml,a8aeca2f1c3c759f50c0dfc6,4,6,kvasir-seg::cju7aklv31h4309871m29l4e7
train,kvasir-seg::cju2y8s56ymqr083541ggdsml,e2a8fdbe596bf79b9755a4bf,5,6,kvasir-seg::cju7aklv31h4309871m29l4e7
train,kvasir-seg::cju2y8s56ymqr083541ggdsml,6826efc45e682c118e0b2836,6,6,kvasir-seg::cju7aklv31h4309871m29l4e7
train,kvasir-seg::cju2yg5ht8i4p087800js8hp4,ad67ef91f92463fa86a6cdd1,0,1,kvasir-seg::cju1c4fcu40hl07992b8gj0c8
train,kvasir-seg::cju2yg5ht8i4p087800js8hp4,45e941b036b03a2c2e3861d8,1,1,kvasir-seg::cju1c4fcu40hl07992b8gj0c8
train,kvasir-seg::cju2yg5ht8i4p087800js8hp4,b9bc6ec9e4d1d47d5b760403,2,1,kvasir-seg::cju1c4fcu40hl07992b8gj0c8
train,kvasir-seg::cju2yg5ht8i4p087800js8hp4,ebe35b5223ee415a86d48253,3,1,kvasir-seg::cju1c4fcu40hl07992b8gj0c8
train,kvasir-seg::cju2yg5ht8i4p087800js8hp4,ed9a8978893216b1fc8fe824,4,1,kvasir-seg::cju1c4fcu40hl07992b8gj0c8
train,kvasir-seg::cju2yg5ht8i4p087800js8hp4,d1545145ce65a4539d7ceb0e,5,1,kvasir-seg::cju1c4fcu40hl07992b8gj0c8
train,kvasir-seg::cju2yg5ht8i4p087800js8hp4,473e18b629d1402c9c2c462b,6,1,kvasir-seg::cju1c4fcu40hl07992b8gj0c8
train,kvasir-seg::cju2yljr0yzhw0988ecf271ly,be3a59ed16240442fd3980d1,0,1,kvasir-seg::cju1c4fcu40hl07992b8gj0c8
train,kvasir-seg::cju2yljr0yzhw0988ecf271ly,54e3134c7ed5d5e6d73693d8,1,1,kvasir-seg::cju1c4fcu40hl07992b8gj0c8
train,kvasir-seg::cju2yljr0yzhw0988ecf271ly,4c4b774fc5a9be2ba275036c,2,1,kvasir-seg::cju1c4fcu40hl07992b8gj0c8
train,kvasir-seg::cju2yljr0yzhw0988ecf271ly,5ef75773bb40f1b8dc0ea48e,3,1,kvasir-seg::cju1c4fcu40hl07992b8gj0c8
train,kvasir-seg::cju2yljr0yzhw0988ecf271ly,4f7b97dd5bb9c8359d5e8153,4,1,kvasir-seg::cju1c4fcu40hl07992b8gj0c8
train,kvasir-seg::cju2yljr0yzhw0988ecf271ly,c40d94d724104ce37443659c,5,1,kvasir-seg::cju1c4fcu40hl07992b8gj0c8
train,kvasir-seg::cju2yljr0yzhw0988ecf271ly,0a93aa921bf148aabd12e23e,6,1,kvasir-seg::cju1c4fcu40hl07992b8gj0c8
train,kvasir-seg::cju2yv4imv6cz099314jveiib,f2e06ac94b4859bf9e031506,0,1,kvasir-seg::cju1c4fcu40hl07992b8gj0c8
train,kvasir-seg::cju2yv4imv6cz099314jveiib,2dcdb07d8a2afa8e90345e37,1,1,kvasir-seg::cju1c4fcu40hl07992b8gj0c8
train,kvasir-seg::cju2yv4imv6cz099314jveiib,966f5c6cbb3368e5a31f1636,2,1,kvasir-seg::cju1c4fcu40hl07992b8gj0c8
train,kvasir-seg::cju2yv4imv6cz099314jveiib,b8d1a2af3e764a2e0632be82,3,1,kvasir-seg::cju1c4fcu40hl07992b8gj0c8
train,kvasir-seg::cju2yv4imv6cz099314jveiib,ddbecf234b95f9ef3ca3017d,4,1,kvasir-seg::cju1c4fcu40hl07992b8gj0c8
train,kvasir-seg::cju2yv4imv6cz099314jveiib,ce510acd32f20d817c68c284,5,1,kvasir-seg::cju1c4fcu40hl07992b8gj0c8
train,kvasir-seg::cju2yv4imv6cz099314jveiib,cb11c21f7c484445c9b05a95,6,1,kvasir-seg::cju1c4fcu40hl07992b8gj0c8
train,kvasir-seg::cju2yw4s7z7p20988lmf2gdgd,05e75092806a141da8c3f84a,0,2,kvasir-seg::cju2pmhtr17a00855cvpelzb0
train,kvasir-seg::cju2yw4s7z7p20988lmf2gdgd,f350bba376321f0a8e5df8ae,1,2,kvasir-seg::cju2pmhtr17a00855cvpelzb0
train,kvasir-seg::cju2yw4s7z7p20988lmf2gdgd,8efa5280c84733849a48ae39,2,2,kvasir-seg::cju2pmhtr17a00855cvpelzb0
train,kvasir-seg::cju2yw4s7z7p20988lmf2gdgd,7c0e184c5f473d6c06547842,3,2,kvasir-seg::cju2pmhtr17a00855cvpelzb0
train,kvasir-seg::cju2yw4s7z7p20988lmf2gdgd,6e326a158b306fda38facc1e,4,2,kvasir-seg::cju2pmhtr17a00855cvpelzb0
train,kvasir-seg::cju2yw4s7z7p20988lmf2gdgd,18d0653f9ee71a81d1ab7ae7,5,2,kvasir-seg::cju2pmhtr17a00855cvpelzb0
train,kvasir-seg::cju2yw4s7z7p20988lmf2gdgd,5d3afccceb408a2d21e054f6,6,2,kvasir-seg::cju2pmhtr17a00855cvpelzb0
train,kvasir-seg::cju2yyhsp933j0855hp32e012,5f066b76840a4e33b24982f1,0,6,kvasir-seg::cju7aklv31h4309871m29l4e7
train,kvasir-seg::cju2yyhsp933j0855hp32e012,f9c5ce7e2e1bf377679f96dd,1,6,kvasir-seg::cju7aklv31h4309871m29l4e7
train,kvasir-seg::cju2yyhsp933j0855hp32e012,289350fdfcb7ad842fdec96a,2,6,kvasir-seg::cju7aklv31h4309871m29l4e7
train,kvasir-seg::cju2yyhsp933j0855hp32e012,a6bba069eae067939456b155,3,6,kvasir-seg::cju7aklv31h4309871m29l4e7
train,kvasir-seg::cju2yyhsp933j0855hp32e012,bd94cd7026b143ad9bb35b55,4,6,kvasir-seg::cju7aklv31h4309871m29l4e7
train,kvasir-seg::cju2yyhsp933j0855hp32e012,5660f1ef96ed8e82d28fbb32,5,6,kvasir-seg::cju7aklv31h4309871m29l4e7
train,kvasir-seg::cju2yyhsp933j0855hp32e012,1baa8ec883144f2746cfe573,6,6,kvasir-seg::cju7aklv31h4309871m29l4e7
train,kvasir-seg::cju2z1nxlzaj40835wj81s1iy,c75ddfea39e708f672c38d6c,0,6,kvasir-seg::cju7aklv31h4309871m29l4e7
train,kvasir-seg::cju2z1nxlzaj40835wj81s1iy,b654ef4c3558916e080b0d38,1,6,kvasir-seg::cju7aklv31h4309871m29l4e7
train,kvasir-seg::cju2z1nxlzaj40835wj81s1iy,7ebe8f57976803f99b6bced4,2,6,kvasir-seg::cju7aklv31h4309871m29l4e7
train,kvasir-seg::cju2z1nxlzaj40835wj81s1iy,ff21073a940ab86b42535714,3,6,kvasir-seg::cju7aklv31h4309871m29l4e7
train,kvasir-seg::cju2z1nxlzaj40835wj81s1iy,d4699c62bdaef0ebb96325a9,4,6,kvasir-seg::cju7aklv31h4309871m29l4e7
train,kvasir-seg::cju2z1nxlzaj40835wj81s1iy,289785dde9890dd813246026,5,6,kvasir-seg::cju7aklv31h4309871m29l4e7
train,kvasir-seg::cju2z1nxlzaj40835wj81s1iy,83f77b83b896030eb607e4c6,6,6,kvasir-seg::cju7aklv31h4309871m29l4e7
train,kvasir-seg::cju2z2x3nvd3c099350zgty7w,3d30c3b1e17cb0da1fcb4806,0,5,kvasir-seg::cju5cu8qkb84x08186jwo8yin
train,kvasir-seg::cju2z2x3nvd3c099350zgty7w,180eeaef1709a83f95e793f9,1,5,kvasir-seg::cju5cu8qkb84x08186jwo8yin
train,kvasir-seg::cju2z2x3nvd3c099350zgty7w,262f3dad8db5376f486680e1,2,5,kvasir-seg::cju5cu8qkb84x08186jwo8yin
train,kvasir-seg::cju2z2x3nvd3c099350zgty7w,b9f8106ad4ad66347682c465,3,5,kvasir-seg::cju5cu8qkb84x08186jwo8yin
train,kvasir-seg::cju2z2x3nvd3c099350zgty7w,d1c2a0fa8d555d42358d4aa2,4,5,kvasir-seg::cju5cu8qkb84x08186jwo8yin
train,kvasir-seg::cju2z2x3nvd3c099350zgty7w,39b85c5a5d87cd7806eedf7e,5,5,kvasir-seg::cju5cu8qkb84x08186jwo8yin
train,kvasir-seg::cju2z2x3nvd3c099350zgty7w,dd93b5340479f12b6d0e8e5e,6,5,kvasir-seg::cju5cu8qkb84x08186jwo8yin
train,kvasir-seg::cju2z45kuzf6d0988nz2c819m,373b3bb32502d6694cbd02cb,0,1,kvasir-seg::cju1c4fcu40hl07992b8gj0c8
train,kvasir-seg::cju2z45kuzf6d0988nz2c819m,8a944da5007a561ab1df047d,1,1,kvasir-seg::cju1c4fcu40hl07992b8gj0c8
train,kvasir-seg::cju2z45kuzf6d0988nz2c819m,b3c0184fde08cc94355d7e34,2,1,kvasir-seg::cju1c4fcu40hl07992b8gj0c8
train,kvasir-seg::cju2z45kuzf6d0988nz2c819m,ddd66e92ac98c7833cc2ad05,3,1,kvasir-seg::cju1c4fcu40hl07992b8gj0c8
train,kvasir-seg::cju2z45kuzf6d0988nz2c819m,b1b68482fc855028dc228126,4,1,kvasir-seg::cju1c4fcu40hl07992b8gj0c8
train,kvasir-seg::cju2z45kuzf6d0988nz2c819m,29d9137ce6cff43d41eab6bc,5,1,kvasir-seg::cju1c4fcu40hl07992b8gj0c8
train,kvasir-seg::cju2z45kuzf6d0988nz2c819m,cc9c071ac6dfcf38bebee03f,6,1,kvasir-seg::cju1c4fcu40hl07992b8gj0c8
train,kvasir-seg::cju2z6ez69g4u0801qwt088lw,13830958d3b19303b0446627,0,1,kvasir-seg::cju1c4fcu40hl07992b8gj0c8
train,kvasir-seg::cju2z6ez69g4u0801qwt088lw,9868489d4c6e311f3cd76ac8,1,1,kvasir-seg::cju1c4fcu40hl07992b8gj0c8
train,kvasir-seg::cju2z6ez69g4u0801qwt088lw,4f2b853bab4d8745db65e76d,2,1,kvasir-seg::cju1c4fcu40hl07992b8gj0c8
train,kvasir-seg::cju2z6ez69g4u0801qwt088lw,c2e8699c15d336a62b666716,3,1,kvasir-seg::cju1c4fcu40hl07992b8gj0c8
train,kvasir-seg::cju2z6ez69g4u0801qwt088lw,99ead381737e837102c1c151,4,1,kvasir-seg::cju1c4fcu40hl07992b8gj0c8
train,kvasir-seg::cju2z6ez69g4u0801qwt088lw,0bc6d63539583b86573a85e0,5,1,kvasir-seg::cju1c4fcu40hl07992b8gj0c8
train,kvasir-seg::cju2z6ez69g4u0801qwt088lw,1635ca6dab5557adb34ff32f,6,1,kvasir-seg::cju1c4fcu40hl07992b8gj0c8
train,kvasir-seg::cju2z9vlp9j0w0801oag91sy9,fc983b599d4aae689ad41530,0,1,kvasir-seg::cju1c4fcu40hl07992b8gj0c8
train,kvasir-seg::cju2z9vlp9j0w0801oag91sy9,935909409ff730643c1c60ea,1,1,kvasir-seg::cju1c4fcu40hl07992b8gj0c8
train,kvasir-seg::cju2z9vlp9j0w0801oag91sy9,ef927e0d88fffd1d89127b2d,2,1,kvasir-seg::cju1c4fcu40hl07992b8gj0c8
train,kvasir-seg::cju2z9vlp9j0w0801oag91sy9,44dfa9388097f2f94d3ebb28,3,1,kvasir-seg::cju1c4fcu40hl07992b8gj0c8
train,kvasir-seg::cju2z9vlp9j0w0801oag91sy9,81cda79acb7f4cca6b252a57,4,1,kvasir-seg::cju1c4fcu40hl07992b8gj0c8
train,kvasir-seg::cju2z9vlp9j0w0801oag91sy9,9c1588d354ed85e2af61ad35,5,1,kvasir-seg::cju1c4fcu40hl07992b8gj0c8
train,kvasir-seg::cju2z9vlp9j0w0801oag91sy9,f7598787c2eeebc59782e867,6,1,kvasir-seg::cju1c4fcu40hl07992b8gj0c8
train,kvasir-seg::cju2zblxw9848087853csbrx1,cc7989ee96dd0e0dedfb8ea9,0,1,kvasir-seg::cju1c4fcu40hl07992b8gj0c8
train,kvasir-seg::cju2zblxw9848087853csbrx1,f3dbb21535e4b44623fb8254,1,1,kvasir-seg::cju1c4fcu40hl07992b8gj0c8
train,kvasir-seg::cju2zblxw9848087853csbrx1,b3dee568b005f9e2223f07e3,2,1,kvasir-seg::cju1c4fcu40hl07992b8gj0c8
train,kvasir-seg::cju2zblxw9848087853csbrx1,9fbb7608b051264a7941f194,3,1,kvasir-seg::cju1c4fcu40hl07992b8gj0c8
train,kvasir-seg::cju2zblxw9848087853csbrx1,7477c6f6be2091581e0a172a,4,1,kvasir-seg::cju1c4fcu40hl07992b8gj0c8
train,kvasir-seg::cju2zblxw9848087853csbrx1,9f2a2873b8f0aae2b2b65376,5,1,kvasir-seg::cju1c4fcu40hl07992b8gj0c8
train,kvasir-seg::cju2zblxw9848087853csbrx1,cbd4a6dab0f02a7ef29d17bd,6,1,kvasir-seg::cju1c4fcu40hl07992b8gj0c8
train,kvasir-seg::cju2zdhsczmn50988z64qwg2q,1c86dcedab75fd6a012ca9c3,0,1,kvasir-seg::cju1c4fcu40hl07992b8gj0c8
train,kvasir-seg::cju2zdhsczmn50988z64qwg2q,bb96650cbe99ca44dcf900ba,1,1,kvasir-seg::cju1c4fcu40hl07992b8gj0c8
train,kvasir-seg::cju2zdhsczmn50988z64qwg2q,f64c6b01232d7ec87084d290,2,1,kvasir-seg::cju1c4fcu40hl07992b8gj0c8
train,kvasir-seg::cju2zdhsczmn50988z64qwg2q,3785aa3bfccac5b38f4abf2c,3,1,kvasir-seg::cju1c4fcu40hl07992b8gj0c8
train,kvasir-seg::cju2zdhsczmn50988z64qwg2q,972c57706a81ead93a5ff792,4,1,kvasir-seg::cju1c4fcu40hl07992b8gj0c8
train,kvasir-seg::cju2zdhsczmn50988z64qwg2q,ae76bdc5c4cae88531eb14b2,5,1,kvasir-seg::cju1c4fcu40hl07992b8gj0c8
train,kvasir-seg::cju2zdhsczmn50988z64qwg2q,9fcef68d10427b0c3d7a316a,6,1,kvasir-seg::cju1c4fcu40hl07992b8gj0c8
train,kvasir-seg::cju2zdvjn9h7r08553cp4eed5,c2cc6336049535a47d265067,0,1,kvasir-seg::cju1c4fcu40hl07992b8gj0c8
train,kvasir-seg::cju2zdvjn9h7r08553cp4eed5,15153ee325afffdd2f6ee2fe,1,1,kvasir-seg::cju1c4fcu40hl07992b8gj0c8
train,kvasir-seg::cju2zdvjn9h7r08553cp4eed5,1d2e52df83e5c7893849d9a2,2,1,kvasir-seg::cju1c4fcu40hl07992b8gj0c8
train,kvasir-seg::cju2zdvjn9h7r08553cp4eed5,ce0e25237d45c5ad16116b07,3,1,kvasir-seg::cju1c4fcu40hl07992b8gj0c8
train,kvasir-seg::cju2zdvjn9h7r08553cp4eed5,660efd0a0a5e2c2ab733801a,4,1,kvasir-seg::cju1c4fcu40hl07992b8gj0c8
train,kvasir-seg::cju2zdvjn9h7r08553cp4eed5,869234a1fb3805bc2be448af,5,1,kvasir-seg::cju1c4fcu40hl07992b8gj0c8
train,kvasir-seg::cju2zdvjn9h7r08553cp4eed5,616a55189f735be5af5c5cfc,6,1,kvasir-seg::cju1c4fcu40hl07992b8gj0c8
train,kvasir-seg::cju2zgbj9zmrw0835nnlzxj4c,c603b3db8e43377f09c80221,0,6,kvasir-seg::cju7aklv31h4309871m29l4e7
train,kvasir-seg::cju2zgbj9zmrw0835nnlzxj4c,3ace5bf366c44a55c75623eb,1,6,kvasir-seg::cju7aklv31h4309871m29l4e7
train,kvasir-seg::cju2zgbj9zmrw0835nnlzxj4c,2ffe214104d3f600c3562457,2,6,kvasir-seg::cju7aklv31h4309871m29l4e7
train,kvasir-seg::cju2zgbj9zmrw0835nnlzxj4c,58682216142dd82cb5ac818a,3,6,kvasir-seg::cju7aklv31h4309871m29l4e7
train,kvasir-seg::cju2zgbj9zmrw0835nnlzxj4c,c65578c7ee73fdf762d49555,4,6,kvasir-seg::cju7aklv31h4309871m29l4e7
train,kvasir-seg::cju2zgbj9zmrw0835nnlzxj4c,11640fe5a0bbfe3476945fb8,5,6,kvasir-seg::cju7aklv31h4309871m29l4e7
train,kvasir-seg::cju2zgbj9zmrw0835nnlzxj4c,38dfcf48e91c826a622570f6,6,6,kvasir-seg::cju7aklv31h4309871m29l4e7
train,kvasir-seg::cju2zi4l09f5807991s8do2b2,abbbf11639ff72a662dd6eed,0,6,kvasir-seg::cju7aklv31h4309871m29l4e7
train,kvasir-seg::cju2zi4l09f5807991s8do2b2,e3adcfec79646797dca9f868,1,6,kvasir-seg::cju7aklv31h4309871m29l4e7
train,kvasir-seg::cju2zi4l09f5807991s8do2b2,67fbfa4f99b2007013891cf0,2,6,kvasir-seg::cju7aklv31h4309871m29l4e7
train,kvasir-seg::cju2zi4l09f5807991s8do2b2,40d9e2d0b693c486c0229b2a,3,6,kvasir-seg::cju7aklv31h4309871m29l4e7
train,kvasir-seg::cju2zi4l09f5807991s8do2b2,7d985e55e4aadd161aeac204,4,6,kvasir-seg::cju7aklv31h4309871m29l4e7
train,kvasir-seg::cju2zi4l09f5807991s8do2b2,32a17e728136fae3aa37407f,5,6,kvasir-seg::cju7aklv31h4309871m29l4e7
train,kvasir-seg::cju2zi4l09f5807991s8do2b2,61fb59412e7f6896d3eaa504,6,6,kvasir-seg::cju7aklv31h4309871m29l4e7
train,kvasir-seg::cju2zjcvj9qma0801dk71hhi0,0cfc0b4764f4e2939d07c916,0,1,kvasir-seg::cju1c4fcu40hl07992b8gj0c8
train,kvasir-seg::cju2zjcvj9qma0801dk71hhi0,b5a22cac47a3d783e2312969,1,1,kvasir-seg::cju1c4fcu40hl07992b8gj0c8
train,kvasir-seg::cju2zjcvj9qma0801dk71hhi0,2b6518a12b5f5497e85a42e9,2,1,kvasir-seg::cju1c4fcu40hl07992b8gj0c8
train,kvasir-seg::cju2zjcvj9qma0801dk71hhi0,5343c77ebef543465c98b778,3,1,kvasir-seg::cju1c4fcu40hl07992b8gj0c8
train,kvasir-seg::cju2zjcvj9qma0801dk71hhi0,0c1bde9a6bc1e3712cd28e18,4,1,kvasir-seg::cju1c4fcu40hl07992b8gj0c8
train,kvasir-seg::cju2zjcvj9qma0801dk71hhi0,6ba999bd0b1a83adb8796b19,5,1,kvasir-seg::cju1c4fcu40hl07992b8gj0c8
train,kvasir-seg::cju2zjcvj9qma0801dk71hhi0,17916552b202416f595c52fb,6,1,kvasir-seg::cju1c4fcu40hl07992b8gj0c8
train,kvasir-seg::cju2zm0axztpe0988r8s9twjr,be0d50e2ca5c3c689e3a65ad,0,1,kvasir-seg::cju1c4fcu40hl07992b8gj0c8
train,kvasir-seg::cju2zm0axztpe0988r8s9twjr,c9c2bb2187e22841fd219aa3,1,1,kvasir-seg::cju1c4fcu40hl07992b8gj0c8
train,kvasir-seg::cju2zm0axztpe0988r8s9twjr,b9c185368d0e05e3b46d4584,2,1,kvasir-seg::cju1c4fcu40hl07992b8gj0c8
train,kvasir-seg::cju2zm0axztpe0988r8s9twjr,9e0ae795e37bff4cf8675441,3,1,kvasir-seg::cju1c4fcu40hl07992b8gj0c8
train,kvasir-seg::cju2zm0axztpe0988r8s9twjr,826f379784c2cccd6ec0656f,4,1,kvasir-seg::cju1c4fcu40hl07992b8gj0c8
train,kvasir-seg::cju2zm0axztpe0988r8s9twjr,849dc4b7ddba0d725e807463,5,1,kvasir-seg::cju1c4fcu40hl07992b8gj0c8
train,kvasir-seg::cju2zm0axztpe0988r8s9twjr,b605d048ea914dfe3ce01128,6,1,kvasir-seg::cju1c4fcu40hl07992b8gj0c8
train,kvasir-seg::cju2zp89k9q1g0855k1x0f1xa,effdf58c500a987b0e67f334,0,3,kvasir-seg::cju34ymm8d6700799uop0cw33
train,kvasir-seg::cju2zp89k9q1g0855k1x0f1xa,6d6151c57a87b5221cd4d80d,1,3,kvasir-seg::cju34ymm8d6700799uop0cw33
train,kvasir-seg::cju2zp89k9q1g0855k1x0f1xa,0a9fc4e9e665b795b5e6c0f6,2,3,kvasir-seg::cju34ymm8d6700799uop0cw33
train,kvasir-seg::cju2zp89k9q1g0855k1x0f1xa,03317e808bec4261cd1601b3,3,3,kvasir-seg::cju34ymm8d6700799uop0cw33
train,kvasir-seg::cju2zp89k9q1g0855k1x0f1xa,64199eb54385b351ec650e8f,4,3,kvasir-seg::cju34ymm8d6700799uop0cw33
train,kvasir-seg::cju2zp89k9q1g0855k1x0f1xa,654ee540c96a47fd151bf424,5,3,kvasir-seg::cju34ymm8d6700799uop0cw33
train,kvasir-seg::cju2zp89k9q1g0855k1x0f1xa,d7c696e0e422d2f40c000ec8,6,3,kvasir-seg::cju34ymm8d6700799uop0cw33
train,kvasir-seg::cju2zr3c3vwb00993jn06bbaz,33dff710cd3545b0bb250d63,0,1,kvasir-seg::cju1c4fcu40hl07992b8gj0c8
train,kvasir-seg::cju2zr3c3vwb00993jn06bbaz,3816e2e89e43aa97fc165ecb,1,1,kvasir-seg::cju1c4fcu40hl07992b8gj0c8
train,kvasir-seg::cju2zr3c3vwb00993jn06bbaz,8ef03ca604f629132caeb966,2,1,kvasir-seg::cju1c4fcu40hl07992b8gj0c8
train,kvasir-seg::cju2zr3c3vwb00993jn06bbaz,4767a30d0bb4da2880511d75,3,1,kvasir-seg::cju1c4fcu40hl07992b8gj0c8
train,kvasir-seg::cju2zr3c3vwb00993jn06bbaz,ecd20bdc356eca2e60ae0b56,4,1,kvasir-seg::cju1c4fcu40hl07992b8gj0c8
train,kvasir-seg::cju2zr3c3vwb00993jn06bbaz,674e28a5eb0a2998788b9bb3,5,1,kvasir-seg::cju1c4fcu40hl07992b8gj0c8
train,kvasir-seg::cju2zr3c3vwb00993jn06bbaz,7eada3f06ac99b459fe6b6d9,6,1,kvasir-seg::cju1c4fcu40hl07992b8gj0c8
train,kvasir-seg::cju2zrojo9kcd0878ld2epejq,5d10fe357efb7a47ce0bf48b,0,1,kvasir-seg::cju1c4fcu40hl07992b8gj0c8
train,kvasir-seg::cju2zrojo9kcd0878ld2epejq,aedb76782aee042cb3b0af3d,1,1,kvasir-seg::cju1c4fcu40hl07992b8gj0c8
train,kvasir-seg::cju2zrojo9kcd0878ld2epejq,de604ff5a95bca3865016610,2,1,kvasir-seg::cju1c4fcu40hl07992b8gj0c8
train,kvasir-seg::cju2zrojo9kcd0878ld2epejq,77d36a5b010e558e411c8a88,3,1,kvasir-seg::cju1c4fcu40hl07992b8gj0c8
train,kvasir-seg::cju2zrojo9kcd0878ld2epejq,5075dd016d159b0f03baf1a5,4,1,kvasir-seg::cju1c4fcu40hl07992b8gj0c8
train,kvasir-seg::cju2zrojo9kcd0878ld2epejq,eb1780d31c829b037adac6a6,5,1,kvasir-seg::cju1c4fcu40hl07992b8gj0c8
train,kvasir-seg::cju2zrojo9kcd0878ld2epejq,76f3fb492000ba6146b7e9d0,6,1,kvasir-seg::cju1c4fcu40hl07992b8gj0c8
train,kvasir-seg::cju2zwg05a0oy0801yr73ig7g,48d7aa20288887363f9352ea,0,6,kvasir-seg::cju7aklv31h4309871m29l4e7
train,kvasir-seg::cju2zwg05a0oy0801yr73ig7g,5807c5ccdae548df7f2a2dfe,1,6,kvasir-seg::cju7aklv31h4309871m29l4e7
train,kvasir-seg::cju2zwg05a0oy0801yr73ig7g,074d3399de3fc7eb98faa33b,2,6,kvasir-seg::cju7aklv31h4309871m29l4e7
train,kvasir-seg::cju2zwg05a0oy0801yr73ig7g,a894ee987a0a99e38b6bf9a9,3,6,kvasir-seg::cju7aklv31h4309871m29l4e7
train,kvasir-seg::cju2zwg05a0oy0801yr73ig7g,a601e0b1756b3b52d96ed489,4,6,kvasir-seg::cju7aklv31h4309871m29l4e7
train,kvasir-seg::cju2zwg05a0oy0801yr73ig7g,14e24e5d83afd55494e66bab,5,6,kvasir-seg::cju7aklv31h4309871m29l4e7
train,kvasir-seg::cju2zwg05a0oy0801yr73ig7g,f5de26e9e45ecb952437da35,6,6,kvasir-seg::cju7aklv31h4309871m29l4e7
train,kvasir-seg::cju2zxja9w1eh09933609ho9z,ac3e89e6ff745e58bffcc4fb,0,6,kvasir-seg::cju7aklv31h4309871m29l4e7
train,kvasir-seg::cju2zxja9w1eh09933609ho9z,bd160ed9c5023a596cb163f0,1,6,kvasir-seg::cju7aklv31h4309871m29l4e7
train,kvasir-seg::cju2zxja9w1eh09933609ho9z,c169ae957cc15a0d0be8010d,2,6,kvasir-seg::cju7aklv31h4309871m29l4e7
train,kvasir-seg::cju2zxja9w1eh09933609ho9z,93b07d0c549e6f1586d0a874,3,6,kvasir-seg::cju7aklv31h4309871m29l4e7
train,kvasir-seg::cju2zxja9w1eh09933609ho9z,5b3a4605104f84fef3949632,4,6,kvasir-seg::cju7aklv31h4309871m29l4e7
train,kvasir-seg::cju2zxja9w1eh09933609ho9z,90504f75fea51cb065917145,5,6,kvasir-seg::cju7aklv31h4309871m29l4e7
train,kvasir-seg::cju2zxja9w1eh09933609ho9z,626a38680320af287f6dfee5,6,6,kvasir-seg::cju7aklv31h4309871m29l4e7
train,kvasir-seg::cju2zy1e49pqk0878t6ncqn12,7d388b00928c0873563189ac,0,1,kvasir-seg::cju1c4fcu40hl07992b8gj0c8
train,kvasir-seg::cju2zy1e49pqk0878t6ncqn12,be62fad61808ebcfe83924e5,1,1,kvasir-seg::cju1c4fcu40hl07992b8gj0c8
train,kvasir-seg::cju2zy1e49pqk0878t6ncqn12,53c98525ab467ea6b3480ab8,2,1,kvasir-seg::cju1c4fcu40hl07992b8gj0c8
train,kvasir-seg::cju2zy1e49pqk0878t6ncqn12,5c0556d9896208943fa3e45c,3,1,kvasir-seg::cju1c4fcu40hl07992b8gj0c8
train,kvasir-seg::cju2zy1e49pqk0878t6ncqn12,3605080f4c6f6b78c3be816a,4,1,kvasir-seg::cju1c4fcu40hl07992b8gj0c8
train,kvasir-seg::cju2zy1e49pqk0878t6ncqn12,b53dcf118b623ff5d727748c,5,1,kvasir-seg::cju1c4fcu40hl07992b8gj0c8
train,kvasir-seg::cju2zy1e49pqk0878t6ncqn12,8c08064e9c96cb9a8c9ecd9b,6,1,kvasir-seg::cju1c4fcu40hl07992b8gj0c8
train,kvasir-seg::cju300m3s04fg0988uzupuf7z,129348fcaf96091c989e1f07,0,1,kvasir-seg::cju1c4fcu40hl07992b8gj0c8
train,kvasir-seg::cju300m3s04fg0988uzupuf7z,43db36b58c82cfe329106b3b,1,1,kvasir-seg::cju1c4fcu40hl07992b8gj0c8
train,kvasir-seg::cju300m3s04fg0988uzupuf7z,3824dae30b96b90145af0b24,2,1,kvasir-seg::cju1c4fcu40hl07992b8gj0c8
train,kvasir-seg::cju300m3s04fg0988uzupuf7z,d4f84032715fe61c37036461,3,1,kvasir-seg::cju1c4fcu40hl07992b8gj0c8
train,kvasir-seg::cju300m3s04fg0988uzupuf7z,415a073f8f6aca75e6033877,4,1,kvasir-seg::cju1c4fcu40hl07992b8gj0c8
train,kvasir-seg::cju300m3s04fg0988uzupuf7z,7082c75c08d59b3b93ff89e7,5,1,kvasir-seg::cju1c4fcu40hl07992b8gj0c8
train,kvasir-seg::cju300m3s04fg0988uzupuf7z,1f1628254199afd46c8bf6e6,6,1,kvasir-seg::cju1c4fcu40hl07992b8gj0c8
train,kvasir-seg::cju302fqq9spc0878rrygyzzz,85417eb258116887419c03bc,0,1,kvasir-seg::cju1c4fcu40hl07992b8gj0c8
train,kvasir-seg::cju302fqq9spc0878rrygyzzz,526fb78d54b461d2026199d2,1,1,kvasir-seg::cju1c4fcu40hl07992b8gj0c8
train,kvasir-seg::cju302fqq9spc0878rrygyzzz,d6d457e437308ed7834afc87,2,1,kvasir-seg::cju1c4fcu40hl07992b8gj0c8
train,kvasir-seg::cju302fqq9spc0878rrygyzzz,6c10d551e46fb3a06e15aa00,3,1,kvasir-seg::cju1c4fcu40hl07992b8gj0c8
train,kvasir-seg::cju302fqq9spc0878rrygyzzz,ac6172a430d81db0f1b8aedf,4,1,kvasir-seg::cju1c4fcu40hl07992b8gj0c8
train,kvasir-seg::cju302fqq9spc0878rrygyzzz,78e3db8b24b23a321097acd0,5,1,kvasir-seg::cju1c4fcu40hl07992b8gj0c8
train,kvasir-seg::cju302fqq9spc0878rrygyzzz,19a1e6d3e1e33f07c34b3f1a,6,1,kvasir-seg::cju1c4fcu40hl07992b8gj0c8
train,kvasir-seg::cju30525w04r10835ygp257sb,b082da6658b53f5e7687f106,0,1,kvasir-seg::cju1c4fcu40hl07992b8gj0c8
train,kvasir-seg::cju30525w04r10835ygp257sb,55b274122d5bd4bb01e21a4e,1,1,kvasir-seg::cju1c4fcu40hl07992b8gj0c8
train,kvasir-seg::cju30525w04r10835ygp257sb,552ef4e80d3d1be2d1bcf403,2,1,kvasir-seg::cju1c4fcu40hl07992b8gj0c8
train,kvasir-seg::cju30525w04r10835ygp257sb,d523d1891479501499ee8484,3,1,kvasir-seg::cju1c4fcu40hl07992b8gj0c8
train,kvasir-seg::cju30525w04r10835ygp257sb,81ddfb9a9c41159ea3db9497,4,1,kvasir-seg::cju1c4fcu40hl07992b8gj0c8
train,kvasir-seg::cju30525w04r10835ygp257sb,c32fbca8a2d04ecf4d8f4b16,5,1,kvasir-seg::cju1c4fcu40hl07992b8gj0c8
train,kvasir-seg::cju30525w04r10835ygp257sb,df836ae47ee908739498f188,6,1,kvasir-seg::cju1c4fcu40hl07992b8gj0c8
train,kvasir-seg::cju306x7w05nb0835cunv799x,57361768b86dbbed9b0929e8,0,1,kvasir-seg::cju1c4fcu40hl07992b8gj0c8
train,kvasir-seg::cju306x7w05nb0835cunv799x,b1cddfa02f82377a8897eb51,1,1,kvasir-seg::cju1c4fcu40hl07992b8gj0c8
train,kvasir-seg::cju306x7w05nb0835cunv799x,d1c49fc60293a94d64e42ec4,2,1,kvasir-seg::cju1c4fcu40hl07992b8gj0c8
train,kvasir-seg::cju306x7w05nb0835cunv799x,dbf808e3617309d4c3e3fa20,3,1,kvasir-seg::cju1c4fcu40hl07992b8gj0c8
train,kvasir-seg::cju306x7w05nb0835cunv799x,cd256a720175359ae247aecc,4,1,kvasir-seg::cju1c4fcu40hl07992b8gj0c8
train,kvasir-seg::cju306x7w05nb0835cunv799x,40c81b28a9afe2cd30ce5ccb,5,1,kvasir-seg::cju1c4fcu40hl07992b8gj0c8
train,kvasir-seg::cju306x7w05nb0835cunv799x,124595e83aead5967c2c6242,6,1,kvasir-seg::cju1c4fcu40hl07992b8gj0c8
train,kvasir-seg::cju30df2j09dd08351ayx2t6w,2e6659e526bdb39eb2c5a049,0,1,kvasir-seg::cju1c4fcu40hl07992b8gj0c8
train,kvasir-seg::cju30df2j09dd08351ayx2t6w,cfd76bceeb5d6821aa4f8099,1,1,kvasir-seg::cju1c4fcu40hl07992b8gj0c8
train,kvasir-seg::cju30df2j09dd08351ayx2t6w,15ef3b11957108d31f5fc068,2,1,kvasir-seg::cju1c4fcu40hl07992b8gj0c8
train,kvasir-seg::cju30df2j09dd08351ayx2t6w,e745c22727aa55652d88d12f,3,1,kvasir-seg::cju1c4fcu40hl07992b8gj0c8
train,kvasir-seg::cju30df2j09dd08351ayx2t6w,f16c2e8e690d6dcb2109e950,4,1,kvasir-seg::cju1c4fcu40hl07992b8gj0c8
train,kvasir-seg::cju30df2j09dd08351ayx2t6w,6785d6c7ddaf852d67adc90d,5,1,kvasir-seg::cju1c4fcu40hl07992b8gj0c8
train,kvasir-seg::cju30df2j09dd08351ayx2t6w,4df0c8a53ed04696b61ccda6,6,1,kvasir-seg::cju1c4fcu40hl07992b8gj0c8
train,kvasir-seg::cju30ftgja7170855xl9bkdm0,9e04bdbde4f355f5e311a91b,0,1,kvasir-seg::cju1c4fcu40hl07992b8gj0c8
train,kvasir-seg::cju30ftgja7170855xl9bkdm0,d762befbb57ffd4fed7e26a8,1,1,kvasir-seg::cju1c4fcu40hl07992b8gj0c8
train,kvasir-seg::cju30ftgja7170855xl9bkdm0,12b943a2f66f01c2d14ca0ce,2,1,kvasir-seg::cju1c4fcu40hl07992b8gj0c8
train,kvasir-seg::cju30ftgja7170855xl9bkdm0,ad99361388fffe6cc3162d73,3,1,kvasir-seg::cju1c4fcu40hl07992b8gj0c8
train,kvasir-seg::cju30ftgja7170855xl9bkdm0,8c6b355bd7f902d768eb65b2,4,1,kvasir-seg::cju1c4fcu40hl07992b8gj0c8
train,kvasir-seg::cju30ftgja7170855xl9bkdm0,7d155662db88c28ae88e1ee8,5,1,kvasir-seg::cju1c4fcu40hl07992b8gj0c8
train,kvasir-seg::cju30ftgja7170855xl9bkdm0,2c93b762122b807e56585d8e,6,1,kvasir-seg::cju1c4fcu40hl07992b8gj0c8
train,kvasir-seg::cju30gxjq0djk0988jytm49rs,5e0d92da849d7414e16e9cde,0,5,kvasir-seg::cju5cu8qkb84x08186jwo8yin
train,kvasir-seg::cju30gxjq0djk0988jytm49rs,02c35df8d01c73936277494f,1,5,kvasir-seg::cju5cu8qkb84x08186jwo8yin
train,kvasir-seg::cju30gxjq0djk0988jytm49rs,54749b76906d9ffa69c54bd4,2,5,kvasir-seg::cju5cu8qkb84x08186jwo8yin
train,kvasir-seg::cju30gxjq0djk0988jytm49rs,490fd8ee85991a81760394e0,3,1,kvasir-seg::cju1c4fcu40hl07992b8gj0c8
train,kvasir-seg::cju30gxjq0djk0988jytm49rs,29ee3b20cf79ca83237edf88,4,1,kvasir-seg::cju1c4fcu40hl07992b8gj0c8
train,kvasir-seg::cju30gxjq0djk0988jytm49rs,f6f7ea69e323f8e0a5202cf7,5,1,kvasir-seg::cju1c4fcu40hl07992b8gj0c8
train,kvasir-seg::cju30gxjq0djk0988jytm49rs,412722446984fcc737a9274c,6,1,kvasir-seg::cju1c4fcu40hl07992b8gj0c8
train,kvasir-seg::cju30ia8da2bq0799klnehml2,6dd1b620f7cbe51b61429371,0,1,kvasir-seg::cju1c4fcu40hl07992b8gj0c8
train,kvasir-seg::cju30ia8da2bq0799klnehml2,3ea1890a5a311e2d3c59ee5d,1,1,kvasir-seg::cju1c4fcu40hl07992b8gj0c8
train,kvasir-seg::cju30ia8da2bq0799klnehml2,827808a0e2e8e6b5b983cac2,2,1,kvasir-seg::cju1c4fcu40hl07992b8gj0c8
train,kvasir-seg::cju30ia8da2bq0799klnehml2,f8b65d0bf03292fdd2fd734f,3,1,kvasir-seg::cju1c4fcu40hl07992b8gj0c8
train,kvasir-seg::cju30ia8da2bq0799klnehml2,352428de987c14cc8cb45eb6,4,1,kvasir-seg::cju1c4fcu40hl07992b8gj0c8
train,kvasir-seg::cju30ia8da2bq0799klnehml2,ca0cb042182cfc2c5dee0ad1,5,1,kvasir-seg::cju1c4fcu40hl07992b8gj0c8
train,kvasir-seg::cju30ia8da2bq0799klnehml2,3b3ff6dba366107d609ca7c4,6,1,kvasir-seg::cju1c4fcu40hl07992b8gj0c8
train,kvasir-seg::cju30j1rgadut0801vuyrsnt8,92ea066956bd33ce1dcfe861,0,1,kvasir-seg::cju1c4fcu40hl07992b8gj0c8
train,kvasir-seg::cju30j1rgadut0801vuyrsnt8,0928b42927311a546e12a791,1,1,kvasir-seg::cju1c4fcu40hl07992b8gj0c8
train,kvasir-seg::cju30j1rgadut0801vuyrsnt8,8542db20b920d0592298c55c,2,1,kvasir-seg::cju1c4fcu40hl07992b8gj0c8
train,kvasir-seg::cju30j1rgadut0801vuyrsnt8,01408318b369c14fd5060eb1,3,1,kvasir-seg::cju1c4fcu40hl07992b8gj0c8
train,kvasir-seg::cju30j1rgadut0801vuyrsnt8,4009ea6aefd564b6abd94a71,4,1,kvasir-seg::cju1c4fcu40hl07992b8gj0c8
train,kvasir-seg::cju30j1rgadut0801vuyrsnt8,7101254dd1e8b4d845391ca4,5,1,kvasir-seg::cju1c4fcu40hl07992b8gj0c8
train,kvasir-seg::cju30j1rgadut0801vuyrsnt8,0cf2ba7db10bd56730b05a7f,6,1,kvasir-seg::cju1c4fcu40hl07992b8gj0c8
train,kvasir-seg::cju30k2z40ds308353kdew70n,24d83bcf5667d08134b324a3,0,6,kvasir-seg::cju7aklv31h4309871m29l4e7
train,kvasir-seg::cju30k2z40ds308353kdew70n,55bc69bdd76f166141f6fd3f,1,6,kvasir-seg::cju7aklv31h4309871m29l4e7
train,kvasir-seg::cju30k2z40ds308353kdew70n,9e36f949de4fba754af5eaef,2,6,kvasir-seg::cju7aklv31h4309871m29l4e7
train,kvasir-seg::cju30k2z40ds308353kdew70n,3d83a6d6281eb4548f5a86f4,3,6,kvasir-seg::cju7aklv31h4309871m29l4e7
train,kvasir-seg::cju30k2z40ds308353kdew70n,89f8e795a67cb9ac47421ed9,4,6,kvasir-seg::cju7aklv31h4309871m29l4e7
train,kvasir-seg::cju30k2z40ds308353kdew70n,77adf2deb3bf41719cbb4b27,5,6,kvasir-seg::cju7aklv31h4309871m29l4e7
train,kvasir-seg::cju30k2z40ds308353kdew70n,30e5f480120d03295c35d9a2,6,6,kvasir-seg::cju7aklv31h4309871m29l4e7
train,kvasir-seg::cju30lncba3ny0878jwnous8n,9abb15fd17f6c3d7a3fe3ac5,0,6,kvasir-seg::cju7aklv31h4309871m29l4e7
train,kvasir-seg::cju30lncba3ny0878jwnous8n,c42b1cac8ea59d4dc391e263,1,6,kvasir-seg::cju7aklv31h4309871m29l4e7
train,kvasir-seg::cju30lncba3ny0878jwnous8n,b16e465175cc43ffa6050867,2,6,kvasir-seg::cju7aklv31h4309871m29l4e7
train,kvasir-seg::cju30lncba3ny0878jwnous8n,fa121b0b58a0e97656a975c9,3,6,kvasir-seg::cju7aklv31h4309871m29l4e7
train,kvasir-seg::cju30lncba3ny0878jwnous8n,f4035503c06ef960d8ac49c8,4,6,kvasir-seg::cju7aklv31h4309871m29l4e7
train,kvasir-seg::cju30lncba3ny0878jwnous8n,8174395c07e30656317d2951,5,6,kvasir-seg::cju7aklv31h4309871m29l4e7
train,kvasir-seg::cju30lncba3ny0878jwnous8n,3f97071119fe2b6d6aa785f0,6,6,kvasir-seg::cju7aklv31h4309871m29l4e7
train,kvasir-seg::cju30nyxe0gfb0835p256yoju,0cb3fcb2ca719cfc798d64be,0,1,kvasir-seg::cju1c4fcu40hl07992b8gj0c8
train,kvasir-seg::cju30nyxe0gfb0835p256yoju,8e4a5b057565d483acac07fd,1,1,kvasir-seg::cju1c4fcu40hl07992b8gj0c8
train,kvasir-seg::cju30nyxe0gfb0835p256yoju,386ba92fbb6dbbf469721ebe,2,1,kvasir-seg::cju1c4fcu40hl07992b8gj0c8
train,kvasir-seg::cju30nyxe0gfb0835p256yoju,9f29b8b5667a034ffa054f5b,3,1,kvasir-seg::cju1c4fcu40hl07992b8gj0c8
train,kvasir-seg::cju30nyxe0gfb0835p256yoju,be4e7c58b6601edeb2249d4c,4,1,kvasir-seg::cju1c4fcu40hl07992b8gj0c8
train,kvasir-seg::cju30nyxe0gfb0835p256yoju,addcf50e31e85ebd40a29633,5,1,kvasir-seg::cju1c4fcu40hl07992b8gj0c8
train,kvasir-seg::cju30nyxe0gfb0835p256yoju,73b0b685d786b565a09e7bee,6,1,kvasir-seg::cju1c4fcu40hl07992b8gj0c8
train,kvasir-seg::cju30ov1oah920801mi8thuyg,1d016df28b3e68d8ac5e6663,0,1,kvasir-seg::cju1c4fcu40hl07992b8gj0c8
train,kvasir-seg::cju30ov1oah920801mi8thuyg,dc7cb54b5fbff0ce62c7a8b5,1,1,kvasir-seg::cju1c4fcu40hl07992b8gj0c8
train,kvasir-seg::cju30ov1oah920801mi8thuyg,bee65fe133c2a0c8d7253b03,2,1,kvasir-seg::cju1c4fcu40hl07992b8gj0c8
train,kvasir-seg::cju30ov1oah920801mi8thuyg,869c9c705bbf33de9d3eb330,3,1,kvasir-seg::cju1c4fcu40hl07992b8gj0c8
train,kvasir-seg::cju30ov1oah920801mi8thuyg,34a86de6b08fd3bdd25e91c2,4,1,kvasir-seg::cju1c4fcu40hl07992b8gj0c8
train,kvasir-seg::cju30ov1oah920801mi8thuyg,4f8d8d994136ab6d90a67367,5,1,kvasir-seg::cju1c4fcu40hl07992b8gj0c8
train,kvasir-seg::cju30ov1oah920801mi8thuyg,770f65e75a66e12cabcfbbbb,6,1,kvasir-seg::cju1c4fcu40hl07992b8gj0c8
train,kvasir-seg::cju30qbm1ad3x0855znuhpz9u,e1e8b08bfcc53971771ed84a,0,1,kvasir-seg::cju1c4fcu40hl07992b8gj0c8
train,kvasir-seg::cju30qbm1ad3x0855znuhpz9u,ac16ca12abb25cf16956e8cb,1,1,kvasir-seg::cju1c4fcu40hl07992b8gj0c8
train,kvasir-seg::cju30qbm1ad3x0855znuhpz9u,011947b0c5376ce37aef127c,2,1,kvasir-seg::cju1c4fcu40hl07992b8gj0c8
train,kvasir-seg::cju30qbm1ad3x0855znuhpz9u,7f39e12166e8e0bcf3377b83,3,1,kvasir-seg::cju1c4fcu40hl07992b8gj0c8
train,kvasir-seg::cju30qbm1ad3x0855znuhpz9u,6c18b7d39369caa55cf99933,4,1,kvasir-seg::cju1c4fcu40hl07992b8gj0c8
train,kvasir-seg::cju30qbm1ad3x0855znuhpz9u,81c98ff19ffe8d6d41aa32a2,5,1,kvasir-seg::cju1c4fcu40hl07992b8gj0c8
train,kvasir-seg::cju30qbm1ad3x0855znuhpz9u,edc82bf6d737170082a34482,6,1,kvasir-seg::cju1c4fcu40hl07992b8gj0c8
train,kvasir-seg::cju30u1hbakn808019g15nb8b,3ff62e7b11dcdffdf7d0f36e,0,1,kvasir-seg::cju1c4fcu40hl07992b8gj0c8
train,kvasir-seg::cju30u1hbakn808019g15nb8b,6a58f66286b651974135f479,1,1,kvasir-seg::cju1c4fcu40hl07992b8gj0c8
train,kvasir-seg::cju30u1hbakn808019g15nb8b,de6b5115e1c7c9fa624be67b,2,1,kvasir-seg::cju1c4fcu40hl07992b8gj0c8
train,kvasir-seg::cju30u1hbakn808019g15nb8b,f59a606b81a27342d29acb99,3,1,kvasir-seg::cju1c4fcu40hl07992b8gj0c8
train,kvasir-seg::cju30u1hbakn808019g15nb8b,adb5b17409ed73762bdc2d31,4,1,kvasir-seg::cju1c4fcu40hl07992b8gj0c8
train,kvasir-seg::cju30u1hbakn808019g15nb8b,1b0ce9706ce58ae83a61c2a1,5,1,kvasir-seg::cju1c4fcu40hl07992b8gj0c8
train,kvasir-seg::cju30u1hbakn808019g15nb8b,38c23e23431dac6aa9f16f51,6,1,kvasir-seg::cju1c4fcu40hl07992b8gj0c8
train,kvasir-seg::cju30xqmh0ni00835ix3batv1,bc3eae5324421b90e973a340,0,1,kvasir-seg::cju1c4fcu40hl07992b8gj0c8
train,kvasir-seg::cju30xqmh0ni00835ix3batv1,894edb7a0c10da2e73cb4a6b,1,1,kvasir-seg::cju1c4fcu40hl07992b8gj0c8
train,kvasir-seg::cju30xqmh0ni00835ix3batv1,76cfa2d72846a2745a9b1bd5,2,1,kvasir-seg::cju1c4fcu40hl07992b8gj0c8
train,kvasir-seg::cju30xqmh0ni00835ix3batv1,769dd2be38655944c1a0319d,3,1,kvasir-seg::cju1c4fcu40hl07992b8gj0c8
train,kvasir-seg::cju30xqmh0ni00835ix3batv1,c6ac5d4b511833c4fed3d471,4,1,kvasir-seg::cju1c4fcu40hl07992b8gj0c8
train,kvasir-seg::cju30xqmh0ni00835ix3batv1,34c934fa3da5d158d2273321,5,1,kvasir-seg::cju1c4fcu40hl07992b8gj0c8
train,kvasir-seg::cju30xqmh0ni00835ix3batv1,b5b532463da2ad01b13d8a5b,6,1,kvasir-seg::cju1c4fcu40hl07992b8gj0c8
train,kvasir-seg::cju30ywtc0oar0835bp2en7ec,6637c5f5c1dd690bc4bf4d9d,0,6,kvasir-seg::cju7aklv31h4309871m29l4e7
train,kvasir-seg::cju30ywtc0oar0835bp2en7ec,a5b09f4e3b8cb13a7e9a6471,1,6,kvasir-seg::cju7aklv31h4309871m29l4e7
train,kvasir-seg::cju30ywtc0oar0835bp2en7ec,8d4d85cd871bd615150e1d87,2,6,kvasir-seg::cju7aklv31h4309871m29l4e7
train,kvasir-seg::cju30ywtc0oar0835bp2en7ec,4cdaf557a377294762a35184,3,6,kvasir-seg::cju7aklv31h4309871m29l4e7
train,kvasir-seg::cju30ywtc0oar0835bp2en7ec,c7db66c5ddcc116d3c845fa9,4,6,kvasir-seg::cju7aklv31h4309871m29l4e7
train,kvasir-seg::cju30ywtc0oar0835bp2en7ec,a7711d95576db57ec74ac813,5,6,kvasir-seg::cju7aklv31h4309871m29l4e7
train,kvasir-seg::cju30ywtc0oar0835bp2en7ec,599060458fff74347758db74,6,6,kvasir-seg::cju7aklv31h4309871m29l4e7
train,kvasir-seg::cju310f6val1v0855xo8tc3gu,d83baa3aff2fa6620861a773,0,1,kvasir-seg::cju1c4fcu40hl07992b8gj0c8
train,kvasir-seg::cju310f6val1v0855xo8tc3gu,3666645d8accaeb057b3aa50,1,1,kvasir-seg::cju1c4fcu40hl07992b8gj0c8
train,kvasir-seg::cju310f6val1v0855xo8tc3gu,b65fb84009c737abc45a7637,2,1,kvasir-seg::cju1c4fcu40hl07992b8gj0c8
train,kvasir-seg::cju310f6val1v0855xo8tc3gu,d88eb3b7869dd93df6b54d08,3,1,kvasir-seg::cju1c4fcu40hl07992b8gj0c8
train,kvasir-seg::cju310f6val1v0855xo8tc3gu,a09b8ec88cce048c42c99acd,4,1,kvasir-seg::cju1c4fcu40hl07992b8gj0c8
train,kvasir-seg::cju310f6val1v0855xo8tc3gu,301962743f573d47ba6ec545,5,1,kvasir-seg::cju1c4fcu40hl07992b8gj0c8
train,kvasir-seg::cju310f6val1v0855xo8tc3gu,f2bbd3955a2355efb0cbc26e,6,1,kvasir-seg::cju1c4fcu40hl07992b8gj0c8
train,kvasir-seg::cju31rb7vb6110801p9rhacuw,4fe2efff4a37768e4ac354f7,0,1,kvasir-seg::cju1c4fcu40hl07992b8gj0c8
train,kvasir-seg::cju31rb7vb6110801p9rhacuw,958f82dae69791f6140a16ac,1,1,kvasir-seg::cju1c4fcu40hl07992b8gj0c8
train,kvasir-seg::cju31rb7vb6110801p9rhacuw,8761403f8f65be5313ba7dc2,2,1,kvasir-seg::cju1c4fcu40hl07992b8gj0c8
train,kvasir-seg::cju31rb7vb6110801p9rhacuw,93119da720ea786067fd2f66,3,1,kvasir-seg::cju1c4fcu40hl07992b8gj0c8
train,kvasir-seg::cju31rb7vb6110801p9rhacuw,999a6ee7c60243902e67fc9b,4,1,kvasir-seg::cju1c4fcu40hl07992b8gj0c8
train,kvasir-seg::cju31rb7vb6110801p9rhacuw,61a5c2cbb47bad0c796bb502,5,1,kvasir-seg::cju1c4fcu40hl07992b8gj0c8
train,kvasir-seg::cju31rb7vb6110801p9rhacuw,71c623c323106535833813b4,6,1,kvasir-seg::cju1c4fcu40hl07992b8gj0c8
train,kvasir-seg::cju31t8xd17bk0835rnb893jk,c80cff0402331b24057e1c1f,0,1,kvasir-seg::cju1c4fcu40hl07992b8gj0c8
train,kvasir-seg::cju31t8xd17bk0835rnb893jk,67b58ad9d9efa6f88f26e17e,1,1,kvasir-seg::cju1c4fcu40hl07992b8gj0c8
train,kvasir-seg::cju31t8xd17bk0835rnb893jk,d47351df919c3315494e9984,2,1,kvasir-seg::cju1c4fcu40hl07992b8gj0c8
train,kvasir-seg::cju31t8xd17bk0835rnb893jk,53aa6bf48ee1b17454066534,3,1,kvasir-seg::cju1c4fcu40hl07992b8gj0c8
train,kvasir-seg::cju31t8xd17bk0835rnb893jk,82d5c80ac0719734052cb01e,4,1,kvasir-seg::cju1c4fcu40hl07992b8gj0c8
train,kvasir-seg::cju31t8xd17bk0835rnb893jk,8505491407ebe47d54b075f0,5,1,kvasir-seg::cju1c4fcu40hl07992b8gj0c8
train,kvasir-seg::cju31t8xd17bk0835rnb893jk,3e639a40933cf92cefd43e19,6,1,kvasir-seg::cju1c4fcu40hl07992b8gj0c8
train,kvasir-seg::cju31ugmfb3dz0855xtqshki6,80dd925098d499a63eb4fa89,0,1,kvasir-seg::cju1c4fcu40hl07992b8gj0c8
train,kvasir-seg::cju31ugmfb3dz0855xtqshki6,0f89539f424970de58040f4d,1,1,kvasir-seg::cju1c4fcu40hl07992b8gj0c8
train,kvasir-seg::cju31ugmfb3dz0855xtqshki6,a4a44a9c3fa33595d0d679bf,2,1,kvasir-seg::cju1c4fcu40hl07992b8gj0c8
train,kvasir-seg::cju31ugmfb3dz0855xtqshki6,043393e7894aff04cd52dc15,3,1,kvasir-seg::cju1c4fcu40hl07992b8gj0c8
train,kvasir-seg::cju31ugmfb3dz0855xtqshki6,63f27a5b40244b0f330a3ca3,4,1,kvasir-seg::cju1c4fcu40hl07992b8gj0c8
train,kvasir-seg::cju31ugmfb3dz0855xtqshki6,b51880f61a5e748068c66c0d,5,1,kvasir-seg::cju1c4fcu40hl07992b8gj0c8
train,kvasir-seg::cju31ugmfb3dz0855xtqshki6,33d6e261cabda0e939e271ad,6,1,kvasir-seg::cju1c4fcu40hl07992b8gj0c8
train,kvasir-seg::cju31w6goazci0799n014ly1q,b0a95a58ce69af59813ec522,0,1,kvasir-seg::cju1c4fcu40hl07992b8gj0c8
train,kvasir-seg::cju31w6goazci0799n014ly1q,25c4ac8ed260786d39f82314,1,1,kvasir-seg::cju1c4fcu40hl07992b8gj0c8
train,kvasir-seg::cju31w6goazci0799n014ly1q,fe7367f6f8a853b19f8baa6d,2,1,kvasir-seg::cju1c4fcu40hl07992b8gj0c8
train,kvasir-seg::cju31w6goazci0799n014ly1q,02645dec4bbe4d8f49062675,3,1,kvasir-seg::cju1c4fcu40hl07992b8gj0c8
train,kvasir-seg::cju31w6goazci0799n014ly1q,86c9ea2a421865d9c04f721b,4,1,kvasir-seg::cju1c4fcu40hl07992b8gj0c8
train,kvasir-seg::cju31w6goazci0799n014ly1q,0e6c1aafb7e68ec0d3e00df3,5,1,kvasir-seg::cju1c4fcu40hl07992b8gj0c8
train,kvasir-seg::cju31w6goazci0799n014ly1q,2e82c3460bd467dfbc4c06be,6,1,kvasir-seg::cju1c4fcu40hl07992b8gj0c8
train,kvasir-seg::cju31y80qbawn0801twwm2l5s,a6fa49aa0466895583f1ca39,0,1,kvasir-seg::cju1c4fcu40hl07992b8gj0c8
train,kvasir-seg::cju31y80qbawn0801twwm2l5s,5d73276139b91b6abff8ef5b,1,1,kvasir-seg::cju1c4fcu40hl07992b8gj0c8
train,kvasir-seg::cju31y80qbawn0801twwm2l5s,bfa699ee3bc0722ca52bcbeb,2,1,kvasir-seg::cju1c4fcu40hl07992b8gj0c8
train,kvasir-seg::cju31y80qbawn0801twwm2l5s,9c56bd6b35d30a381e3ff42d,3,1,kvasir-seg::cju1c4fcu40hl07992b8gj0c8
train,kvasir-seg::cju31y80qbawn0801twwm2l5s,fc23a9f289224127f9d2fe10,4,1,kvasir-seg::cju1c4fcu40hl07992b8gj0c8
train,kvasir-seg::cju31y80qbawn0801twwm2l5s,dcfe26fe9466332312c39384,5,1,kvasir-seg::cju1c4fcu40hl07992b8gj0c8
train,kvasir-seg::cju31y80qbawn0801twwm2l5s,32dc3766fe957e9e4028605c,6,1,kvasir-seg::cju1c4fcu40hl07992b8gj0c8
train,kvasir-seg::cju320gyvbch60801v2amdi2g,3a0e917113200afabeba651d,0,1,kvasir-seg::cju1c4fcu40hl07992b8gj0c8
train,kvasir-seg::cju320gyvbch60801v2amdi2g,9b48734715fb853d0abb65a9,1,1,kvasir-seg::cju1c4fcu40hl07992b8gj0c8
train,kvasir-seg::cju320gyvbch60801v2amdi2g,5a1100b5b4692e41cf236cbd,2,1,kvasir-seg::cju1c4fcu40hl07992b8gj0c8
train,kvasir-seg::cju320gyvbch60801v2amdi2g,6c55bb531b82ceb875b5fc22,3,1,kvasir-seg::cju1c4fcu40hl07992b8gj0c8
train,kvasir-seg::cju320gyvbch60801v2amdi2g,4afbb3f65c0ef7dd6d17e184,4,1,kvasir-seg::cju1c4fcu40hl07992b8gj0c8
train,kvasir-seg::cju320gyvbch60801v2amdi2g,ad2db24811b598dd9e038e5f,5,1,kvasir-seg::cju1c4fcu40hl07992b8gj0c8
train,kvasir-seg::cju320gyvbch60801v2amdi2g,2beb765c112555aedf3e38fb,6,1,kvasir-seg::cju1c4fcu40hl07992b8gj0c8
train,kvasir-seg::cju323ypb1fbb0988gx5rzudb,25ab0adc92f064ee7219485d,0,1,kvasir-seg::cju1c4fcu40hl07992b8gj0c8
train,kvasir-seg::cju323ypb1fbb0988gx5rzudb,f59d59d0e49316ac00bae5e8,1,1,kvasir-seg::cju1c4fcu40hl07992b8gj0c8
train,kvasir-seg::cju323ypb1fbb0988gx5rzudb,cf3c11607fea36d539b545d5,2,1,kvasir-seg::cju1c4fcu40hl07992b8gj0c8
train,kvasir-seg::cju323ypb1fbb0988gx5rzudb,6cd60fb553a4db93b587bcf0,3,1,kvasir-seg::cju1c4fcu40hl07992b8gj0c8
train,kvasir-seg::cju323ypb1fbb0988gx5rzudb,6b8c35820f9c695d4bef9766,4,1,kvasir-seg::cju1c4fcu40hl07992b8gj0c8
train,kvasir-seg::cju323ypb1fbb0988gx5rzudb,628c52950644d5481c470ca0,5,1,kvasir-seg::cju1c4fcu40hl07992b8gj0c8
train,kvasir-seg::cju323ypb1fbb0988gx5rzudb,d379e8a3e6bb21c3e6fa8e7f,6,1,kvasir-seg::cju1c4fcu40hl07992b8gj0c8
train,kvasir-seg::cju324q101fhe08350wae9cif,c72446055179b012a00f2e75,0,1,kvasir-seg::cju1c4fcu40hl07992b8gj0c8
train,kvasir-seg::cju324q101fhe08350wae9cif,cd76b7981cd3c2653803c43d,1,1,kvasir-seg::cju1c4fcu40hl07992b8gj0c8
train,kvasir-seg::cju324q101fhe08350wae9cif,57ded8062df15413c9ee5fa6,2,1,kvasir-seg::cju1c4fcu40hl07992b8gj0c8
train,kvasir-seg::cju324q101fhe08350wae9cif,d0d5a0960a518c44ef9a6320,3,1,kvasir-seg::cju1c4fcu40hl07992b8gj0c8
train,kvasir-seg::cju324q101fhe08350wae9cif,46fa80491c092678a55b5d21,4,1,kvasir-seg::cju1c4fcu40hl07992b8gj0c8
train,kvasir-seg::cju324q101fhe08350wae9cif,099cab019a2c37b8c8515411,5,1,kvasir-seg::cju1c4fcu40hl07992b8gj0c8
train,kvasir-seg::cju324q101fhe08350wae9cif,0185cb0b0cce5e98b951f66d,6,1,kvasir-seg::cju1c4fcu40hl07992b8gj0c8
train,kvasir-seg::cju326h4v1gxw08352px40p7r,3530d6022a809e83c43f4f30,0,6,kvasir-seg::cju7aklv31h4309871m29l4e7
train,kvasir-seg::cju326h4v1gxw08352px40p7r,4d45c39230e4ffe86bcaf581,1,6,kvasir-seg::cju7aklv31h4309871m29l4e7
train,kvasir-seg::cju326h4v1gxw08352px40p7r,17597b8345199617b3029eb8,2,6,kvasir-seg::cju7aklv31h4309871m29l4e7
train,kvasir-seg::cju326h4v1gxw08352px40p7r,c1d2aa61465e9085c98c918c,3,6,kvasir-seg::cju7aklv31h4309871m29l4e7
train,kvasir-seg::cju326h4v1gxw08352px40p7r,864aaf9b5368256c10c421c1,4,6,kvasir-seg::cju7aklv31h4309871m29l4e7
train,kvasir-seg::cju326h4v1gxw08352px40p7r,8c18cb59c09aa346c46183b9,5,6,kvasir-seg::cju7aklv31h4309871m29l4e7
train,kvasir-seg::cju326h4v1gxw08352px40p7r,0af72d7485926ee9719ada1a,6,6,kvasir-seg::cju7aklv31h4309871m29l4e7
train,kvasir-seg::cju3280wv1ir009882jze27tc,f3eef7d83bf11771b12a9a5f,0,6,kvasir-seg::cju7aklv31h4309871m29l4e7
train,kvasir-seg::cju3280wv1ir009882jze27tc,e26ace850468f1891c3112a0,1,6,kvasir-seg::cju7aklv31h4309871m29l4e7
train,kvasir-seg::cju3280wv1ir009882jze27tc,7297aaaeb03d90bee4b9ad64,2,6,kvasir-seg::cju7aklv31h4309871m29l4e7
train,kvasir-seg::cju3280wv1ir009882jze27tc,eea91b89a33a545d83aa3093,3,6,kvasir-seg::cju7aklv31h4309871m29l4e7
train,kvasir-seg::cju3280wv1ir009882jze27tc,103a6f238e8bb48740e2f1ea,4,6,kvasir-seg::cju7aklv31h4309871m29l4e7
train,kvasir-seg::cju3280wv1ir009882jze27tc,aa05a6c685139e46218c41bf,5,6,kvasir-seg::cju7aklv31h4309871m29l4e7
train,kvasir-seg::cju3280wv1ir009882jze27tc,6f34b1a49ba9f1dc3c34da51,6,6,kvasir-seg::cju7aklv31h4309871m29l4e7
train,kvasir-seg::cju32a52lb9rc0799xi40qs00,2cc1568917ecfcaa59f0d037,0,1,kvasir-seg::cju1c4fcu40hl07992b8gj0c8
train,kvasir-seg::cju32a52lb9rc0799xi40qs00,b5c423c1fdb99791baf71c70,1,1,kvasir-seg::cju1c4fcu40hl07992b8gj0c8
train,kvasir-seg::cju32a52lb9rc0799xi40qs00,29880077b90ea453e83734db,2,1,kvasir-seg::cju1c4fcu40hl07992b8gj0c8
train,kvasir-seg::cju32a52lb9rc0799xi40qs00,259f5bcdb1db0b82938a7004,3,1,kvasir-seg::cju1c4fcu40hl07992b8gj0c8
train,kvasir-seg::cju32a52lb9rc0799xi40qs00,c1e4945930a9a87f08d23897,4,1,kvasir-seg::cju1c4fcu40hl07992b8gj0c8
train,kvasir-seg::cju32a52lb9rc0799xi40qs00,19f3b193039974cada30704e,5,1,kvasir-seg::cju1c4fcu40hl07992b8gj0c8
train,kvasir-seg::cju32a52lb9rc0799xi40qs00,71a43f69e4ce919ff3f93ede,6,1,kvasir-seg::cju1c4fcu40hl07992b8gj0c8
train,kvasir-seg::cju32fhnhbds40799broyoptc,246908b997e58f3fcebb7836,0,1,kvasir-seg::cju1c4fcu40hl07992b8gj0c8
train,kvasir-seg::cju32fhnhbds40799broyoptc,db5dcf581db1f6cf26190deb,1,1,kvasir-seg::cju1c4fcu40hl07992b8gj0c8
train,kvasir-seg::cju32fhnhbds40799broyoptc,40ba0258b97bd425edd0d95c,2,1,kvasir-seg::cju1c4fcu40hl07992b8gj0c8
train,kvasir-seg::cju32fhnhbds40799broyoptc,335354616d600ad4c15bc2b3,3,1,kvasir-seg::cju1c4fcu40hl07992b8gj0c8
train,kvasir-seg::cju32fhnhbds40799broyoptc,6b551ba622089b29cb6c0a97,4,1,kvasir-seg::cju1c4fcu40hl07992b8gj0c8
train,kvasir-seg::cju32fhnhbds40799broyoptc,af1039fc5709e13f3ef9b471,5,1,kvasir-seg::cju1c4fcu40hl07992b8gj0c8
train,kvasir-seg::cju32fhnhbds40799broyoptc,c2ee3d967073027aac50d2c8,6,1,kvasir-seg::cju1c4fcu40hl07992b8gj0c8
train,kvasir-seg::cju32gzs6xo8x0993r8tedbpb,c70a826cb1234c3dc296a277,0,1,kvasir-seg::cju1c4fcu40hl07992b8gj0c8
train,kvasir-seg::cju32gzs6xo8x0993r8tedbpb,f60d011d0fd2bc1b12a3fc5c,1,1,kvasir-seg::cju1c4fcu40hl07992b8gj0c8
train,kvasir-seg::cju32gzs6xo8x0993r8tedbpb,32c6c1c04a0852d8a9442b6a,2,1,kvasir-seg::cju1c4fcu40hl07992b8gj0c8
train,kvasir-seg::cju32gzs6xo8x0993r8tedbpb,3998d5da501623b5e2a0bf94,3,1,kvasir-seg::cju1c4fcu40hl07992b8gj0c8
train,kvasir-seg::cju32gzs6xo8x0993r8tedbpb,40a9fcdbc9a0b7cb7b96d99f,4,1,kvasir-seg::cju1c4fcu40hl07992b8gj0c8
train,kvasir-seg::cju32gzs6xo8x0993r8tedbpb,27d5f4bf70af4aee528860e5,5,1,kvasir-seg::cju1c4fcu40hl07992b8gj0c8
train,kvasir-seg::cju32gzs6xo8x0993r8tedbpb,beef99beb7e74a395c5aa1d8,6,1,kvasir-seg::cju1c4fcu40hl07992b8gj0c8
train,kvasir-seg::cju32jcdabepz0878d0cznmfe,e5e5313a95db573ca419550d,0,6,kvasir-seg::cju7aklv31h4309871m29l4e7
train,kvasir-seg::cju32jcdabepz0878d0cznmfe,7f5f4974269f0bdba8a92e33,1,6,kvasir-seg::cju7aklv31h4309871m29l4e7
train,kvasir-seg::cju32jcdabepz0878d0cznmfe,0924dad1bcca9b8e90c9437c,2,6,kvasir-seg::cju7aklv31h4309871m29l4e7
train,kvasir-seg::cju32jcdabepz0878d0cznmfe,93f8391479b36d3e391e71a2,3,6,kvasir-seg::cju7aklv31h4309871m29l4e7
train,kvasir-seg::cju32jcdabepz0878d0cznmfe,d1e54d9a860b12e648e46335,4,6,kvasir-seg::cju7aklv31h4309871m29l4e7
train,kvasir-seg::cju32jcdabepz0878d0cznmfe,927388c2870bf67d24f1bb81,5,6,kvasir-seg::cju7aklv31h4309871m29l4e7
train,kvasir-seg::cju32jcdabepz0878d0cznmfe,2d8864e67a97f8fe205fc618,6,6,kvasir-seg::cju7aklv31h4309871m29l4e7
train,kvasir-seg::cju32l161bi1v07990vm376in,ad9b47a22f6c540f92ea0751,0,1,kvasir-seg::cju1c4fcu40hl07992b8gj0c8
train,kvasir-seg::cju32l161bi1v07990vm376in,26ae991b640f062dcac13af3,1,1,kvasir-seg::cju1c4fcu40hl07992b8gj0c8
train,kvasir-seg::cju32l161bi1v07990vm376in,f893d19a12ba34507d967b5d,2,1,kvasir-seg::cju1c4fcu40hl07992b8gj0c8
train,kvasir-seg::cju32l161bi1v07990vm376in,ff7bddeff1880da59316de58,3,1,kvasir-seg::cju1c4fcu40hl07992b8gj0c8
train,kvasir-seg::cju32l161bi1v07990vm376in,e2efd516b82b1f17abc8c39a,4,1,kvasir-seg::cju1c4fcu40hl07992b8gj0c8
train,kvasir-seg::cju32l161bi1v07990vm376in,c4285d2918b23aed125d4b15,5,1,kvasir-seg::cju1c4fcu40hl07992b8gj0c8
train,kvasir-seg::cju32l161bi1v07990vm376in,9bef09547c55b5f10957527c,6,1,kvasir-seg::cju1c4fcu40hl07992b8gj0c8
train,kvasir-seg::cju32pzh9bpw10855q4vaxfhe,6c22fb449782d3e672abfec3,0,1,kvasir-seg::cju1c4fcu40hl07992b8gj0c8
train,kvasir-seg::cju32pzh9bpw10855q4vaxfhe,d30f5d97c587b5ac3e72f474,1,1,kvasir-seg::cju1c4fcu40hl07992b8gj0c8
train,kvasir-seg::cju32pzh9bpw10855q4vaxfhe,bbdb83231ee4d7fd21b2050a,2,1,kvasir-seg::cju1c4fcu40hl07992b8gj0c8
train,kvasir-seg::cju32pzh9bpw10855q4vaxfhe,7136802563dfff17353486c2,3,1,kvasir-seg::cju1c4fcu40hl07992b8gj0c8
train,kvasir-seg::cju32pzh9bpw10855q4vaxfhe,868980aa29a8cafd9d321ec5,4,1,kvasir-seg::cju1c4fcu40hl07992b8gj0c8
train,kvasir-seg::cju32pzh9bpw10855q4vaxfhe,a2653dd3543d4b1c82174f7f,5,1,kvasir-seg::cju1c4fcu40hl07992b8gj0c8
train,kvasir-seg::cju32pzh9bpw10855q4vaxfhe,e2ed6c200d16cfc397de4965,6,1,kvasir-seg::cju1c4fcu40hl07992b8gj0c8
train,kvasir-seg::cju32zhbnc1oy0801iyv1ix6p,f95507e3c6826eac7627eb32,0,1,kvasir-seg::cju1c4fcu40hl07992b8gj0c8
train,kvasir-seg::cju32zhbnc1oy0801iyv1ix6p,5b4efaea027fce2bf1f819e2,1,1,kvasir-seg::cju1c4fcu40hl07992b8gj0c8
train,kvasir-seg::cju32zhbnc1oy0801iyv1ix6p,2dcf3fcc1f82f91874bf9b07,2,1,kvasir-seg::cju1c4fcu40hl07992b8gj0c8
train,kvasir-seg::cju32zhbnc1oy0801iyv1ix6p,cbc064b7e02f1d8e6f182f12,3,1,kvasir-seg::cju1c4fcu40hl07992b8gj0c8
train,kvasir-seg::cju32zhbnc1oy0801iyv1ix6p,43badd49ca37574308268f17,4,1,kvasir-seg::cju1c4fcu40hl07992b8gj0c8
train,kvasir-seg::cju32zhbnc1oy0801iyv1ix6p,24b0e967a0583c39541d8deb,5,1,kvasir-seg::cju1c4fcu40hl07992b8gj0c8
train,kvasir-seg::cju32zhbnc1oy0801iyv1ix6p,ea6f72b50fa149d3c2930643,6,1,kvasir-seg::cju1c4fcu40hl07992b8gj0c8
train,kvasir-seg::cju330ofbc2l30801th5g3hw6,94367118d7cf94ab52b0a23e,0,3,kvasir-seg::cju34ymm8d6700799uop0cw33
train,kvasir-seg::cju330ofbc2l30801th5g3hw6,9a34700af0be749bf9d86729,1,3,kvasir-seg::cju34ymm8d6700799uop0cw33
train,kvasir-seg::cju330ofbc2l30801th5g3hw6,86dc01d397c9052e1a9875ba,2,3,kvasir-seg::cju34ymm8d6700799uop0cw33
train,kvasir-seg::cju330ofbc2l30801th5g3hw6,ef460f21cb0c9b77e3af9a5f,3,3,kvasir-seg::cju34ymm8d6700799uop0cw33
train,kvasir-seg::cju330ofbc2l30801th5g3hw6,eddab550b59e2611f13cd4d2,4,3,kvasir-seg::cju34ymm8d6700799uop0cw33
train,kvasir-seg::cju330ofbc2l30801th5g3hw6,51c3861c6e57c3c48486c53f,5,3,kvasir-seg::cju34ymm8d6700799uop0cw33
train,kvasir-seg::cju330ofbc2l30801th5g3hw6,d5070048855b6ddf174622fa,6,3,kvasir-seg::cju34ymm8d6700799uop0cw33
train,kvasir-seg::cju33231uy4gi0993qc7b1jch,8fed92f61882fa1967250f15,0,1,kvasir-seg::cju1c4fcu40hl07992b8gj0c8
train,kvasir-seg::cju33231uy4gi0993qc7b1jch,965f20bb68b7516b81746b55,1,1,kvasir-seg::cju1c4fcu40hl07992b8gj0c8
train,kvasir-seg::cju33231uy4gi0993qc7b1jch,444c9a59427bd262e6d494d2,2,1,kvasir-seg::cju1c4fcu40hl07992b8gj0c8
train,kvasir-seg::cju33231uy4gi0993qc7b1jch,f73479e3386a84c3766a4b69,3,1,kvasir-seg::cju1c4fcu40hl07992b8gj0c8
train,kvasir-seg::cju33231uy4gi0993qc7b1jch,6dedcd360b6e68b2edcc5cdd,4,1,kvasir-seg::cju1c4fcu40hl07992b8gj0c8
train,kvasir-seg::cju33231uy4gi0993qc7b1jch,57bb52c55a9e65c753094589,5,1,kvasir-seg::cju1c4fcu40hl07992b8gj0c8
train,kvasir-seg::cju33231uy4gi0993qc7b1jch,9b057d3947aa440d08c829ac,6,1,kvasir-seg::cju1c4fcu40hl07992b8gj0c8
train,kvasir-seg::cju336l68y7if0993wf092166,c66bf0a8dd2917b54e69a124,0,1,kvasir-seg::cju1c4fcu40hl07992b8gj0c8
train,kvasir-seg::cju336l68y7if0993wf092166,9764431a7ba3e5096b5c7178,1,1,kvasir-seg::cju1c4fcu40hl07992b8gj0c8
train,kvasir-seg::cju336l68y7if0993wf092166,018a0d0e61e04aa6cfabc479,2,1,kvasir-seg::cju1c4fcu40hl07992b8gj0c8
train,kvasir-seg::cju336l68y7if0993wf092166,f0ffacdf38f6fc2cc957a9fd,3,1,kvasir-seg::cju1c4fcu40hl07992b8gj0c8
train,kvasir-seg::cju336l68y7if0993wf092166,e999291c5352c7735ce6c669,4,1,kvasir-seg::cju1c4fcu40hl07992b8gj0c8
train,kvasir-seg::cju336l68y7if0993wf092166,8a8303758e9bcb96adb005c2,5,1,kvasir-seg::cju1c4fcu40hl07992b8gj0c8
train,kvasir-seg::cju336l68y7if0993wf092166,1c344fd8ddda4670c47718d0,6,1,kvasir-seg::cju1c4fcu40hl07992b8gj0c8
train,kvasir-seg::cju3381d8bz3h07991xtl7ra0,df1ed709f066f133bf0afa08,0,4,kvasir-seg::cju3v72v5h1qz0818fggilwtq
train,kvasir-seg::cju3381d8bz3h07991xtl7ra0,1f344af720a13adbbd332688,1,4,kvasir-seg::cju3v72v5h1qz0818fggilwtq
train,kvasir-seg::cju3381d8bz3h07991xtl7ra0,0002752ee5273819ad8af257,2,4,kvasir-seg::cju3v72v5h1qz0818fggilwtq
train,kvasir-seg::cju3381d8bz3h07991xtl7ra0,b928b693250266be2ba141db,3,4,kvasir-seg::cju3v72v5h1qz0818fggilwtq
train,kvasir-seg::cju3381d8bz3h07991xtl7ra0,06860f60ebc2f1f65f27db37,4,4,kvasir-seg::cju3v72v5h1qz0818fggilwtq
train,kvasir-seg::cju3381d8bz3h07991xtl7ra0,2a3097d4a10a413a9d3e9389,5,4,kvasir-seg::cju3v72v5h1qz0818fggilwtq
train,kvasir-seg::cju3381d8bz3h07991xtl7ra0,e0e448dfbe075ede8c772117,6,4,kvasir-seg::cju3v72v5h1qz0818fggilwtq
train,kvasir-seg::cju33belnbyhm0878yxl42233,feb2ef00c76877166df1ca0a,0,1,kvasir-seg::cju1c4fcu40hl07992b8gj0c8
train,kvasir-seg::cju33belnbyhm0878yxl42233,1fd61c4a91a1e8e56c0fd870,1,1,kvasir-seg::cju1c4fcu40hl07992b8gj0c8
train,kvasir-seg::cju33belnbyhm0878yxl42233,679da32f79a78bb2f89c0a42,2,1,kvasir-seg::cju1c4fcu40hl07992b8gj0c8
train,kvasir-seg::cju33belnbyhm0878yxl42233,edb033c289e38b14d54f3bd2,3,1,kvasir-seg::cju1c4fcu40hl07992b8gj0c8
train,kvasir-seg::cju33belnbyhm0878yxl42233,31883d363512235bb7a00c1f,4,1,kvasir-seg::cju1c4fcu40hl07992b8gj0c8
train,kvasir-seg::cju33belnbyhm0878yxl42233,e6d2755fe6f920e4337d032c,5,1,kvasir-seg::cju1c4fcu40hl07992b8gj0c8
train,kvasir-seg::cju33belnbyhm0878yxl42233,5032d56465587e7ee4f5b8a7,6,1,kvasir-seg::cju1c4fcu40hl07992b8gj0c8
train,kvasir-seg::cju33eqwbcch208012jikwdky,2e2a3d1b4479522e0d87d1ad,0,6,kvasir-seg::cju7aklv31h4309871m29l4e7
train,kvasir-seg::cju33eqwbcch208012jikwdky,01b9b1707fe571ea91c7fefa,1,6,kvasir-seg::cju7aklv31h4309871m29l4e7
train,kvasir-seg::cju33eqwbcch208012jikwdky,497b596185d698af0e884dde,2,6,kvasir-seg::cju7aklv31h4309871m29l4e7
train,kvasir-seg::cju33eqwbcch208012jikwdky,76dd578b03400d34b73ca368,3,6,kvasir-seg::cju7aklv31h4309871m29l4e7
train,kvasir-seg::cju33eqwbcch208012jikwdky,34d73e43baf80fdc8d32c975,4,6,kvasir-seg::cju7aklv31h4309871m29l4e7
train,kvasir-seg::cju33eqwbcch208012jikwdky,f2afb643b41772f18f0d7cb3,5,6,kvasir-seg::cju7aklv31h4309871m29l4e7
train,kvasir-seg::cju33eqwbcch208012jikwdky,034c99eb4d752d26a135eca9,6,6,kvasir-seg::cju7aklv31h4309871m29l4e7
train,kvasir-seg::cju33jon3ygbj0993pu22a4k6,3cb3ab12ae379e720223eacf,0,1,kvasir-seg::cju1c4fcu40hl07992b8gj0c8
train,kvasir-seg::cju33jon3ygbj0993pu22a4k6,845098f339c36d3af2e40467,1,1,kvasir-seg::cju1c4fcu40hl07992b8gj0c8
train,kvasir-seg::cju33jon3ygbj0993pu22a4k6,8620f03489d522148e37a2b4,2,1,kvasir-seg::cju1c4fcu40hl07992b8gj0c8
train,kvasir-seg::cju33jon3ygbj0993pu22a4k6,866c1b33565da166c19e6386,3,1,kvasir-seg::cju1c4fcu40hl07992b8gj0c8
train,kvasir-seg::cju33jon3ygbj0993pu22a4k6,6773184d06b2a1a0647004b0,4,1,kvasir-seg::cju1c4fcu40hl07992b8gj0c8
train,kvasir-seg::cju33jon3ygbj0993pu22a4k6,83841feb00b28b5dcf4360dd,5,1,kvasir-seg::cju1c4fcu40hl07992b8gj0c8
train,kvasir-seg::cju33jon3ygbj0993pu22a4k6,317f22a4824ff474355af455,6,1,kvasir-seg::cju1c4fcu40hl07992b8gj0c8
train,kvasir-seg::cju33mirdc8mj0799k33wzoes,f754e2650dfd0f8964e48b74,0,6,kvasir-seg::cju7aklv31h4309871m29l4e7
train,kvasir-seg::cju33mirdc8mj0799k33wzoes,64e96548e64d799c03f9889b,1,6,kvasir-seg::cju7aklv31h4309871m29l4e7
train,kvasir-seg::cju33mirdc8mj0799k33wzoes,f45eed605d8929d7739ace2e,2,6,kvasir-seg::cju7aklv31h4309871m29l4e7
train,kvasir-seg::cju33mirdc8mj0799k33wzoes,e01ceba1170765b54f8d33e3,3,6,kvasir-seg::cju7aklv31h4309871m29l4e7
train,kvasir-seg::cju33mirdc8mj0799k33wzoes,d13d6b62ffa3f9a47a688ffd,4,6,kvasir-seg::cju7aklv31h4309871m29l4e7
train,kvasir-seg::cju33mirdc8mj0799k33wzoes,e4f2bfe4fbc9d0ce6fb0804b,5,6,kvasir-seg::cju7aklv31h4309871m29l4e7
train,kvasir-seg::cju33mirdc8mj0799k33wzoes,d8561f74aeabf57af31cfb6e,6,6,kvasir-seg::cju7aklv31h4309871m29l4e7
train,kvasir-seg::cju33o12x2jm50988944mxq0v,716596e9635e085196a60577,0,3,kvasir-seg::cju34ymm8d6700799uop0cw33
train,kvasir-seg::cju33o12x2jm50988944mxq0v,e2fbd5eb2a6c2af026eece91,1,3,kvasir-seg::cju34ymm8d6700799uop0cw33
train,kvasir-seg::cju33o12x2jm50988944mxq0v,88c995de01d936a0b1c14735,2,3,kvasir-seg::cju34ymm8d6700799uop0cw33
train,kvasir-seg::cju33o12x2jm50988944mxq0v,119f6bdd7778793f4180d520,3,3,kvasir-seg::cju34ymm8d6700799uop0cw33
train,kvasir-seg::cju33o12x2jm50988944mxq0v,fea653210539822b8199f1e2,4,3,kvasir-seg::cju34ymm8d6700799uop0cw33
train,kvasir-seg::cju33o12x2jm50988944mxq0v,872803107f6b28f899cd77bf,5,3,kvasir-seg::cju34ymm8d6700799uop0cw33
train,kvasir-seg::cju33o12x2jm50988944mxq0v,3eda22188cceb1f98938fecc,6,3,kvasir-seg::cju34ymm8d6700799uop0cw33
train,kvasir-seg::cju33qpdvc9g0087825jhf3s9,321c2b55cda33c4aaab24246,0,5,kvasir-seg::cju5cu8qkb84x08186jwo8yin
train,kvasir-seg::cju33qpdvc9g0087825jhf3s9,e3a471eb63eab29968c10fdc,1,5,kvasir-seg::cju5cu8qkb84x08186jwo8yin
train,kvasir-seg::cju33qpdvc9g0087825jhf3s9,46c98c56e5931fd87edc71b7,2,5,kvasir-seg::cju5cu8qkb84x08186jwo8yin
train,kvasir-seg::cju33qpdvc9g0087825jhf3s9,e04e145ad242c461fa6e4c16,3,5,kvasir-seg::cju5cu8qkb84x08186jwo8yin
train,kvasir-seg::cju33qpdvc9g0087825jhf3s9,db44f368c57869d262589493,4,5,kvasir-seg::cju5cu8qkb84x08186jwo8yin
train,kvasir-seg::cju33qpdvc9g0087825jhf3s9,15848d8f9da1d4d5cebc7503,5,5,kvasir-seg::cju5cu8qkb84x08186jwo8yin
train,kvasir-seg::cju33qpdvc9g0087825jhf3s9,1bed663cf5a0cb6573852613,6,5,kvasir-seg::cju5cu8qkb84x08186jwo8yin
train,kvasir-seg::cju33w4sdcivk0855x879zht7,fbf46b438b2d3f6a4f4c42e6,0,6,kvasir-seg::cju7aklv31h4309871m29l4e7
train,kvasir-seg::cju33w4sdcivk0855x879zht7,f9c1a524a767dd140a0ad8d8,1,6,kvasir-seg::cju7aklv31h4309871m29l4e7
train,kvasir-seg::cju33w4sdcivk0855x879zht7,e41a28d2fc7795e9b76c440f,2,6,kvasir-seg::cju7aklv31h4309871m29l4e7
train,kvasir-seg::cju33w4sdcivk0855x879zht7,17596c90548abc013f63b968,3,6,kvasir-seg::cju7aklv31h4309871m29l4e7
train,kvasir-seg::cju33w4sdcivk0855x879zht7,4b34573fc492024bdb6af01f,4,6,kvasir-seg::cju7aklv31h4309871m29l4e7
train,kvasir-seg::cju33w4sdcivk0855x879zht7,b9da5147b306018cc75f8f6e,5,6,kvasir-seg::cju7aklv31h4309871m29l4e7
train,kvasir-seg::cju33w4sdcivk0855x879zht7,accf1ab4474f3242aed0febd,6,6,kvasir-seg::cju7aklv31h4309871m29l4e7
train,kvasir-seg::cju33yemn2qb20988wfjxximx,7f299dc4f1559ce2d493566a,0,6,kvasir-seg::cju7aklv31h4309871m29l4e7
train,kvasir-seg::cju33yemn2qb20988wfjxximx,c82adb709a080fa7390c6b07,1,6,kvasir-seg::cju7aklv31h4309871m29l4e7
train,kvasir-seg::cju33yemn2qb20988wfjxximx,efa8a38cb8f44908950d8501,2,6,kvasir-seg::cju7aklv31h4309871m29l4e7
train,kvasir-seg::cju33yemn2qb20988wfjxximx,934f205651ee08f605d6d023,3,6,kvasir-seg::cju7aklv31h4309871m29l4e7
train,kvasir-seg::cju33yemn2qb20988wfjxximx,938cb52e23eed1026d37d789,4,6,kvasir-seg::cju7aklv31h4309871m29l4e7
train,kvasir-seg::cju33yemn2qb20988wfjxximx,d3bd066d8f3342eb3e794298,5,6,kvasir-seg::cju7aklv31h4309871m29l4e7
train,kvasir-seg::cju33yemn2qb20988wfjxximx,5978964971ac2d787624ea07,6,6,kvasir-seg::cju7aklv31h4309871m29l4e7
train,kvasir-seg::cju33za6l2qy70988jhrlp2ev,9854c457a5adf102ce24b8bb,0,1,kvasir-seg::cju1c4fcu40hl07992b8gj0c8
train,kvasir-seg::cju33za6l2qy70988jhrlp2ev,dbadfd15ef4ba0bbb89f37f4,1,1,kvasir-seg::cju1c4fcu40hl07992b8gj0c8
train,kvasir-seg::cju33za6l2qy70988jhrlp2ev,1d1b5cc8ed2fbbfbfb68de1f,2,1,kvasir-seg::cju1c4fcu40hl07992b8gj0c8
train,kvasir-seg::cju33za6l2qy70988jhrlp2ev,0a802d7c91fa31fd7d8cd124,3,1,kvasir-seg::cju1c4fcu40hl07992b8gj0c8
train,kvasir-seg::cju33za6l2qy70988jhrlp2ev,a21050c658a93324ed95173b,4,1,kvasir-seg::cju1c4fcu40hl07992b8gj0c8
train,kvasir-seg::cju33za6l2qy70988jhrlp2ev,ce0731814cff0d631eb2b469,5,1,kvasir-seg::cju1c4fcu40hl07992b8gj0c8
train,kvasir-seg::cju33za6l2qy70988jhrlp2ev,5fde73be6ff43c010692af11,6,1,kvasir-seg::cju1c4fcu40hl07992b8gj0c8
train,kvasir-seg::cju34aozyyy830993bn16u32n,af79c050af03ff06a8cbbc6b,0,6,kvasir-seg::cju7aklv31h4309871m29l4e7
train,kvasir-seg::cju34aozyyy830993bn16u32n,fb77638cefef5eef940d82e9,1,6,kvasir-seg::cju7aklv31h4309871m29l4e7
train,kvasir-seg::cju34aozyyy830993bn16u32n,6b6367a1098b06d04d0c1cf4,2,6,kvasir-seg::cju7aklv31h4309871m29l4e7
train,kvasir-seg::cju34aozyyy830993bn16u32n,1b18b632472cf0f81c2474fb,3,6,kvasir-seg::cju7aklv31h4309871m29l4e7
train,kvasir-seg::cju34aozyyy830993bn16u32n,bc050047b1e3d8ead0a353f0,4,6,kvasir-seg::cju7aklv31h4309871m29l4e7
train,kvasir-seg::cju34aozyyy830993bn16u32n,c611f5f07ee36564fda3c5a1,5,6,kvasir-seg::cju7aklv31h4309871m29l4e7
train,kvasir-seg::cju34aozyyy830993bn16u32n,dcf17980989a573ed0ec82ec,6,6,kvasir-seg::cju7aklv31h4309871m29l4e7
train,kvasir-seg::cju34c1xfyz920993itxkkfad,f612478d3ee0c32071f0e502,0,1,kvasir-seg::cju1c4fcu40hl07992b8gj0c8
train,kvasir-seg::cju34c1xfyz920993itxkkfad,db6c2c8a8bc143dfc5c75c20,1,1,kvasir-seg::cju1c4fcu40hl07992b8gj0c8
train,kvasir-seg::cju34c1xfyz920993itxkkfad,bd1fa3236f4db53a3e163e18,2,1,kvasir-seg::cju1c4fcu40hl07992b8gj0c8
train,kvasir-seg::cju34c1xfyz920993itxkkfad,7ff32d2cf27423eaf8cdb365,3,1,kvasir-seg::cju1c4fcu40hl07992b8gj0c8
train,kvasir-seg::cju34c1xfyz920993itxkkfad,746bfda86bb0e524f06020a0,4,1,kvasir-seg::cju1c4fcu40hl07992b8gj0c8
train,kvasir-seg::cju34c1xfyz920993itxkkfad,56a1226fdd489450ed01a703,5,1,kvasir-seg::cju1c4fcu40hl07992b8gj0c8
train,kvasir-seg::cju34c1xfyz920993itxkkfad,24e0f2585ed9bec00e874bfd,6,1,kvasir-seg::cju1c4fcu40hl07992b8gj0c8
train,kvasir-seg::cju34ds2531520988qjpqt6e3,a44c71dea24194f4d024c490,0,1,kvasir-seg::cju1c4fcu40hl07992b8gj0c8
train,kvasir-seg::cju34ds2531520988qjpqt6e3,c9574999cba4104ee431020f,1,1,kvasir-seg::cju1c4fcu40hl07992b8gj0c8
train,kvasir-seg::cju34ds2531520988qjpqt6e3,f7232349dc23827063912f53,2,1,kvasir-seg::cju1c4fcu40hl07992b8gj0c8
train,kvasir-seg::cju34ds2531520988qjpqt6e3,c5b614d2b941e81b79442e97,3,1,kvasir-seg::cju1c4fcu40hl07992b8gj0c8
train,kvasir-seg::cju34ds2531520988qjpqt6e3,1479cc56380754251ceee3eb,4,1,kvasir-seg::cju1c4fcu40hl07992b8gj0c8
train,kvasir-seg::cju34ds2531520988qjpqt6e3,3c25465b59152826e55492e9,5,1,kvasir-seg::cju1c4fcu40hl07992b8gj0c8
train,kvasir-seg::cju34ds2531520988qjpqt6e3,65d814b86b5d88c627641359,6,1,kvasir-seg::cju1c4fcu40hl07992b8gj0c8
train,kvasir-seg::cju34eqjpcpm508788b3lhp97,7560486588d9612fdb5e45bd,0,6,kvasir-seg::cju7aklv31h4309871m29l4e7
train,kvasir-seg::cju34eqjpcpm508788b3lhp97,e5f002315e4ac15d3ce8eeb9,1,6,kvasir-seg::cju7aklv31h4309871m29l4e7
train,kvasir-seg::cju34eqjpcpm508788b3lhp97,ec6b33d0ae3852bc599799d2,2,6,kvasir-seg::cju7aklv31h4309871m29l4e7
train,kvasir-seg::cju34eqjpcpm508788b3lhp97,b704865072b7b4deb79e8cea,3,6,kvasir-seg::cju7aklv31h4309871m29l4e7
train,kvasir-seg::cju34eqjpcpm508788b3lhp97,70ae962674a9828a454ad525,4,6,kvasir-seg::cju7aklv31h4309871m29l4e7
train,kvasir-seg::cju34eqjpcpm508788b3lhp97,98b8f1f02375791a26154342,5,6,kvasir-seg::cju7aklv31h4309871m29l4e7
train,kvasir-seg::cju34eqjpcpm508788b3lhp97,083fd98f2d041bb7e38d85b0,6,6,kvasir-seg::cju7aklv31h4309871m29l4e7
train,kvasir-seg::cju34i3qvcyog0855qiejxx5w,f851fb4dfa01eefd6e6f44a4,0,1,kvasir-seg::cju1c4fcu40hl07992b8gj0c8
train,kvasir-seg::cju34i3qvcyog0855qiejxx5w,e72b165d54b3320ce73b7856,1,1,kvasir-seg::cju1c4fcu40hl07992b8gj0c8
train,kvasir-seg::cju34i3qvcyog0855qiejxx5w,839ac65804d88db5eff6a0ee,2,1,kvasir-seg::cju1c4fcu40hl07992b8gj0c8
train,kvasir-seg::cju34i3qvcyog0855qiejxx5w,6168c4d9a8521ce962105150,3,1,kvasir-seg::cju1c4fcu40hl07992b8gj0c8
train,kvasir-seg::cju34i3qvcyog0855qiejxx5w,9838fa1a1949a797dcad05ef,4,1,kvasir-seg::cju1c4fcu40hl07992b8gj0c8
train,kvasir-seg::cju34i3qvcyog0855qiejxx5w,d8a065ae4c7a05bfe6250688,5,1,kvasir-seg::cju1c4fcu40hl07992b8gj0c8
train,kvasir-seg::cju34i3qvcyog0855qiejxx5w,40fb3dfe8fcbe42d6581afec,6,1,kvasir-seg::cju1c4fcu40hl07992b8gj0c8
train,kvasir-seg::cju34m7h536wq0988xz7gx79v,4e83ef3d6ff381685fab1c54,0,1,kvasir-seg::cju1c4fcu40hl07992b8gj0c8
train,kvasir-seg::cju34m7h536wq0988xz7gx79v,063951d3989db49c62faac17,1,1,kvasir-seg::cju1c4fcu40hl07992b8gj0c8
train,kvasir-seg::cju34m7h536wq0988xz7gx79v,6a3b9abd4af349ca7b7df9ab,2,1,kvasir-seg::cju1c4fcu40hl07992b8gj0c8
train,kvasir-seg::cju34m7h536wq0988xz7gx79v,8a97979297a5d9894a84dbd4,3,1,kvasir-seg::cju1c4fcu40hl07992b8gj0c8
train,kvasir-seg::cju34m7h536wq0988xz7gx79v,85be625705a6d14e645cd39d,4,1,kvasir-seg::cju1c4fcu40hl07992b8gj0c8
train,kvasir-seg::cju34m7h536wq0988xz7gx79v,b31f8a51052419d79922e5ad,5,1,kvasir-seg::cju1c4fcu40hl07992b8gj0c8
train,kvasir-seg::cju34m7h536wq0988xz7gx79v,5e1f621c0c4d040ea8cf2126,6,1,kvasir-seg::cju1c4fcu40hl07992b8gj0c8
train,kvasir-seg::cju34o6dbd2lo0855aqlcy1hs,9825bbbb1fad115756c867bd,0,1,kvasir-seg::cju1c4fcu40hl07992b8gj0c8
train,kvasir-seg::cju34o6dbd2lo0855aqlcy1hs,6837eda31f58467f88021f64,1,1,kvasir-seg::cju1c4fcu40hl07992b8gj0c8
train,kvasir-seg::cju34o6dbd2lo0855aqlcy1hs,f23cc201d1c62c4709cc2c01,2,1,kvasir-seg::cju1c4fcu40hl07992b8gj0c8
train,kvasir-seg::cju34o6dbd2lo0855aqlcy1hs,c4a8f01549ca0f93305f7a28,3,1,kvasir-seg::cju1c4fcu40hl07992b8gj0c8
train,kvasir-seg::cju34o6dbd2lo0855aqlcy1hs,cb8af163282e8cc0ab87412c,4,1,kvasir-seg::cju1c4fcu40hl07992b8gj0c8
train,kvasir-seg::cju34o6dbd2lo0855aqlcy1hs,a56ae46487dd668c1926e617,5,1,kvasir-seg::cju1c4fcu40hl07992b8gj0c8
train,kvasir-seg::cju34o6dbd2lo0855aqlcy1hs,dd3162e8056ea53b5dc43324,6,1,kvasir-seg::cju1c4fcu40hl07992b8gj0c8
train,kvasir-seg::cju34ouumcznz07996gg1xq7v,5bf3a0aa2ff483edf4bb3fbf,0,1,kvasir-seg::cju1c4fcu40hl07992b8gj0c8
train,kvasir-seg::cju34ouumcznz07996gg1xq7v,d9dfe473fd9c08fa65b070ac,1,1,kvasir-seg::cju1c4fcu40hl07992b8gj0c8
train,kvasir-seg::cju34ouumcznz07996gg1xq7v,7d8e8b44c718e2ad36a94d9f,2,1,kvasir-seg::cju1c4fcu40hl07992b8gj0c8
train,kvasir-seg::cju34ouumcznz07996gg1xq7v,8844d70c8977c39cfc26a9c8,3,1,kvasir-seg::cju1c4fcu40hl07992b8gj0c8
train,kvasir-seg::cju34ouumcznz07996gg1xq7v,59b7e5adee1dfca82313e982,4,1,kvasir-seg::cju1c4fcu40hl07992b8gj0c8
train,kvasir-seg::cju34ouumcznz07996gg1xq7v,c8037366320a5d53e57b2545,5,1,kvasir-seg::cju1c4fcu40hl07992b8gj0c8
train,kvasir-seg::cju34ouumcznz07996gg1xq7v,e4d664f704a64c4a0f897d27,6,1,kvasir-seg::cju1c4fcu40hl07992b8gj0c8
train,kvasir-seg::cju34repocy5208780gswillm,bdbd2b2ba3ac671bd8907368,0,1,kvasir-seg::cju1c4fcu40hl07992b8gj0c8
train,kvasir-seg::cju34repocy5208780gswillm,3a9a7873457ba67c2eb679c1,1,1,kvasir-seg::cju1c4fcu40hl07992b8gj0c8
train,kvasir-seg::cju34repocy5208780gswillm,450284d8bcf9a3092e323da4,2,1,kvasir-seg::cju1c4fcu40hl07992b8gj0c8
train,kvasir-seg::cju34repocy5208780gswillm,4ce563bbe763176e9f61495a,3,1,kvasir-seg::cju1c4fcu40hl07992b8gj0c8
train,kvasir-seg::cju34repocy5208780gswillm,7289047b173a99602c095939,4,1,kvasir-seg::cju1c4fcu40hl07992b8gj0c8
train,kvasir-seg::cju34repocy5208780gswillm,d62b84cc3c6cc675021c6565,5,1,kvasir-seg::cju1c4fcu40hl07992b8gj0c8
train,kvasir-seg::cju34repocy5208780gswillm,41c455dee1040d2b239a8b4e,6,1,kvasir-seg::cju1c4fcu40hl07992b8gj0c8
train,kvasir-seg::cju34sh43d8zm08019xbwhc0o,7da67883ecc6c369f6ea1913,0,1,kvasir-seg::cju1c4fcu40hl07992b8gj0c8
train,kvasir-seg::cju34sh43d8zm08019xbwhc0o,2782d16e6b72ee0d7063c6d8,1,1,kvasir-seg::cju1c4fcu40hl07992b8gj0c8
train,kvasir-seg::cju34sh43d8zm08019xbwhc0o,fa776915d68a86919a79baee,2,1,kvasir-seg::cju1c4fcu40hl07992b8gj0c8
train,kvasir-seg::cju34sh43d8zm08019xbwhc0o,ab087cfc22eb3bb16f58c4cf,3,1,kvasir-seg::cju1c4fcu40hl07992b8gj0c8
train,kvasir-seg::cju34sh43d8zm08019xbwhc0o,a937c71f7887bb5b89b14295,4,1,kvasir-seg::cju1c4fcu40hl07992b8gj0c8
train,kvasir-seg::cju34sh43d8zm08019xbwhc0o,91e82089680cc420177f6f0c,5,1,kvasir-seg::cju1c4fcu40hl07992b8gj0c8
train,kvasir-seg::cju34sh43d8zm08019xbwhc0o,751fca89a5b4dee01f9e971a,6,1,kvasir-seg::cju1c4fcu40hl07992b8gj0c8
train,kvasir-seg::cju34uhepd3dd0799hs8782ad,cc50942d5e15b0b3eed988a9,0,1,kvasir-seg::cju1c4fcu40hl07992b8gj0c8
train,kvasir-seg::cju34uhepd3dd0799hs8782ad,c7c63549c2992fb7eec69010,1,1,kvasir-seg::cju1c4fcu40hl07992b8gj0c8
train,kvasir-seg::cju34uhepd3dd0799hs8782ad,5a9b4ef8a67f1dd40bfd07d6,2,1,kvasir-seg::cju1c4fcu40hl07992b8gj0c8
train,kvasir-seg::cju34uhepd3dd0799hs8782ad,8b15a79e2741f9797beadfb9,3,1,kvasir-seg::cju1c4fcu40hl07992b8gj0c8
train,kvasir-seg::cju34uhepd3dd0799hs8782ad,df6d71f654dd3d2eadea3c11,4,1,kvasir-seg::cju1c4fcu40hl07992b8gj0c8
train,kvasir-seg::cju34uhepd3dd0799hs8782ad,55c6c08e3f6bef102a42ca69,5,1,kvasir-seg::cju1c4fcu40hl07992b8gj0c8
train,kvasir-seg::cju34uhepd3dd0799hs8782ad,16fef1af5524dfb98a14a5e0,6,1,kvasir-seg::cju1c4fcu40hl07992b8gj0c8
train,kvasir-seg::cju34xspwzenf0993cyzajv9n,5b06ea58e7a9a411c4e4f471,0,6,kvasir-seg::cju7aklv31h4309871m29l4e7
train,kvasir-seg::cju34xspwzenf0993cyzajv9n,8c72e5fb7995bb5b0599594b,1,6,kvasir-seg::cju7aklv31h4309871m29l4e7
train,kvasir-seg::cju34xspwzenf0993cyzajv9n,c218b7b898bbdc9b9770cb94,2,6,kvasir-seg::cju7aklv31h4309871m29l4e7
train,kvasir-seg::cju34xspwzenf0993cyzajv9n,678683ef7a807a1ef973cd15,3,6,kvasir-seg::cju7aklv31h4309871m29l4e7
train,kvasir-seg::cju34xspwzenf0993cyzajv9n,4fe16fb060d3afb3dac26d00,4,6,kvasir-seg::cju7aklv31h4309871m29l4e7
train,kvasir-seg::cju34xspwzenf0993cyzajv9n,36bab85274a17302c9390a33,5,6,kvasir-seg::cju7aklv31h4309871m29l4e7
train,kvasir-seg::cju34xspwzenf0993cyzajv9n,4c5c495fe2ef765f7338e9d2,6,6,kvasir-seg::cju7aklv31h4309871m29l4e7
train,kvasir-seg::cju34zivp3fq80988opxbaqyn,265914f39d5ccd4549ae990f,0,2,kvasir-seg::cju2pmhtr17a00855cvpelzb0
train,kvasir-seg::cju34zivp3fq80988opxbaqyn,d149ea5ee4eb582111da79e6,1,2,kvasir-seg::cju2pmhtr17a00855cvpelzb0
train,kvasir-seg::cju34zivp3fq80988opxbaqyn,4369fca33725a51679eb3ad5,2,2,kvasir-seg::cju2pmhtr17a00855cvpelzb0
train,kvasir-seg::cju34zivp3fq80988opxbaqyn,c09cc62a068ec7882bd0d0ef,3,2,kvasir-seg::cju2pmhtr17a00855cvpelzb0
train,kvasir-seg::cju34zivp3fq80988opxbaqyn,28822389541d4f120b1f56f4,4,2,kvasir-seg::cju2pmhtr17a00855cvpelzb0
train,kvasir-seg::cju34zivp3fq80988opxbaqyn,c09810d13047f6ece332e0fb,5,2,kvasir-seg::cju2pmhtr17a00855cvpelzb0
train,kvasir-seg::cju34zivp3fq80988opxbaqyn,a44d797c5da59b151464a154,6,2,kvasir-seg::cju2pmhtr17a00855cvpelzb0
train,kvasir-seg::cju3518w2d838079939fqztbc,d592d0f14d9cb07527641bc0,0,6,kvasir-seg::cju7aklv31h4309871m29l4e7
train,kvasir-seg::cju3518w2d838079939fqztbc,d27c380540197d7393bb8d3c,1,6,kvasir-seg::cju7aklv31h4309871m29l4e7
train,kvasir-seg::cju3518w2d838079939fqztbc,3f690a71d33d5299d9cc1a4b,2,6,kvasir-seg::cju7aklv31h4309871m29l4e7
train,kvasir-seg::cju3518w2d838079939fqztbc,67ec89b87dc28a660d1c4498,3,6,kvasir-seg::cju7aklv31h4309871m29l4e7
train,kvasir-seg::cju3518w2d838079939fqztbc,302424a11c2b1bae413d109c,4,6,kvasir-seg::cju7aklv31h4309871m29l4e7
train,kvasir-seg::cju3518w2d838079939fqztbc,0077ef5b71bf34b8031562bc,5,6,kvasir-seg::cju7aklv31h4309871m29l4e7
train,kvasir-seg::cju3518w2d838079939fqztbc,f3b644271bdcbb08d2b011eb,6,6,kvasir-seg::cju7aklv31h4309871m29l4e7
train,kvasir-seg::cju3521y5d5mq0878t3ezsu4p,eeb1717b7118bad8ec1edcd3,0,1,kvasir-seg::cju1c4fcu40hl07992b8gj0c8
train,kvasir-seg::cju3521y5d5mq0878t3ezsu4p,a9f24bd7bd1c56281e73e0d6,1,1,kvasir-seg::cju1c4fcu40hl07992b8gj0c8
train,kvasir-seg::cju3521y5d5mq0878t3ezsu4p,6d0c95b87a09dd6a3b2b7625,2,1,kvasir-seg::cju1c4fcu40hl07992b8gj0c8
train,kvasir-seg::cju3521y5d5mq0878t3ezsu4p,edf6ae1e802787dbac1d94e3,3,1,kvasir-seg::cju1c4fcu40hl07992b8gj0c8
train,kvasir-seg::cju3521y5d5mq0878t3ezsu4p,3418653fe8a0d38caf856ca0,4,1,kvasir-seg::cju1c4fcu40hl07992b8gj0c8
train,kvasir-seg::cju3521y5d5mq0878t3ezsu4p,bf4c4a2412ddb921d3b5a7ae,5,1,kvasir-seg::cju1c4fcu40hl07992b8gj0c8
train,kvasir-seg::cju3521y5d5mq0878t3ezsu4p,edfd06e3effcd1187c59e8ad,6,1,kvasir-seg::cju1c4fcu40hl07992b8gj0c8
train,kvasir-seg::cju353d1eda8c07992afde611,251457620a04b8118bd59a7b,0,1,kvasir-seg::cju1c4fcu40hl07992b8gj0c8
train,kvasir-seg::cju353d1eda8c07992afde611,3e2d55a3cd0409535486e1c0,1,1,kvasir-seg::cju1c4fcu40hl07992b8gj0c8
train,kvasir-seg::cju353d1eda8c07992afde611,7137b63dfb1ae074807383b3,2,1,kvasir-seg::cju1c4fcu40hl07992b8gj0c8
train,kvasir-seg::cju353d1eda8c07992afde611,9350a7af4c400c8209b300b2,3,1,kvasir-seg::cju1c4fcu40hl07992b8gj0c8
train,kvasir-seg::cju353d1eda8c07992afde611,475089a72b841754d7f653eb,4,1,kvasir-seg::cju1c4fcu40hl07992b8gj0c8
train,kvasir-seg::cju353d1eda8c07992afde611,70d5dd3909bfad183178551c,5,1,kvasir-seg::cju1c4fcu40hl07992b8gj0c8
train,kvasir-seg::cju353d1eda8c07992afde611,a838167e40a954c5b94cffbd,6,1,kvasir-seg::cju1c4fcu40hl07992b8gj0c8
train,kvasir-seg::cju35740hzm0g0993zl5ic246,dadb950a2c7d0e2c3f2fee34,0,1,kvasir-seg::cju1c4fcu40hl07992b8gj0c8
train,kvasir-seg::cju35740hzm0g0993zl5ic246,23794a61132f35bd7097b300,1,1,kvasir-seg::cju1c4fcu40hl07992b8gj0c8
train,kvasir-seg::cju35740hzm0g0993zl5ic246,f2c36f74b27ddbc565d20db7,2,1,kvasir-seg::cju1c4fcu40hl07992b8gj0c8
train,kvasir-seg::cju35740hzm0g0993zl5ic246,47e35f13d8ed9f5dd9ccc6ce,3,1,kvasir-seg::cju1c4fcu40hl07992b8gj0c8
train,kvasir-seg::cju35740hzm0g0993zl5ic246,33863361b4a565869ed30b80,4,1,kvasir-seg::cju1c4fcu40hl07992b8gj0c8
train,kvasir-seg::cju35740hzm0g0993zl5ic246,232fcfcbe277bc3d548e7f51,5,1,kvasir-seg::cju1c4fcu40hl07992b8gj0c8
train,kvasir-seg::cju35740hzm0g0993zl5ic246,90092a20865219e17dfb4498,6,1,kvasir-seg::cju1c4fcu40hl07992b8gj0c8
train,kvasir-seg::cju357rxxdaz30878y2esjpjt,414afd75aebc7052d2fc11f5,0,4,kvasir-seg::cju3v72v5h1qz0818fggilwtq
train,kvasir-seg::cju357rxxdaz30878y2esjpjt,72c139db123706fc20c936f8,1,4,kvasir-seg::cju3v72v5h1qz0818fggilwtq
train,kvasir-seg::cju357rxxdaz30878y2esjpjt,c9bceb3199357e2e560e6e92,2,4,kvasir-seg::cju3v72v5h1qz0818fggilwtq
train,kvasir-seg::cju357rxxdaz30878y2esjpjt,eabd4d0ddee7f5437b78f4ab,3,4,kvasir-seg::cju3v72v5h1qz0818fggilwtq
train,kvasir-seg::cju357rxxdaz30878y2esjpjt,23eb57b35d7568f1e1fb41fd,4,4,kvasir-seg::cju3v72v5h1qz0818fggilwtq
train,kvasir-seg::cju357rxxdaz30878y2esjpjt,ec735069d8f97d350248f61d,5,4,kvasir-seg::cju3v72v5h1qz0818fggilwtq
train,kvasir-seg::cju357rxxdaz30878y2esjpjt,4277cc8de5958770e21a976a,6,4,kvasir-seg::cju3v72v5h1qz0818fggilwtq
train,kvasir-seg::cju35a77vdj4n08556jj2lgmc,5dfad5a974df7ec76f341d10,0,6,kvasir-seg::cju7aklv31h4309871m29l4e7
train,kvasir-seg::cju35a77vdj4n08556jj2lgmc,aaa5188c51a66de2ec9f62bd,1,6,kvasir-seg::cju7aklv31h4309871m29l4e7
train,kvasir-seg::cju35a77vdj4n08556jj2lgmc,5683a95c298ed7509e97fbac,2,6,kvasir-seg::cju7aklv31h4309871m29l4e7
train,kvasir-seg::cju35a77vdj4n08556jj2lgmc,deec93f04ebca351faf60cf7,3,6,kvasir-seg::cju7aklv31h4309871m29l4e7
train,kvasir-seg::cju35a77vdj4n08556jj2lgmc,0a836391991e1498204bcdfe,4,6,kvasir-seg::cju7aklv31h4309871m29l4e7
train,kvasir-seg::cju35a77vdj4n08556jj2lgmc,27df4e0e3672bd7a3cb94889,5,6,kvasir-seg::cju7aklv31h4309871m29l4e7
train,kvasir-seg::cju35a77vdj4n08556jj2lgmc,f043ee16a090996d49aa11f3,6,6,kvasir-seg::cju7aklv31h4309871m29l4e7
train,kvasir-seg::cju35atpxdjot0855q46aqrd0,6781b8510d25181fe89f17b1,0,1,kvasir-seg::cju1c4fcu40hl07992b8gj0c8
train,kvasir-seg::cju35atpxdjot0855q46aqrd0,9b1cef090d3a30a3b4ca240a,1,1,kvasir-seg::cju1c4fcu40hl07992b8gj0c8
train,kvasir-seg::cju35atpxdjot0855q46aqrd0,e62a93580dec6eb63a8180cf,2,1,kvasir-seg::cju1c4fcu40hl07992b8gj0c8
train,kvasir-seg::cju35atpxdjot0855q46aqrd0,1ff2245e791c1ec6be3bdbbd,3,1,kvasir-seg::cju1c4fcu40hl07992b8gj0c8
train,kvasir-seg::cju35atpxdjot0855q46aqrd0,828f6610dcd7ffadbe7eff25,4,1,kvasir-seg::cju1c4fcu40hl07992b8gj0c8
train,kvasir-seg::cju35atpxdjot0855q46aqrd0,367dd65b8d18de0086e5716c,5,1,kvasir-seg::cju1c4fcu40hl07992b8gj0c8
train,kvasir-seg::cju35atpxdjot0855q46aqrd0,f248a3e7c3443684e9b5ff63,6,1,kvasir-seg::cju1c4fcu40hl07992b8gj0c8
train,kvasir-seg::cju35c4wzdhow0799h6eq4sgs,782e1404c29fcafb7446bf49,0,1,kvasir-seg::cju1c4fcu40hl07992b8gj0c8
train,kvasir-seg::cju35c4wzdhow0799h6eq4sgs,f693b9dabde5ffb52a08a513,1,1,kvasir-seg::cju1c4fcu40hl07992b8gj0c8
train,kvasir-seg::cju35c4wzdhow0799h6eq4sgs,065ff5a5c08c354b8baa1759,2,1,kvasir-seg::cju1c4fcu40hl07992b8gj0c8
train,kvasir-seg::cju35c4wzdhow0799h6eq4sgs,46591123d7b17c44ac25bd82,3,1,kvasir-seg::cju1c4fcu40hl07992b8gj0c8
train,kvasir-seg::cju35c4wzdhow0799h6eq4sgs,8ce4c0e17edb34e96ef6146a,4,1,kvasir-seg::cju1c4fcu40hl07992b8gj0c8
train,kvasir-seg::cju35c4wzdhow0799h6eq4sgs,6ba68ffe6cb26717b648c5f1,5,1,kvasir-seg::cju1c4fcu40hl07992b8gj0c8
train,kvasir-seg::cju35c4wzdhow0799h6eq4sgs,d11da582322c2412f0c7591d,6,1,kvasir-seg::cju1c4fcu40hl07992b8gj0c8
train,kvasir-seg::cju35eg0tdmjt085525sb4bua,7865331005261f8e14d91df1,0,1,kvasir-seg::cju1c4fcu40hl07992b8gj0c8
train,kvasir-seg::cju35eg0tdmjt085525sb4bua,1ddd55cfda3faeedfee74b00,1,1,kvasir-seg::cju1c4fcu40hl07992b8gj0c8
train,kvasir-seg::cju35eg0tdmjt085525sb4bua,a1e368b98bd38a1774f328e0,2,1,kvasir-seg::cju1c4fcu40hl07992b8gj0c8
train,kvasir-seg::cju35eg0tdmjt085525sb4bua,5b739c8ece1cde828166a43f,3,1,kvasir-seg::cju1c4fcu40hl07992b8gj0c8
train,kvasir-seg::cju35eg0tdmjt085525sb4bua,cbc88d36e9432db668529f70,4,1,kvasir-seg::cju1c4fcu40hl07992b8gj0c8
train,kvasir-seg::cju35eg0tdmjt085525sb4bua,b02bdb8c9ba13f3c116c7f72,5,1,kvasir-seg::cju1c4fcu40hl07992b8gj0c8
train,kvasir-seg::cju35eg0tdmjt085525sb4bua,ad0ba1d61dc16a2f881e430e,6,1,kvasir-seg::cju1c4fcu40hl07992b8gj0c8
train,kvasir-seg::cju35i2e63uxr0835h7zgkg9k,88a977bb4cbe88feeb3ea68c,0,1,kvasir-seg::cju1c4fcu40hl07992b8gj0c8
train,kvasir-seg::cju35i2e63uxr0835h7zgkg9k,38fd93de8cfcecfaa7ce4d14,1,1,kvasir-seg::cju1c4fcu40hl07992b8gj0c8
train,kvasir-seg::cju35i2e63uxr0835h7zgkg9k,71693f0d2505ad58f778cb5f,2,1,kvasir-seg::cju1c4fcu40hl07992b8gj0c8
train,kvasir-seg::cju35i2e63uxr0835h7zgkg9k,8e8021a994b3f9aa3c7911a6,3,1,kvasir-seg::cju1c4fcu40hl07992b8gj0c8
train,kvasir-seg::cju35i2e63uxr0835h7zgkg9k,b4ce91e003adb33f3f817e34,4,1,kvasir-seg::cju1c4fcu40hl07992b8gj0c8
train,kvasir-seg::cju35i2e63uxr0835h7zgkg9k,731a5bbb9be688badaf9f547,5,1,kvasir-seg::cju1c4fcu40hl07992b8gj0c8
train,kvasir-seg::cju35i2e63uxr0835h7zgkg9k,41bf503ff3380049e6f6c8a5,6,1,kvasir-seg::cju1c4fcu40hl07992b8gj0c8
train,kvasir-seg::cju35k2fr3vc50988c85qkrwg,31583010de6c47debd94ff83,0,1,kvasir-seg::cju1c4fcu40hl07992b8gj0c8
train,kvasir-seg::cju35k2fr3vc50988c85qkrwg,3952ea9cbc138a8b4ddcc442,1,1,kvasir-seg::cju1c4fcu40hl07992b8gj0c8
train,kvasir-seg::cju35k2fr3vc50988c85qkrwg,36d77cb90bc59105436f98ce,2,1,kvasir-seg::cju1c4fcu40hl07992b8gj0c8
train,kvasir-seg::cju35k2fr3vc50988c85qkrwg,028a74a0baa2ce0d41bd43df,3,1,kvasir-seg::cju1c4fcu40hl07992b8gj0c8
train,kvasir-seg::cju35k2fr3vc50988c85qkrwg,b62a7649117f595c40a6122b,4,1,kvasir-seg::cju1c4fcu40hl07992b8gj0c8
train,kvasir-seg::cju35k2fr3vc50988c85qkrwg,effa57cf96d3a4c15ee5d725,5,1,kvasir-seg::cju1c4fcu40hl07992b8gj0c8
train,kvasir-seg::cju35k2fr3vc50988c85qkrwg,87b0f815b76eaf15ff6ea499,6,1,kvasir-seg::cju1c4fcu40hl07992b8gj0c8
train,kvasir-seg::cju35ldepdtlm0801yv79y8vu,447354ab5c90bd744be36757,0,6,kvasir-seg::cju7aklv31h4309871m29l4e7
train,kvasir-seg::cju35ldepdtlm0801yv79y8vu,9ff751b82523bcb826229fd6,1,6,kvasir-seg::cju7aklv31h4309871m29l4e7
train,kvasir-seg::cju35ldepdtlm0801yv79y8vu,9f8afb1a3f775720a07f24d8,2,6,kvasir-seg::cju7aklv31h4309871m29l4e7
train,kvasir-seg::cju35ldepdtlm0801yv79y8vu,10b18533b330631b70863087,3,6,kvasir-seg::cju7aklv31h4309871m29l4e7
train,kvasir-seg::cju35ldepdtlm0801yv79y8vu,e101a6310d5fd324c5752fb4,4,6,kvasir-seg::cju7aklv31h4309871m29l4e7
train,kvasir-seg::cju35ldepdtlm0801yv79y8vu,60d5a89ba8fb97c2d2affa7d,5,6,kvasir-seg::cju7aklv31h4309871m29l4e7
train,kvasir-seg::cju35ldepdtlm0801yv79y8vu,6b66c78240ea297a1debfd52,6,6,kvasir-seg::cju7aklv31h4309871m29l4e7
train,kvasir-seg::cju35mdz73x890835eynq1h9v,2010fca88d2b39496dae5603,0,1,kvasir-seg::cju1c4fcu40hl07992b8gj0c8
train,kvasir-seg::cju35mdz73x890835eynq1h9v,8cd78f2ac3dd826eaa4ad4fb,1,1,kvasir-seg::cju1c4fcu40hl07992b8gj0c8
train,kvasir-seg::cju35mdz73x890835eynq1h9v,eb54bd654c1dea0d4cdc30bc,2,1,kvasir-seg::cju1c4fcu40hl07992b8gj0c8
train,kvasir-seg::cju35mdz73x890835eynq1h9v,b6e197f59fc6d2154123656d,3,1,kvasir-seg::cju1c4fcu40hl07992b8gj0c8
train,kvasir-seg::cju35mdz73x890835eynq1h9v,8d28c5da373eb6dd750ba9bf,4,1,kvasir-seg::cju1c4fcu40hl07992b8gj0c8
train,kvasir-seg::cju35mdz73x890835eynq1h9v,af87a718382f938d89f88c97,5,1,kvasir-seg::cju1c4fcu40hl07992b8gj0c8
train,kvasir-seg::cju35mdz73x890835eynq1h9v,8089c92442fae1553feaaa2f,6,1,kvasir-seg::cju1c4fcu40hl07992b8gj0c8
train,kvasir-seg::cju35oyvd3y850988km12hdz1,c7229830eb8aa917dc833667,0,1,kvasir-seg::cju1c4fcu40hl07992b8gj0c8
train,kvasir-seg::cju35oyvd3y850988km12hdz1,43a9efc8cc585860750d43ba,1,1,kvasir-seg::cju1c4fcu40hl07992b8gj0c8
train,kvasir-seg::cju35oyvd3y850988km12hdz1,c48fe29a82cb78e54d7dd6e5,2,1,kvasir-seg::cju1c4fcu40hl07992b8gj0c8
train,kvasir-seg::cju35oyvd3y850988km12hdz1,4a173dc057bb1ca15d1d6257,3,1,kvasir-seg::cju1c4fcu40hl07992b8gj0c8
train,kvasir-seg::cju35oyvd3y850988km12hdz1,a4dbbd0afff56777dbe8a242,4,1,kvasir-seg::cju1c4fcu40hl07992b8gj0c8
train,kvasir-seg::cju35oyvd3y850988km12hdz1,ba0915fd178b7880f504e7f6,5,1,kvasir-seg::cju1c4fcu40hl07992b8gj0c8
train,kvasir-seg::cju35oyvd3y850988km12hdz1,fd397f4df5d73bf28325a641,6,1,kvasir-seg::cju1c4fcu40hl07992b8gj0c8
train,kvasir-seg::cju3tp94kfstl08181awh6z49,af2f9d87865449fb7d7fff20,0,1,kvasir-seg::cju1c4fcu40hl07992b8gj0c8
train,kvasir-seg::cju3tp94kfstl08181awh6z49,df331cb1806f56da18955d53,1,1,kvasir-seg::cju1c4fcu40hl07992b8gj0c8
train,kvasir-seg::cju3tp94kfstl08181awh6z49,ded6e1e5e7bbfeeb178ca7cc,2,1,kvasir-seg::cju1c4fcu40hl07992b8gj0c8
train,kvasir-seg::cju3tp94kfstl08181awh6z49,aad2b99d9d8a9b29076dc192,3,1,kvasir-seg::cju1c4fcu40hl07992b8gj0c8
train,kvasir-seg::cju3tp94kfstl08181awh6z49,4710a641e7b363c762a1d2fa,4,1,kvasir-seg::cju1c4fcu40hl07992b8gj0c8
train,kvasir-seg::cju3tp94kfstl08181awh6z49,be751abaff61e773780e67a7,5,1,kvasir-seg::cju1c4fcu40hl07992b8gj0c8
train,kvasir-seg::cju3tp94kfstl08181awh6z49,87fd7fbe7f60ac498cd90492,6,1,kvasir-seg::cju1c4fcu40hl07992b8gj0c8
train,kvasir-seg::cju3tsh4lfsok0987w6x3a0v1,074f1b57ac2b33795adae2b6,0,1,kvasir-seg::cju1c4fcu40hl07992b8gj0c8
train,kvasir-seg::cju3tsh4lfsok0987w6x3a0v1,0214666f20cc98b6f63a244a,1,1,kvasir-seg::cju1c4fcu40hl07992b8gj0c8
train,kvasir-seg::cju3tsh4lfsok0987w6x3a0v1,06748614fcfe2c5664fd86ef,2,1,kvasir-seg::cju1c4fcu40hl07992b8gj0c8
train,kvasir-seg::cju3tsh4lfsok0987w6x3a0v1,7ef2af34249f3984142e5da6,3,1,kvasir-seg::cju1c4fcu40hl07992b8gj0c8
train,kvasir-seg::cju3tsh4lfsok0987w6x3a0v1,9afa1bd23ffe51845e5a5e4b,4,1,kvasir-seg::cju1c4fcu40hl07992b8gj0c8
train,kvasir-seg::cju3tsh4lfsok0987w6x3a0v1,2070b16943f363f57cca6c2b,5,1,kvasir-seg::cju1c4fcu40hl07992b8gj0c8
train,kvasir-seg::cju3tsh4lfsok0987w6x3a0v1,04e6018e320f80c6429f6ce2,6,1,kvasir-seg::cju1c4fcu40hl07992b8gj0c8
train,kvasir-seg::cju3ttznuftyf09875t11850w,99c5a166d58a3c4650114690,0,1,kvasir-seg::cju1c4fcu40hl07992b8gj0c8
train,kvasir-seg::cju3ttznuftyf09875t11850w,fef8610e1b7c505268978f42,1,1,kvasir-seg::cju1c4fcu40hl07992b8gj0c8
train,kvasir-seg::cju3ttznuftyf09875t11850w,d390adc308b93a065469e4db,2,1,kvasir-seg::cju1c4fcu40hl07992b8gj0c8
train,kvasir-seg::cju3ttznuftyf09875t11850w,3f52a707f4923c69c43a2cb1,3,1,kvasir-seg::cju1c4fcu40hl07992b8gj0c8
train,kvasir-seg::cju3ttznuftyf09875t11850w,e9dcac402288582cd0e19267,4,1,kvasir-seg::cju1c4fcu40hl07992b8gj0c8
train,kvasir-seg::cju3ttznuftyf09875t11850w,e6d65d4ecb0dd47f853537ca,5,1,kvasir-seg::cju1c4fcu40hl07992b8gj0c8
train,kvasir-seg::cju3ttznuftyf09875t11850w,b150b201ba4c14ee648078c7,6,1,kvasir-seg::cju1c4fcu40hl07992b8gj0c8
train,kvasir-seg::cju3tvffffx5f0818t5ov22al,028cf00ad7c839fca2926fc9,0,1,kvasir-seg::cju1c4fcu40hl07992b8gj0c8
train,kvasir-seg::cju3tvffffx5f0818t5ov22al,c6f09225505b87db73b85fde,1,1,kvasir-seg::cju1c4fcu40hl07992b8gj0c8
train,kvasir-seg::cju3tvffffx5f0818t5ov22al,093a8e0a8f808b20c59410b1,2,1,kvasir-seg::cju1c4fcu40hl07992b8gj0c8
train,kvasir-seg::cju3tvffffx5f0818t5ov22al,fe7ac826b37b8b9d422cb8db,3,1,kvasir-seg::cju1c4fcu40hl07992b8gj0c8
train,kvasir-seg::cju3tvffffx5f0818t5ov22al,a5d038d6de1b6591bd06bbbc,4,1,kvasir-seg::cju1c4fcu40hl07992b8gj0c8
train,kvasir-seg::cju3tvffffx5f0818t5ov22al,66ccd2234eebf8b9ce4856d9,5,1,kvasir-seg::cju1c4fcu40hl07992b8gj0c8
train,kvasir-seg::cju3tvffffx5f0818t5ov22al,04d1f729de0d0083bf60465a,6,1,kvasir-seg::cju1c4fcu40hl07992b8gj0c8
train,kvasir-seg::cju3u1c8tfyqx08503iedc3mx,6fac571633c95bfde94920a9,0,1,kvasir-seg::cju1c4fcu40hl07992b8gj0c8
train,kvasir-seg::cju3u1c8tfyqx08503iedc3mx,cd376893fb1c30df10913abd,1,1,kvasir-seg::cju1c4fcu40hl07992b8gj0c8
train,kvasir-seg::cju3u1c8tfyqx08503iedc3mx,12c156c24de8c6a4c3c5981c,2,1,kvasir-seg::cju1c4fcu40hl07992b8gj0c8
train,kvasir-seg::cju3u1c8tfyqx08503iedc3mx,628400c074743584f7576a07,3,1,kvasir-seg::cju1c4fcu40hl07992b8gj0c8
train,kvasir-seg::cju3u1c8tfyqx08503iedc3mx,d5fc7738a8f268f7bd5df886,4,1,kvasir-seg::cju1c4fcu40hl07992b8gj0c8
train,kvasir-seg::cju3u1c8tfyqx08503iedc3mx,cfb6bf01af23a2a317f594b7,5,1,kvasir-seg::cju1c4fcu40hl07992b8gj0c8
train,kvasir-seg::cju3u1c8tfyqx08503iedc3mx,a9d2c5db2940c449b85deec9,6,1,kvasir-seg::cju1c4fcu40hl07992b8gj0c8
train,kvasir-seg::cju3u4lxmg59o0755rz42b9en,3a43f16b481818b6b2d997b3,0,6,kvasir-seg::cju7aklv31h4309871m29l4e7
train,kvasir-seg::cju3u4lxmg59o0755rz42b9en,994304fa95fccd76b65d8c66,1,6,kvasir-seg::cju7aklv31h4309871m29l4e7
train,kvasir-seg::cju3u4lxmg59o0755rz42b9en,fa4fd4f14b5efc06f03c5b50,2,6,kvasir-seg::cju7aklv31h4309871m29l4e7
train,kvasir-seg::cju3u4lxmg59o0755rz42b9en,5a76ba3bf6cc70a97c80f74b,3,6,kvasir-seg::cju7aklv31h4309871m29l4e7
train,kvasir-seg::cju3u4lxmg59o0755rz42b9en,9159d82e6c7bb5d6864e6ab3,4,6,kvasir-seg::cju7aklv31h4309871m29l4e7
train,kvasir-seg::cju3u4lxmg59o0755rz42b9en,569aafe3ef90f4e8abf62e7d,5,6,kvasir-seg::cju7aklv31h4309871m29l4e7
train,kvasir-seg::cju3u4lxmg59o0755rz42b9en,b22d3d712dd40bad1c501bc4,6,6,kvasir-seg::cju7aklv31h4309871m29l4e7
train,kvasir-seg::cju3u815rg4ek0850vvhtcvcm,f13e86526839fa172a2f3a67,0,1,kvasir-seg::cju1c4fcu40hl07992b8gj0c8
train,kvasir-seg::cju3u815rg4ek0850vvhtcvcm,85a7f2e0f876cc8623e25a04,1,1,kvasir-seg::cju1c4fcu40hl07992b8gj0c8
train,kvasir-seg::cju3u815rg4ek0850vvhtcvcm,d27c1fec24e416a382152d6f,2,1,kvasir-seg::cju1c4fcu40hl07992b8gj0c8
train,kvasir-seg::cju3u815rg4ek0850vvhtcvcm,bddaa27d8d74fb4c807e258b,3,1,kvasir-seg::cju1c4fcu40hl07992b8gj0c8
train,kvasir-seg::cju3u815rg4ek0850vvhtcvcm,f3d62711e375407307ebc221,4,1,kvasir-seg::cju1c4fcu40hl07992b8gj0c8
train,kvasir-seg::cju3u815rg4ek0850vvhtcvcm,6f52cc626dcf8c5ede752979,5,1,kvasir-seg::cju1c4fcu40hl07992b8gj0c8
train,kvasir-seg::cju3u815rg4ek0850vvhtcvcm,e0fd3626530ededa430a714a,6,1,kvasir-seg::cju1c4fcu40hl07992b8gj0c8
train,kvasir-seg::cju3ua8u0g9rg0801uayhdxhu,47602fd33317363e7b8b8119,0,1,kvasir-seg::cju1c4fcu40hl07992b8gj0c8
train,kvasir-seg::cju3ua8u0g9rg0801uayhdxhu,4cb9f7256f31de0dbcacf871,1,1,kvasir-seg::cju1c4fcu40hl07992b8gj0c8
train,kvasir-seg::cju3ua8u0g9rg0801uayhdxhu,5721e5e2f9dc3026c6dbe442,2,1,kvasir-seg::cju1c4fcu40hl07992b8gj0c8
train,kvasir-seg::cju3ua8u0g9rg0801uayhdxhu,6bb1957e78b5a31620893e29,3,1,kvasir-seg::cju1c4fcu40hl07992b8gj0c8
train,kvasir-seg::cju3ua8u0g9rg0801uayhdxhu,6508f06003e00b16215d5473,4,1,kvasir-seg::cju1c4fcu40hl07992b8gj0c8
train,kvasir-seg::cju3ua8u0g9rg0801uayhdxhu,f01156ae435e14a47664bb37,5,1,kvasir-seg::cju1c4fcu40hl07992b8gj0c8
train,kvasir-seg::cju3ua8u0g9rg0801uayhdxhu,487aafb8a7aca62104ccf554,6,1,kvasir-seg::cju1c4fcu40hl07992b8gj0c8
train,kvasir-seg::cju3uhb79gcgr0871orbrbi3x,575b15831004d794d797a603,0,1,kvasir-seg::cju1c4fcu40hl07992b8gj0c8
train,kvasir-seg::cju3uhb79gcgr0871orbrbi3x,237a221e1f85d0184fa89a8f,1,1,kvasir-seg::cju1c4fcu40hl07992b8gj0c8
train,kvasir-seg::cju3uhb79gcgr0871orbrbi3x,b4161cd62f6df8975355b70d,2,1,kvasir-seg::cju1c4fcu40hl07992b8gj0c8
train,kvasir-seg::cju3uhb79gcgr0871orbrbi3x,8e62169af714de1b77d6b93b,3,1,kvasir-seg::cju1c4fcu40hl07992b8gj0c8
train,kvasir-seg::cju3uhb79gcgr0871orbrbi3x,51e9dbe39cf014e937ab9815,4,1,kvasir-seg::cju1c4fcu40hl07992b8gj0c8
train,kvasir-seg::cju3uhb79gcgr0871orbrbi3x,64cedeac9e7aa9607373e4f6,5,1,kvasir-seg::cju1c4fcu40hl07992b8gj0c8
train,kvasir-seg::cju3uhb79gcgr0871orbrbi3x,c76426f1162c17787c043cea,6,1,kvasir-seg::cju1c4fcu40hl07992b8gj0c8
train,kvasir-seg::cju3ul8dogf1z09872y2ecowp,5d46be9103e65628876c3d07,0,5,kvasir-seg::cju5cu8qkb84x08186jwo8yin
train,kvasir-seg::cju3ul8dogf1z09872y2ecowp,79fdcebfa674377d52f6cfe8,1,5,kvasir-seg::cju5cu8qkb84x08186jwo8yin
train,kvasir-seg::cju3ul8dogf1z09872y2ecowp,0ab9b1f377f7419d41633369,2,5,kvasir-seg::cju5cu8qkb84x08186jwo8yin
train,kvasir-seg::cju3ul8dogf1z09872y2ecowp,054840d4a718b2ace9348133,3,5,kvasir-seg::cju5cu8qkb84x08186jwo8yin
train,kvasir-seg::cju3ul8dogf1z09872y2ecowp,9c5dba0eb92ac2e6ef0746b2,4,5,kvasir-seg::cju5cu8qkb84x08186jwo8yin
train,kvasir-seg::cju3ul8dogf1z09872y2ecowp,0fbeee64f51f9fa37ad8e91b,5,5,kvasir-seg::cju5cu8qkb84x08186jwo8yin
train,kvasir-seg::cju3ul8dogf1z09872y2ecowp,8cd538aa786eaa945924aafa,6,5,kvasir-seg::cju5cu8qkb84x08186jwo8yin
train,kvasir-seg::cju3umoh1geet0817cmpef5am,246a360e148dc1dfbf9c718c,0,6,kvasir-seg::cju7aklv31h4309871m29l4e7
train,kvasir-seg::cju3umoh1geet0817cmpef5am,c31f9a88fc51f7d91c6598c9,1,6,kvasir-seg::cju7aklv31h4309871m29l4e7
train,kvasir-seg::cju3umoh1geet0817cmpef5am,0b320e7e56d64e59ec481407,2,6,kvasir-seg::cju7aklv31h4309871m29l4e7
train,kvasir-seg::cju3umoh1geet0817cmpef5am,040335ad7f0a1067689a33b0,3,6,kvasir-seg::cju7aklv31h4309871m29l4e7
train,kvasir-seg::cju3umoh1geet0817cmpef5am,d582c5887fa992e703a024b3,4,6,kvasir-seg::cju7aklv31h4309871m29l4e7
train,kvasir-seg::cju3umoh1geet0817cmpef5am,b734aaab6f2e279e45261230,5,6,kvasir-seg::cju7aklv31h4309871m29l4e7
train,kvasir-seg::cju3umoh1geet0817cmpef5am,21df2a6e45a08d1031ee8930,6,6,kvasir-seg::cju7aklv31h4309871m29l4e7
train,kvasir-seg::cju3uwz6ogsp10801h2r3bj5l,7642663c303a00ca4f44d373,0,1,kvasir-seg::cju1c4fcu40hl07992b8gj0c8
train,kvasir-seg::cju3uwz6ogsp10801h2r3bj5l,f0ad18bf086791a4d0179d3d,1,1,kvasir-seg::cju1c4fcu40hl07992b8gj0c8
train,kvasir-seg::cju3uwz6ogsp10801h2r3bj5l,28494815d1963f297d723b4a,2,1,kvasir-seg::cju1c4fcu40hl07992b8gj0c8
train,kvasir-seg::cju3uwz6ogsp10801h2r3bj5l,826d945c4fca06529f04f080,3,1,kvasir-seg::cju1c4fcu40hl07992b8gj0c8
train,kvasir-seg::cju3uwz6ogsp10801h2r3bj5l,29044b25d7bcb3b489781b9d,4,1,kvasir-seg::cju1c4fcu40hl07992b8gj0c8
train,kvasir-seg::cju3uwz6ogsp10801h2r3bj5l,b7e4c06a3c53a4c9bb7fbd22,5,1,kvasir-seg::cju1c4fcu40hl07992b8gj0c8
train,kvasir-seg::cju3uwz6ogsp10801h2r3bj5l,18a84b4726353840817dae40,6,1,kvasir-seg::cju1c4fcu40hl07992b8gj0c8
train,kvasir-seg::cju3uz4o6gr9z0850lhxyxvsj,35c14c2011a231382a567b76,0,6,kvasir-seg::cju7aklv31h4309871m29l4e7
train,kvasir-seg::cju3uz4o6gr9z0850lhxyxvsj,fed596fbc1a6178c922a13f1,1,6,kvasir-seg::cju7aklv31h4309871m29l4e7
train,kvasir-seg::cju3uz4o6gr9z0850lhxyxvsj,d80a68c952c381a3319d19fe,2,6,kvasir-seg::cju7aklv31h4309871m29l4e7
train,kvasir-seg::cju3uz4o6gr9z0850lhxyxvsj,354f7664986d4babf00be0fa,3,6,kvasir-seg::cju7aklv31h4309871m29l4e7
train,kvasir-seg::cju3uz4o6gr9z0850lhxyxvsj,cd2fdd0badf21e530b8d57b3,4,6,kvasir-seg::cju7aklv31h4309871m29l4e7
train,kvasir-seg::cju3uz4o6gr9z0850lhxyxvsj,d22cefa6a100aa6be02091de,5,6,kvasir-seg::cju7aklv31h4309871m29l4e7
train,kvasir-seg::cju3uz4o6gr9z0850lhxyxvsj,160d7a6620738edfac186ccf,6,6,kvasir-seg::cju7aklv31h4309871m29l4e7
train,kvasir-seg::cju3v0fl3gwce0755qkjhzmd4,01d8e126817b4283b2c57af3,0,6,kvasir-seg::cju7aklv31h4309871m29l4e7
train,kvasir-seg::cju3v0fl3gwce0755qkjhzmd4,31165a34f0e8250f2ce59365,1,6,kvasir-seg::cju7aklv31h4309871m29l4e7
train,kvasir-seg::cju3v0fl3gwce0755qkjhzmd4,ab9a789d4987f9bcccd6b059,2,6,kvasir-seg::cju7aklv31h4309871m29l4e7
train,kvasir-seg::cju3v0fl3gwce0755qkjhzmd4,c39b6cfc05bfb96def41ba81,3,6,kvasir-seg::cju7aklv31h4309871m29l4e7
train,kvasir-seg::cju3v0fl3gwce0755qkjhzmd4,0385a499810fbaeb493d429e,4,6,kvasir-seg::cju7aklv31h4309871m29l4e7
train,kvasir-seg::cju3v0fl3gwce0755qkjhzmd4,03d378151f4b26662213e9ad,5,6,kvasir-seg::cju7aklv31h4309871m29l4e7
train,kvasir-seg::cju3v0fl3gwce0755qkjhzmd4,a672440bc08300c667a71c0d,6,6,kvasir-seg::cju7aklv31h4309871m29l4e7
train,kvasir-seg::cju3v3ac9gyz30755hfqwyp1i,4d564316354aa34457806866,0,6,kvasir-seg::cju7aklv31h4309871m29l4e7
train,kvasir-seg::cju3v3ac9gyz30755hfqwyp1i,51e49b4026f16c3d6c40c59e,1,6,kvasir-seg::cju7aklv31h4309871m29l4e7
train,kvasir-seg::cju3v3ac9gyz30755hfqwyp1i,b54a2d4d6af471f68377c51d,2,6,kvasir-seg::cju7aklv31h4309871m29l4e7
train,kvasir-seg::cju3v3ac9gyz30755hfqwyp1i,823ac4dd28a87ead0bdb7fda,3,6,kvasir-seg::cju7aklv31h4309871m29l4e7
train,kvasir-seg::cju3v3ac9gyz30755hfqwyp1i,577f4f11a6b1a071e133e06e,4,6,kvasir-seg::cju7aklv31h4309871m29l4e7
train,kvasir-seg::cju3v3ac9gyz30755hfqwyp1i,e54e765a98fe8b214bfb0e5a,5,6,kvasir-seg::cju7aklv31h4309871m29l4e7
train,kvasir-seg::cju3v3ac9gyz30755hfqwyp1i,2c145b871357b0f43af8dd7d,6,6,kvasir-seg::cju7aklv31h4309871m29l4e7
train,kvasir-seg::cju3v56bwgy8v0871w14pz8fx,1d3bede60a523bc4caf11b12,0,6,kvasir-seg::cju7aklv31h4309871m29l4e7
train,kvasir-seg::cju3v56bwgy8v0871w14pz8fx,7416a0870153f2f1fc2b6439,1,6,kvasir-seg::cju7aklv31h4309871m29l4e7
train,kvasir-seg::cju3v56bwgy8v0871w14pz8fx,7bdf531b85c992e0b39f4798,2,6,kvasir-seg::cju7aklv31h4309871m29l4e7
train,kvasir-seg::cju3v56bwgy8v0871w14pz8fx,8f832afa19dcd06d0f477643,3,6,kvasir-seg::cju7aklv31h4309871m29l4e7
train,kvasir-seg::cju3v56bwgy8v0871w14pz8fx,695f7e0dd7f34c06fa0f1c46,4,6,kvasir-seg::cju7aklv31h4309871m29l4e7
train,kvasir-seg::cju3v56bwgy8v0871w14pz8fx,d5cf265b705dbbe2b236a802,5,6,kvasir-seg::cju7aklv31h4309871m29l4e7
train,kvasir-seg::cju3v56bwgy8v0871w14pz8fx,b8ff6376b3dc9965d11a861a,6,6,kvasir-seg::cju7aklv31h4309871m29l4e7
train,kvasir-seg::cju3v664kh0px0818y4y7wolf,0c607bf03d2f737b8d506b52,0,1,kvasir-seg::cju1c4fcu40hl07992b8gj0c8
train,kvasir-seg::cju3v664kh0px0818y4y7wolf,e695e7ffdf28df76303609b6,1,1,kvasir-seg::cju1c4fcu40hl07992b8gj0c8
train,kvasir-seg::cju3v664kh0px0818y4y7wolf,236213cac7b39c100ae40c13,2,1,kvasir-seg::cju1c4fcu40hl07992b8gj0c8
train,kvasir-seg::cju3v664kh0px0818y4y7wolf,4add95f8ac1f56715226fbb1,3,1,kvasir-seg::cju1c4fcu40hl07992b8gj0c8
train,kvasir-seg::cju3v664kh0px0818y4y7wolf,4ec247cc3c06a2d6bac7289b,4,1,kvasir-seg::cju1c4fcu40hl07992b8gj0c8
train,kvasir-seg::cju3v664kh0px0818y4y7wolf,061c965e3717aa08630ef977,5,1,kvasir-seg::cju1c4fcu40hl07992b8gj0c8
train,kvasir-seg::cju3v664kh0px0818y4y7wolf,ae1eeebc81d06d00742384a3,6,1,kvasir-seg::cju1c4fcu40hl07992b8gj0c8
train,kvasir-seg::cju3wstckialg0871xs0vevsj,9cb16a03547ce0c9566ef191,0,1,kvasir-seg::cju1c4fcu40hl07992b8gj0c8
train,kvasir-seg::cju3wstckialg0871xs0vevsj,c82f86a64fa81fe8dc92f1aa,1,1,kvasir-seg::cju1c4fcu40hl07992b8gj0c8
train,kvasir-seg::cju3wstckialg0871xs0vevsj,5b206d7ba9ab1bb41e5e1700,2,1,kvasir-seg::cju1c4fcu40hl07992b8gj0c8
train,kvasir-seg::cju3wstckialg0871xs0vevsj,7e0d91917f8c742d38ea4210,3,1,kvasir-seg::cju1c4fcu40hl07992b8gj0c8
train,kvasir-seg::cju3wstckialg0871xs0vevsj,7ca6bcb786a39d2460dfa387,4,1,kvasir-seg::cju1c4fcu40hl07992b8gj0c8
train,kvasir-seg::cju3wstckialg0871xs0vevsj,639b0efe6dc4d25728d2ce35,5,1,kvasir-seg::cju1c4fcu40hl07992b8gj0c8
train,kvasir-seg::cju3wstckialg0871xs0vevsj,0c1b22cfa255d80aca886a48,6,1,kvasir-seg::cju1c4fcu40hl07992b8gj0c8
train,kvasir-seg::cju3x4blzieu30850x10uuvbm,7ae586ed94f2ebf43fadc7fe,0,6,kvasir-seg::cju7aklv31h4309871m29l4e7
train,kvasir-seg::cju3x4blzieu30850x10uuvbm,0250e62294c5edde2083b938,1,6,kvasir-seg::cju7aklv31h4309871m29l4e7
train,kvasir-seg::cju3x4blzieu30850x10uuvbm,e96e4840096a56ba04763702,2,6,kvasir-seg::cju7aklv31h4309871m29l4e7
train,kvasir-seg::cju3x4blzieu30850x10uuvbm,c708c56639fd14da17449efb,3,6,kvasir-seg::cju7aklv31h4309871m29l4e7
train,kvasir-seg::cju3x4blzieu30850x10uuvbm,c1efda93da34a9b15d67ddce,4,6,kvasir-seg::cju7aklv31h4309871m29l4e7
train,kvasir-seg::cju3x4blzieu30850x10uuvbm,bf6709106add4d26ead88f2c,5,6,kvasir-seg::cju7aklv31h4309871m29l4e7
train,kvasir-seg::cju3x4blzieu30850x10uuvbm,6da0f360c95fa81aac29cc4f,6,6,kvasir-seg::cju7aklv31h4309871m29l4e7
train,kvasir-seg::cju3x5u2tiihx0818914gzxy1,47968b3457dba75f706ba953,0,6,kvasir-seg::cju7aklv31h4309871m29l4e7
train,kvasir-seg::cju3x5u2tiihx0818914gzxy1,d537fab1ca11e901a7528828,1,6,kvasir-seg::cju7aklv31h4309871m29l4e7
train,kvasir-seg::cju3x5u2tiihx0818914gzxy1,e281c8e28452302268dd7307,2,6,kvasir-seg::cju7aklv31h4309871m29l4e7
train,kvasir-seg::cju3x5u2tiihx0818914gzxy1,4ebdb285b9b5b45db21e5ee9,3,6,kvasir-seg::cju7aklv31h4309871m29l4e7
train,kvasir-seg::cju3x5u2tiihx0818914gzxy1,cf8512f9e0208cbc775f393c,4,6,kvasir-seg::cju7aklv31h4309871m29l4e7
train,kvasir-seg::cju3x5u2tiihx0818914gzxy1,2136ac61afb282f7f53b2e4a,5,6,kvasir-seg::cju7aklv31h4309871m29l4e7
train,kvasir-seg::cju3x5u2tiihx0818914gzxy1,9618933dda95546606b08227,6,6,kvasir-seg::cju7aklv31h4309871m29l4e7
train,kvasir-seg::cju3x7xsaijq80818f0psavav,c8976be4faa1eef4d9aa2cc6,0,6,kvasir-seg::cju7aklv31h4309871m29l4e7
train,kvasir-seg::cju3x7xsaijq80818f0psavav,8bf43fce2c37939a5b23d7e6,1,6,kvasir-seg::cju7aklv31h4309871m29l4e7
train,kvasir-seg::cju3x7xsaijq80818f0psavav,f94821e8088dc2ee2118ac55,2,6,kvasir-seg::cju7aklv31h4309871m29l4e7
train,kvasir-seg::cju3x7xsaijq80818f0psavav,de620c428344e5c6d55dfacc,3,6,kvasir-seg::cju7aklv31h4309871m29l4e7
train,kvasir-seg::cju3x7xsaijq80818f0psavav,6f39f3f26f8258841527b46e,4,6,kvasir-seg::cju7aklv31h4309871m29l4e7
train,kvasir-seg::cju3x7xsaijq80818f0psavav,5b566b8214a133cbcaf92c27,5,6,kvasir-seg::cju7aklv31h4309871m29l4e7
train,kvasir-seg::cju3x7xsaijq80818f0psavav,ad1aa00ecbcdc2d7585cafe6,6,6,kvasir-seg::cju7aklv31h4309871m29l4e7
train,kvasir-seg::cju3x9lttikfb0818a0g104zn,b3e8317aad3126ca83948fe1,0,1,kvasir-seg::cju1c4fcu40hl07992b8gj0c8
train,kvasir-seg::cju3x9lttikfb0818a0g104zn,86b0a5df7dee77f03faf1b6f,1,1,kvasir-seg::cju1c4fcu40hl07992b8gj0c8
train,kvasir-seg::cju3x9lttikfb0818a0g104zn,0e81e9dd9a4b95232273519d,2,1,kvasir-seg::cju1c4fcu40hl07992b8gj0c8
train,kvasir-seg::cju3x9lttikfb0818a0g104zn,7db8080456cf5c5b32386a6c,3,1,kvasir-seg::cju1c4fcu40hl07992b8gj0c8
train,kvasir-seg::cju3x9lttikfb0818a0g104zn,b36583e14d076b1d951162c7,4,1,kvasir-seg::cju1c4fcu40hl07992b8gj0c8
train,kvasir-seg::cju3x9lttikfb0818a0g104zn,993a4346c5ea751cae3155c9,5,1,kvasir-seg::cju1c4fcu40hl07992b8gj0c8
train,kvasir-seg::cju3x9lttikfb0818a0g104zn,25c904a4222051d2917f0626,6,1,kvasir-seg::cju1c4fcu40hl07992b8gj0c8
train,kvasir-seg::cju3xeexgii1j0817zs68tb4g,4ba8a3158eda96b5a51a44e5,0,1,kvasir-seg::cju1c4fcu40hl07992b8gj0c8
train,kvasir-seg::cju3xeexgii1j0817zs68tb4g,7ac9a4efb08dd6c275a4d68a,1,1,kvasir-seg::cju1c4fcu40hl07992b8gj0c8
train,kvasir-seg::cju3xeexgii1j0817zs68tb4g,1b7b77c8a9505973dccf3338,2,1,kvasir-seg::cju1c4fcu40hl07992b8gj0c8
train,kvasir-seg::cju3xeexgii1j0817zs68tb4g,4b26034c4681181d0e47339f,3,1,kvasir-seg::cju1c4fcu40hl07992b8gj0c8
train,kvasir-seg::cju3xeexgii1j0817zs68tb4g,fb1976e4a7feaa4ea3728cbe,4,1,kvasir-seg::cju1c4fcu40hl07992b8gj0c8
train,kvasir-seg::cju3xeexgii1j0817zs68tb4g,8a1faa50fdb7c62dbbc8eb74,5,1,kvasir-seg::cju1c4fcu40hl07992b8gj0c8
train,kvasir-seg::cju3xeexgii1j0817zs68tb4g,d74f826041bcea1745287b86,6,1,kvasir-seg::cju1c4fcu40hl07992b8gj0c8
train,kvasir-seg::cju3xga12iixg0817dijbvjxw,f07735d88e2b62e08d164dfe,0,1,kvasir-seg::cju1c4fcu40hl07992b8gj0c8
train,kvasir-seg::cju3xga12iixg0817dijbvjxw,6473a90db5aa8f369e471b0b,1,1,kvasir-seg::cju1c4fcu40hl07992b8gj0c8
train,kvasir-seg::cju3xga12iixg0817dijbvjxw,477e3301f01fccff082adbfc,2,1,kvasir-seg::cju1c4fcu40hl07992b8gj0c8
train,kvasir-seg::cju3xga12iixg0817dijbvjxw,bc095e628bd24113317b987e,3,1,kvasir-seg::cju1c4fcu40hl07992b8gj0c8
train,kvasir-seg::cju3xga12iixg0817dijbvjxw,43e5af2a27b433d9401ccd64,4,1,kvasir-seg::cju1c4fcu40hl07992b8gj0c8
train,kvasir-seg::cju3xga12iixg0817dijbvjxw,c22edcd6a72e923f489c6175,5,1,kvasir-seg::cju1c4fcu40hl07992b8gj0c8
train,kvasir-seg::cju3xga12iixg0817dijbvjxw,52a2c0be93c3e1cf646d29fd,6,1,kvasir-seg::cju1c4fcu40hl07992b8gj0c8
train,kvasir-seg::cju3xhpvvimda0987ygrpzni2,b8a67b4a5b81a42a37dacae3,0,6,kvasir-seg::cju7aklv31h4309871m29l4e7
train,kvasir-seg::cju3xhpvvimda0987ygrpzni2,2a5e4a7211d77ca12c736d09,1,6,kvasir-seg::cju7aklv31h4309871m29l4e7
train,kvasir-seg::cju3xhpvvimda0987ygrpzni2,7d62df2cd736b277accb4928,2,6,kvasir-seg::cju7aklv31h4309871m29l4e7
train,kvasir-seg::cju3xhpvvimda0987ygrpzni2,93ee91ebbd1fa7eacd4a6406,3,6,kvasir-seg::cju7aklv31h4309871m29l4e7
train,kvasir-seg::cju3xhpvvimda0987ygrpzni2,fba65187374f45b9d8b75bc4,4,6,kvasir-seg::cju7aklv31h4309871m29l4e7
train,kvasir-seg::cju3xhpvvimda0987ygrpzni2,79c09f50affb1682d06449b0,5,6,kvasir-seg::cju7aklv31h4309871m29l4e7
train,kvasir-seg::cju3xhpvvimda0987ygrpzni2,72207f7e9400084fb1180aa3,6,6,kvasir-seg::cju7aklv31h4309871m29l4e7
train,kvasir-seg::cju3xiic0ilzp0850lusrb42j,940f1e8a93e654f62d3b6b22,0,3,kvasir-seg::cju34ymm8d6700799uop0cw33
train,kvasir-seg::cju3xiic0ilzp0850lusrb42j,54ec1653cc182a91c0ee3ab5,1,3,kvasir-seg::cju34ymm8d6700799uop0cw33
train,kvasir-seg::cju3xiic0ilzp0850lusrb42j,9b969422b4d1ca6b78d61cf4,2,3,kvasir-seg::cju34ymm8d6700799uop0cw33
train,kvasir-seg::cju3xiic0ilzp0850lusrb42j,6aa04ee460079d1c1d36bdd3,3,3,kvasir-seg::cju34ymm8d6700799uop0cw33
train,kvasir-seg::cju3xiic0ilzp0850lusrb42j,f6f628be75dc59cddd7a52b8,4,3,kvasir-seg::cju34ymm8d6700799uop0cw33
train,kvasir-seg::cju3xiic0ilzp0850lusrb42j,e249c3209e5d24a6a1721b40,5,3,kvasir-seg::cju34ymm8d6700799uop0cw33
train,kvasir-seg::cju3xiic0ilzp0850lusrb42j,dd53a7c3299d8b80831e4b90,6,3,kvasir-seg::cju34ymm8d6700799uop0cw33
train,kvasir-seg::cju3xl264ingx0850rcf0rshj,3fde87618234c6f8ca9f5276,0,6,kvasir-seg::cju7aklv31h4309871m29l4e7
train,kvasir-seg::cju3xl264ingx0850rcf0rshj,9eb42b05aefd8606a44846a3,1,6,kvasir-seg::cju7aklv31h4309871m29l4e7
train,kvasir-seg::cju3xl264ingx0850rcf0rshj,2848531a0a03e8394469c63d,2,6,kvasir-seg::cju7aklv31h4309871m29l4e7
train,kvasir-seg::cju3xl264ingx0850rcf0rshj,7dbf5fe41c5974c4d2339322,3,6,kvasir-seg::cju7aklv31h4309871m29l4e7
train,kvasir-seg::cju3xl264ingx0850rcf0rshj,8dfd1c2a77eebd7b1e1db60a,4,6,kvasir-seg::cju7aklv31h4309871m29l4e7
train,kvasir-seg::cju3xl264ingx0850rcf0rshj,e6e0e834c8e0b18f53cb7a23,5,6,kvasir-seg::cju7aklv31h4309871m29l4e7
train,kvasir-seg::cju3xl264ingx0850rcf0rshj,79c49d117dbf116167515820,6,6,kvasir-seg::cju7aklv31h4309871m29l4e7
train,kvasir-seg::cju3xtufwiv9c0818djsc4cqd,ea02f4c2cb58ecf6d9afa978,0,3,kvasir-seg::cju34ymm8d6700799uop0cw33
train,kvasir-seg::cju3xtufwiv9c0818djsc4cqd,508292692ce76e8ccb7d9387,1,3,kvasir-seg::cju34ymm8d6700799uop0cw33
train,kvasir-seg::cju3xtufwiv9c0818djsc4cqd,06c1699c0c5a8506511c5a7e,2,3,kvasir-seg::cju34ymm8d6700799uop0cw33
train,kvasir-seg::cju3xtufwiv9c0818djsc4cqd,423f29a6a6754bb6726dee59,3,3,kvasir-seg::cju34ymm8d6700799uop0cw33
train,kvasir-seg::cju3xtufwiv9c0818djsc4cqd,e0e46d2569d0aef8141fd684,4,3,kvasir-seg::cju34ymm8d6700799uop0cw33
train,kvasir-seg::cju3xtufwiv9c0818djsc4cqd,fa73399c660fcad742d8a52b,5,3,kvasir-seg::cju34ymm8d6700799uop0cw33
train,kvasir-seg::cju3xtufwiv9c0818djsc4cqd,df86ee37ff4de961d86a4bd4,6,3,kvasir-seg::cju34ymm8d6700799uop0cw33
train,kvasir-seg::cju3xuj20ivgp0818mij8bjrd,9d77d1aabc1716a00ab2d109,0,1,kvasir-seg::cju1c4fcu40hl07992b8gj0c8
train,kvasir-seg::cju3xuj20ivgp0818mij8bjrd,446e05858365215bc9bd887d,1,1,kvasir-seg::cju1c4fcu40hl07992b8gj0c8
train,kvasir-seg::cju3xuj20ivgp0818mij8bjrd,571d844edab3c675d3034a73,2,1,kvasir-seg::cju1c4fcu40hl07992b8gj0c8
train,kvasir-seg::cju3xuj20ivgp0818mij8bjrd,ed11b34296b4e37f81203dda,3,1,kvasir-seg::cju1c4fcu40hl07992b8gj0c8
train,kvasir-seg::cju3xuj20ivgp0818mij8bjrd,9d1376e515f4a7b30a700922,4,1,kvasir-seg::cju1c4fcu40hl07992b8gj0c8
train,kvasir-seg::cju3xuj20ivgp0818mij8bjrd,babd02cb65238d2fbd1f8324,5,1,kvasir-seg::cju1c4fcu40hl07992b8gj0c8
train,kvasir-seg::cju3xuj20ivgp0818mij8bjrd,e36b75f3410d72757b69f654,6,1,kvasir-seg::cju1c4fcu40hl07992b8gj0c8
train,kvasir-seg::cju3xvoo2iqlc0817eku2r3wl,9eaa8156334367ac303ea92e,0,2,kvasir-seg::cju2pmhtr17a00855cvpelzb0
train,kvasir-seg::cju3xvoo2iqlc0817eku2r3wl,107679d610995590230d1df0,1,2,kvasir-seg::cju2pmhtr17a00855cvpelzb0
train,kvasir-seg::cju3xvoo2iqlc0817eku2r3wl,ac79081b534627d65b8d70b5,2,2,kvasir-seg::cju2pmhtr17a00855cvpelzb0
train,kvasir-seg::cju3xvoo2iqlc0817eku2r3wl,4dcce95cade42c6b8c7e880f,3,2,kvasir-seg::cju2pmhtr17a00855cvpelzb0
train,kvasir-seg::cju3xvoo2iqlc0817eku2r3wl,d753dcf169e04ceeaa13503c,4,2,kvasir-seg::cju2pmhtr17a00855cvpelzb0
train,kvasir-seg::cju3xvoo2iqlc0817eku2r3wl,1840d236f5ab5fe7c8b5459d,5,2,kvasir-seg::cju2pmhtr17a00855cvpelzb0
train,kvasir-seg::cju3xvoo2iqlc0817eku2r3wl,72116d12b4d12fb9a8c01ebb,6,2,kvasir-seg::cju2pmhtr17a00855cvpelzb0
train,kvasir-seg::cju3y0pjrj1c30755nxekxccj,e626ce314187aa751473a452,0,1,kvasir-seg::cju1c4fcu40hl07992b8gj0c8
train,kvasir-seg::cju3y0pjrj1c30755nxekxccj,ed200ccc2b81d3b796e505b0,1,1,kvasir-seg::cju1c4fcu40hl07992b8gj0c8
train,kvasir-seg::cju3y0pjrj1c30755nxekxccj,ebd67cb3d9d67ee078b0de8e,2,1,kvasir-seg::cju1c4fcu40hl07992b8gj0c8
train,kvasir-seg::cju3y0pjrj1c30755nxekxccj,aa1c66982dcd79e6b5346150,3,1,kvasir-seg::cju1c4fcu40hl07992b8gj0c8
train,kvasir-seg::cju3y0pjrj1c30755nxekxccj,d1f0cdb1bac8b836887ebf7f,4,1,kvasir-seg::cju1c4fcu40hl07992b8gj0c8
train,kvasir-seg::cju3y0pjrj1c30755nxekxccj,5cc6142c3f678c8fd1da9a9e,5,1,kvasir-seg::cju1c4fcu40hl07992b8gj0c8
train,kvasir-seg::cju3y0pjrj1c30755nxekxccj,c596a3ec90a7d757cdee8370,6,1,kvasir-seg::cju1c4fcu40hl07992b8gj0c8
train,kvasir-seg::cju3y21quj0ir0818kgjagr15,7644e6ba31ef996b528f5213,0,1,kvasir-seg::cju1c4fcu40hl07992b8gj0c8
train,kvasir-seg::cju3y21quj0ir0818kgjagr15,cdd79435819e53bec9a31145,1,1,kvasir-seg::cju1c4fcu40hl07992b8gj0c8
train,kvasir-seg::cju3y21quj0ir0818kgjagr15,227b07be90a452f84fa1f4a6,2,1,kvasir-seg::cju1c4fcu40hl07992b8gj0c8
train,kvasir-seg::cju3y21quj0ir0818kgjagr15,2469861e933bb724d6a5e3b6,3,1,kvasir-seg::cju1c4fcu40hl07992b8gj0c8
train,kvasir-seg::cju3y21quj0ir0818kgjagr15,18d0fbcd49380b23edd091bb,4,1,kvasir-seg::cju1c4fcu40hl07992b8gj0c8
train,kvasir-seg::cju3y21quj0ir0818kgjagr15,71a1eba36f3bf2523a4bde0a,5,1,kvasir-seg::cju1c4fcu40hl07992b8gj0c8
train,kvasir-seg::cju3y21quj0ir0818kgjagr15,5aabfb80530410e75f67f234,6,1,kvasir-seg::cju1c4fcu40hl07992b8gj0c8
train,kvasir-seg::cju3y54kwj3nr0801biidlb4e,a1a6c89759a2ded0cddd9f7f,0,1,kvasir-seg::cju1c4fcu40hl07992b8gj0c8
train,kvasir-seg::cju3y54kwj3nr0801biidlb4e,c4743eef14b8115d46b5e211,1,1,kvasir-seg::cju1c4fcu40hl07992b8gj0c8
train,kvasir-seg::cju3y54kwj3nr0801biidlb4e,deffeb06229eb2f7ecc0d4a9,2,1,kvasir-seg::cju1c4fcu40hl07992b8gj0c8
train,kvasir-seg::cju3y54kwj3nr0801biidlb4e,ab9b336cecd177bc60f23d90,3,1,kvasir-seg::cju1c4fcu40hl07992b8gj0c8
train,kvasir-seg::cju3y54kwj3nr0801biidlb4e,350e10dfd785c0007a1107ff,4,1,kvasir-seg::cju1c4fcu40hl07992b8gj0c8
train,kvasir-seg::cju3y54kwj3nr0801biidlb4e,d9e3dd3164692443dea5157b,5,1,kvasir-seg::cju1c4fcu40hl07992b8gj0c8
train,kvasir-seg::cju3y54kwj3nr0801biidlb4e,066599ac6500bbe154b7d86a,6,1,kvasir-seg::cju1c4fcu40hl07992b8gj0c8
train,kvasir-seg::cju3y79ofj3va0871uqfb1mzo,412b8c401eb57aeca8faea67,0,6,kvasir-seg::cju7aklv31h4309871m29l4e7
train,kvasir-seg::cju3y79ofj3va0871uqfb1mzo,4c3669e899b67cd9e323c240,1,6,kvasir-seg::cju7aklv31h4309871m29l4e7
train,kvasir-seg::cju3y79ofj3va0871uqfb1mzo,5f5ecbc354fb3fa16d248649,2,6,kvasir-seg::cju7aklv31h4309871m29l4e7
train,kvasir-seg::cju3y79ofj3va0871uqfb1mzo,35d353ca7e64e4a96a1bf5e7,3,6,kvasir-seg::cju7aklv31h4309871m29l4e7
train,kvasir-seg::cju3y79ofj3va0871uqfb1mzo,59415f938079d9ac787c9dfd,4,6,kvasir-seg::cju7aklv31h4309871m29l4e7
train,kvasir-seg::cju3y79ofj3va0871uqfb1mzo,b8171f3abe32a11698f53e03,5,6,kvasir-seg::cju7aklv31h4309871m29l4e7
train,kvasir-seg::cju3y79ofj3va0871uqfb1mzo,31f8ff13affecc2a8df2fe98,6,6,kvasir-seg::cju7aklv31h4309871m29l4e7
train,kvasir-seg::cju3y9difj6th0801kd1rqm3w,a2b32190e9e070a34bad0ee7,0,1,kvasir-seg::cju1c4fcu40hl07992b8gj0c8
train,kvasir-seg::cju3y9difj6th0801kd1rqm3w,1755003e49f634e3d6f807a8,1,1,kvasir-seg::cju1c4fcu40hl07992b8gj0c8
train,kvasir-seg::cju3y9difj6th0801kd1rqm3w,0539be42472d2b897a754a44,2,1,kvasir-seg::cju1c4fcu40hl07992b8gj0c8
train,kvasir-seg::cju3y9difj6th0801kd1rqm3w,b9b65a5a6bd5ffaaf68fa232,3,1,kvasir-seg::cju1c4fcu40hl07992b8gj0c8
train,kvasir-seg::cju3y9difj6th0801kd1rqm3w,b29e5a54d26b92d5bb457601,4,1,kvasir-seg::cju1c4fcu40hl07992b8gj0c8
train,kvasir-seg::cju3y9difj6th0801kd1rqm3w,75a086834ae549fed0828c1b,5,1,kvasir-seg::cju1c4fcu40hl07992b8gj0c8
train,kvasir-seg::cju3y9difj6th0801kd1rqm3w,846e22451359c2ddcfee03e3,6,1,kvasir-seg::cju1c4fcu40hl07992b8gj0c8
train,kvasir-seg::cju3ya7goj6at0818v2l5ay7f,ab52aea34cb44be08f050f1f,0,1,kvasir-seg::cju1c4fcu40hl07992b8gj0c8
train,kvasir-seg::cju3ya7goj6at0818v2l5ay7f,2761da66609f8ed9cdc05e70,1,1,kvasir-seg::cju1c4fcu40hl07992b8gj0c8
train,kvasir-seg::cju3ya7goj6at0818v2l5ay7f,b404225b15ff69e4b660bfc2,2,1,kvasir-seg::cju1c4fcu40hl07992b8gj0c8
train,kvasir-seg::cju3ya7goj6at0818v2l5ay7f,8cfe67d087786881601e0bfc,3,1,kvasir-seg::cju1c4fcu40hl07992b8gj0c8
train,kvasir-seg::cju3ya7goj6at0818v2l5ay7f,1fcb5ba12c17cb27ba153902,4,1,kvasir-seg::cju1c4fcu40hl07992b8gj0c8
train,kvasir-seg::cju3ya7goj6at0818v2l5ay7f,fb50dec8ff8e3811fbc61876,5,1,kvasir-seg::cju1c4fcu40hl07992b8gj0c8
train,kvasir-seg::cju3ya7goj6at0818v2l5ay7f,42c580330c821059244075e0,6,1,kvasir-seg::cju1c4fcu40hl07992b8gj0c8
train,kvasir-seg::cju3yb47cj1xq0817zfotbni4,f5a32b93d23d5cce1ef759a5,0,1,kvasir-seg::cju1c4fcu40hl07992b8gj0c8
train,kvasir-seg::cju3yb47cj1xq0817zfotbni4,15d79192c8002043a7800f91,1,1,kvasir-seg::cju1c4fcu40hl07992b8gj0c8
train,kvasir-seg::cju3yb47cj1xq0817zfotbni4,09486bc94801cc20f66b36d9,2,1,kvasir-seg::cju1c4fcu40hl07992b8gj0c8
train,kvasir-seg::cju3yb47cj1xq0817zfotbni4,3886a9bcd200e1a2b229baa8,3,1,kvasir-seg::cju1c4fcu40hl07992b8gj0c8
train,kvasir-seg::cju3yb47cj1xq0817zfotbni4,589db73c1df429813b188ef1,4,1,kvasir-seg::cju1c4fcu40hl07992b8gj0c8
train,kvasir-seg::cju3yb47cj1xq0817zfotbni4,c1f1d6772aa703b35705b492,5,1,kvasir-seg::cju1c4fcu40hl07992b8gj0c8
train,kvasir-seg::cju3yb47cj1xq0817zfotbni4,6b1ad02267d5bbb1999d223d,6,1,kvasir-seg::cju1c4fcu40hl07992b8gj0c8
train,kvasir-seg::cju3ykamdj9u208503pygyuc8,bd513cc2d472c2e1c307db55,0,7,kvasir-seg::cju8bj2ssrmlm0871gc2ug2rs
train,kvasir-seg::cju3ykamdj9u208503pygyuc8,f16a47798112af4ac4088db9,1,7,kvasir-seg::cju8bj2ssrmlm0871gc2ug2rs
train,kvasir-seg::cju3ykamdj9u208503pygyuc8,6e03ca9cd8eb0e9b62b22ab5,2,7,kvasir-seg::cju8bj2ssrmlm0871gc2ug2rs
train,kvasir-seg::cju3ykamdj9u208503pygyuc8,ccb0b1678c7aa5ce9291e72a,3,7,kvasir-seg::cju8bj2ssrmlm0871gc2ug2rs
train,kvasir-seg::cju3ykamdj9u208503pygyuc8,78dd5982f58ad36a99b3e938,4,7,kvasir-seg::cju8bj2ssrmlm0871gc2ug2rs
train,kvasir-seg::cju3ykamdj9u208503pygyuc8,494704ab8eeff8a2333c72a6,5,7,kvasir-seg::cju8bj2ssrmlm0871gc2ug2rs
train,kvasir-seg::cju3ykamdj9u208503pygyuc8,5c5e71657450fddb42818019,6,7,kvasir-seg::cju8bj2ssrmlm0871gc2ug2rs
train,kvasir-seg::cju40m0rjkpw80871z6n6yg1u,b9dc4a87a1b460cab5c1a105,0,1,kvasir-seg::cju1c4fcu40hl07992b8gj0c8
train,kvasir-seg::cju40m0rjkpw80871z6n6yg1u,54412afd5beccb0f74e3f5bb,1,1,kvasir-seg::cju1c4fcu40hl07992b8gj0c8
train,kvasir-seg::cju40m0rjkpw80871z6n6yg1u,4a7f0aec3d14f3dbce3eb94d,2,1,kvasir-seg::cju1c4fcu40hl07992b8gj0c8
train,kvasir-seg::cju40m0rjkpw80871z6n6yg1u,34368d378b617195be05d3b5,3,1,kvasir-seg::cju1c4fcu40hl07992b8gj0c8
train,kvasir-seg::cju40m0rjkpw80871z6n6yg1u,4145e91ee9ca24721739578d,4,1,kvasir-seg::cju1c4fcu40hl07992b8gj0c8
train,kvasir-seg::cju40m0rjkpw80871z6n6yg1u,9495311226bd014d9a3d6079,5,1,kvasir-seg::cju1c4fcu40hl07992b8gj0c8
train,kvasir-seg::cju40m0rjkpw80871z6n6yg1u,a499edfd7de0565bb2864359,6,1,kvasir-seg::cju1c4fcu40hl07992b8gj0c8
train,kvasir-seg::cju40poe4kt9s0755f9cnm3h5,bbabd1a5c6269d33987c8a17,0,1,kvasir-seg::cju1c4fcu40hl07992b8gj0c8
train,kvasir-seg::cju40poe4kt9s0755f9cnm3h5,7753cee63e33e856ae909548,1,1,kvasir-seg::cju1c4fcu40hl07992b8gj0c8
train,kvasir-seg::cju40poe4kt9s0755f9cnm3h5,85b3a77a03b60df2db1e6479,2,1,kvasir-seg::cju1c4fcu40hl07992b8gj0c8
train,kvasir-seg::cju40poe4kt9s0755f9cnm3h5,abb0469a7c1f1949c37bbf81,3,1,kvasir-seg::cju1c4fcu40hl07992b8gj0c8
train,kvasir-seg::cju40poe4kt9s0755f9cnm3h5,0b61df4fd51f300eb6e18c6f,4,1,kvasir-seg::cju1c4fcu40hl07992b8gj0c8
train,kvasir-seg::cju40poe4kt9s0755f9cnm3h5,a7c34ab7690b0880fb005247,5,1,kvasir-seg::cju1c4fcu40hl07992b8gj0c8
train,kvasir-seg::cju40poe4kt9s0755f9cnm3h5,3cd680dbe5e9a8185a09daea,6,1,kvasir-seg::cju1c4fcu40hl07992b8gj0c8
train,kvasir-seg::cju40r6jrksyk0871wg98zgho,74a4868237645bc8b1580552,0,6,kvasir-seg::cju7aklv31h4309871m29l4e7
train,kvasir-seg::cju40r6jrksyk0871wg98zgho,7d8d03e478db691906132404,1,6,kvasir-seg::cju7aklv31h4309871m29l4e7
train,kvasir-seg::cju40r6jrksyk0871wg98zgho,cc9e800e0005d5a6fd34a646,2,6,kvasir-seg::cju7aklv31h4309871m29l4e7
train,kvasir-seg::cju40r6jrksyk0871wg98zgho,80a5b2c2e1ead09cb6f1d323,3,6,kvasir-seg::cju7aklv31h4309871m29l4e7
train,kvasir-seg::cju40r6jrksyk0871wg98zgho,9be1ffb974ea5a49317fc079,4,6,kvasir-seg::cju7aklv31h4309871m29l4e7
train,kvasir-seg::cju40r6jrksyk0871wg98zgho,430b7986688bd5092c917e68,5,6,kvasir-seg::cju7aklv31h4309871m29l4e7
train,kvasir-seg::cju40r6jrksyk0871wg98zgho,0d6186e4e1b68ef183b59fc9,6,6,kvasir-seg::cju7aklv31h4309871m29l4e7
train,kvasir-seg::cju40sdwukv3k0755y99ug1k8,a0598c2006dff3656e87807e,0,6,kvasir-seg::cju7aklv31h4309871m29l4e7
train,kvasir-seg::cju40sdwukv3k0755y99ug1k8,2b1062d2405698e005007a96,1,6,kvasir-seg::cju7aklv31h4309871m29l4e7
train,kvasir-seg::cju40sdwukv3k0755y99ug1k8,6ee7d11962b6bdd49358a845,2,6,kvasir-seg::cju7aklv31h4309871m29l4e7
train,kvasir-seg::cju40sdwukv3k0755y99ug1k8,1bb799a47d796b593f32eb27,3,6,kvasir-seg::cju7aklv31h4309871m29l4e7
train,kvasir-seg::cju40sdwukv3k0755y99ug1k8,cf97a94964f2951ad90e7510,4,6,kvasir-seg::cju7aklv31h4309871m29l4e7
train,kvasir-seg::cju40sdwukv3k0755y99ug1k8,ec5b6b3b1476ee932b6ee336,5,6,kvasir-seg::cju7aklv31h4309871m29l4e7
train,kvasir-seg::cju40sdwukv3k0755y99ug1k8,a000e29ae53186a381eab199,6,6,kvasir-seg::cju7aklv31h4309871m29l4e7
train,kvasir-seg::cju40taxlkrho0987smigg0x0,41cfbfeb54db0d25cc7b563e,0,1,kvasir-seg::cju1c4fcu40hl07992b8gj0c8
train,kvasir-seg::cju40taxlkrho0987smigg0x0,ef9451ce9c47aae7785a8d32,1,1,kvasir-seg::cju1c4fcu40hl07992b8gj0c8
train,kvasir-seg::cju40taxlkrho0987smigg0x0,dd9873dd931d0a22236f30f7,2,1,kvasir-seg::cju1c4fcu40hl07992b8gj0c8
train,kvasir-seg::cju40taxlkrho0987smigg0x0,2d92162db147e6305dc2899e,3,1,kvasir-seg::cju1c4fcu40hl07992b8gj0c8
train,kvasir-seg::cju40taxlkrho0987smigg0x0,c37ced2de015cd5f051af818,4,1,kvasir-seg::cju1c4fcu40hl07992b8gj0c8
train,kvasir-seg::cju40taxlkrho0987smigg0x0,8a96f9e78de4ba636d8f329d,5,1,kvasir-seg::cju1c4fcu40hl07992b8gj0c8
train,kvasir-seg::cju40taxlkrho0987smigg0x0,c4549abc6de1375a4995eeaa,6,1,kvasir-seg::cju1c4fcu40hl07992b8gj0c8
train,kvasir-seg::cju40u30gkuzc0871rq7t666d,7931ca16b805614d079c7a4b,0,2,kvasir-seg::cju2pmhtr17a00855cvpelzb0
train,kvasir-seg::cju40u30gkuzc0871rq7t666d,88b6b8fddf68795472cb302d,1,2,kvasir-seg::cju2pmhtr17a00855cvpelzb0
train,kvasir-seg::cju40u30gkuzc0871rq7t666d,bd8ccc49928690f33a3ac6c8,2,2,kvasir-seg::cju2pmhtr17a00855cvpelzb0
train,kvasir-seg::cju40u30gkuzc0871rq7t666d,ca765f24d21a6f5afece2385,3,2,kvasir-seg::cju2pmhtr17a00855cvpelzb0
train,kvasir-seg::cju40u30gkuzc0871rq7t666d,ff371f948c254ec745a5b130,4,2,kvasir-seg::cju2pmhtr17a00855cvpelzb0
train,kvasir-seg::cju40u30gkuzc0871rq7t666d,7987b28d02603234f8a11905,5,2,kvasir-seg::cju2pmhtr17a00855cvpelzb0
train,kvasir-seg::cju40u30gkuzc0871rq7t666d,17ad18e0aa73afed7d2bc9c7,6,2,kvasir-seg::cju2pmhtr17a00855cvpelzb0
train,kvasir-seg::cju40wto5kxwi0755it190f2k,cb2ba1c3869738ff38b6a5d4,0,1,kvasir-seg::cju1c4fcu40hl07992b8gj0c8
train,kvasir-seg::cju40wto5kxwi0755it190f2k,839bd446b92971e1f89ec50e,1,1,kvasir-seg::cju1c4fcu40hl07992b8gj0c8
train,kvasir-seg::cju40wto5kxwi0755it190f2k,3109b1d25b9d8c78479ee8c0,2,1,kvasir-seg::cju1c4fcu40hl07992b8gj0c8
train,kvasir-seg::cju40wto5kxwi0755it190f2k,f01cc64cdaa05389b1b5e020,3,1,kvasir-seg::cju1c4fcu40hl07992b8gj0c8
train,kvasir-seg::cju40wto5kxwi0755it190f2k,5999c43d8717b15abf5a1b08,4,1,kvasir-seg::cju1c4fcu40hl07992b8gj0c8
train,kvasir-seg::cju40wto5kxwi0755it190f2k,0c13c203b2520a02fe30c030,5,1,kvasir-seg::cju1c4fcu40hl07992b8gj0c8
train,kvasir-seg::cju40wto5kxwi0755it190f2k,a83844baf7c822eb20117004,6,1,kvasir-seg::cju1c4fcu40hl07992b8gj0c8
train,kvasir-seg::cju410dnfl0960755y8lu8d79,c74d31b440834e5b5cd58a70,0,1,kvasir-seg::cju1c4fcu40hl07992b8gj0c8
train,kvasir-seg::cju410dnfl0960755y8lu8d79,9895f64c2eed9ca045bbf634,1,1,kvasir-seg::cju1c4fcu40hl07992b8gj0c8
train,kvasir-seg::cju410dnfl0960755y8lu8d79,dfcda9d04de728a0590897e3,2,1,kvasir-seg::cju1c4fcu40hl07992b8gj0c8
train,kvasir-seg::cju410dnfl0960755y8lu8d79,4b37b5bb617d195072a027c6,3,1,kvasir-seg::cju1c4fcu40hl07992b8gj0c8
train,kvasir-seg::cju410dnfl0960755y8lu8d79,874de1f0f6ca27079d91f412,4,1,kvasir-seg::cju1c4fcu40hl07992b8gj0c8
train,kvasir-seg::cju410dnfl0960755y8lu8d79,180547066b46630a8f171e91,5,1,kvasir-seg::cju1c4fcu40hl07992b8gj0c8
train,kvasir-seg::cju410dnfl0960755y8lu8d79,ef0874eafdaa0dbdf4f411fa,6,1,kvasir-seg::cju1c4fcu40hl07992b8gj0c8
train,kvasir-seg::cju412uwlkva50850d1ps1ww7,0f956b92364ad6dd294da363,0,1,kvasir-seg::cju1c4fcu40hl07992b8gj0c8
train,kvasir-seg::cju412uwlkva50850d1ps1ww7,2cc01c4d722dbf0b1ed8e792,1,1,kvasir-seg::cju1c4fcu40hl07992b8gj0c8
train,kvasir-seg::cju412uwlkva50850d1ps1ww7,9995658fc65498470fd30808,2,1,kvasir-seg::cju1c4fcu40hl07992b8gj0c8
train,kvasir-seg::cju412uwlkva50850d1ps1ww7,defbcbd07fd3a99d4f7b769d,3,1,kvasir-seg::cju1c4fcu40hl07992b8gj0c8
train,kvasir-seg::cju412uwlkva50850d1ps1ww7,60919659c7e264f76985cf7d,4,1,kvasir-seg::cju1c4fcu40hl07992b8gj0c8
train,kvasir-seg::cju412uwlkva50850d1ps1ww7,5aaa25190f13d78ba50c6345,5,1,kvasir-seg::cju1c4fcu40hl07992b8gj0c8
train,kvasir-seg::cju412uwlkva50850d1ps1ww7,ba20bce3e8dc8965456d316d,6,1,kvasir-seg::cju1c4fcu40hl07992b8gj0c8
train,kvasir-seg::cju414lf2l1lt0801rl3hjllj,bbe8330be2a34bea6d254cfe,0,1,kvasir-seg::cju1c4fcu40hl07992b8gj0c8
train,kvasir-seg::cju414lf2l1lt0801rl3hjllj,914456d79cd2e668d3475b8d,1,1,kvasir-seg::cju1c4fcu40hl07992b8gj0c8
train,kvasir-seg::cju414lf2l1lt0801rl3hjllj,bbb8a10aeb3c7b3a599210e3,2,1,kvasir-seg::cju1c4fcu40hl07992b8gj0c8
train,kvasir-seg::cju414lf2l1lt0801rl3hjllj,868d661741e6de245eacb5f3,3,1,kvasir-seg::cju1c4fcu40hl07992b8gj0c8
train,kvasir-seg::cju414lf2l1lt0801rl3hjllj,8e40067bad5e656ce0dae292,4,1,kvasir-seg::cju1c4fcu40hl07992b8gj0c8
train,kvasir-seg::cju414lf2l1lt0801rl3hjllj,016b32374e2f4292c19f6919,5,1,kvasir-seg::cju1c4fcu40hl07992b8gj0c8
train,kvasir-seg::cju414lf2l1lt0801rl3hjllj,1cf045df566b4c35c08c9c05,6,1,kvasir-seg::cju1c4fcu40hl07992b8gj0c8
train,kvasir-seg::cju418rckl3ur08012psrx1r1,9adbaaa9a4d600417532058b,0,2,kvasir-seg::cju2pmhtr17a00855cvpelzb0
train,kvasir-seg::cju418rckl3ur08012psrx1r1,10d5ddd1d918411c3c082146,1,2,kvasir-seg::cju2pmhtr17a00855cvpelzb0
train,kvasir-seg::cju418rckl3ur08012psrx1r1,723e787b51cefe98c4f8bc73,2,2,kvasir-seg::cju2pmhtr17a00855cvpelzb0
train,kvasir-seg::cju418rckl3ur08012psrx1r1,4ee3b551e556cf533a3085a0,3,6,kvasir-seg::cju7aklv31h4309871m29l4e7
train,kvasir-seg::cju418rckl3ur08012psrx1r1,0ae6f2d34d9a27769ab42882,4,6,kvasir-seg::cju7aklv31h4309871m29l4e7
train,kvasir-seg::cju418rckl3ur08012psrx1r1,533d2721b77c11d21505821c,5,6,kvasir-seg::cju7aklv31h4309871m29l4e7
train,kvasir-seg::cju418rckl3ur08012psrx1r1,93c1476dd96d8c4c5cd579ef,6,6,kvasir-seg::cju7aklv31h4309871m29l4e7
train,kvasir-seg::cju41kd7yl4nm0850gil5qqwh,38c099b3932d35c5d5928640,0,1,kvasir-seg::cju1c4fcu40hl07992b8gj0c8
train,kvasir-seg::cju41kd7yl4nm0850gil5qqwh,c0f23ec011f49528ae328213,1,1,kvasir-seg::cju1c4fcu40hl07992b8gj0c8
train,kvasir-seg::cju41kd7yl4nm0850gil5qqwh,3552603866c5c856a6c4ccb0,2,1,kvasir-seg::cju1c4fcu40hl07992b8gj0c8
train,kvasir-seg::cju41kd7yl4nm0850gil5qqwh,05d8e02e76962621e9b4e93b,3,1,kvasir-seg::cju1c4fcu40hl07992b8gj0c8
train,kvasir-seg::cju41kd7yl4nm0850gil5qqwh,464c1c2c17abfbd2109497cf,4,1,kvasir-seg::cju1c4fcu40hl07992b8gj0c8
train,kvasir-seg::cju41kd7yl4nm0850gil5qqwh,39d9cf8da71814e57295cfa0,5,1,kvasir-seg::cju1c4fcu40hl07992b8gj0c8
train,kvasir-seg::cju41kd7yl4nm0850gil5qqwh,8ddddb1066eba186a079347b,6,1,kvasir-seg::cju1c4fcu40hl07992b8gj0c8
train,kvasir-seg::cju41lojblbs307555jdci937,fb30c51b6504d6a5457dd83c,0,3,kvasir-seg::cju34ymm8d6700799uop0cw33
train,kvasir-seg::cju41lojblbs307555jdci937,236d77eef4a50e47ed937d5a,1,3,kvasir-seg::cju34ymm8d6700799uop0cw33
train,kvasir-seg::cju41lojblbs307555jdci937,86c42a2d5448d4acd5236e13,2,3,kvasir-seg::cju34ymm8d6700799uop0cw33
train,kvasir-seg::cju41lojblbs307555jdci937,9538078869ca3f19da155725,3,3,kvasir-seg::cju34ymm8d6700799uop0cw33
train,kvasir-seg::cju41lojblbs307555jdci937,94d482f7de1633b815b0abf9,4,3,kvasir-seg::cju34ymm8d6700799uop0cw33
train,kvasir-seg::cju41lojblbs307555jdci937,b021b05fd81fdae11db148dc,5,3,kvasir-seg::cju34ymm8d6700799uop0cw33
train,kvasir-seg::cju41lojblbs307555jdci937,28791a0d7859c4aa11350ae9,6,3,kvasir-seg::cju34ymm8d6700799uop0cw33
train,kvasir-seg::cju41nz76lcxu0755cya2qefx,86967995db63a02bd06665e5,0,1,kvasir-seg::cju1c4fcu40hl07992b8gj0c8
train,kvasir-seg::cju41nz76lcxu0755cya2qefx,657c64cf445f492139cec8a8,1,1,kvasir-seg::cju1c4fcu40hl07992b8gj0c8
train,kvasir-seg::cju41nz76lcxu0755cya2qefx,6d996c0cf527df1984000650,2,1,kvasir-seg::cju1c4fcu40hl07992b8gj0c8
train,kvasir-seg::cju41nz76lcxu0755cya2qefx,0022e95ee6ac6d55d4cfbf19,3,1,kvasir-seg::cju1c4fcu40hl07992b8gj0c8
train,kvasir-seg::cju41nz76lcxu0755cya2qefx,0567d81778d647032913d529,4,1,kvasir-seg::cju1c4fcu40hl07992b8gj0c8
train,kvasir-seg::cju41nz76lcxu0755cya2qefx,fff42262549583c3a8035a9b,5,1,kvasir-seg::cju1c4fcu40hl07992b8gj0c8
train,kvasir-seg::cju41nz76lcxu0755cya2qefx,cabeec1bdf2eb08c812e257e,6,1,kvasir-seg::cju1c4fcu40hl07992b8gj0c8
train,kvasir-seg::cju41p90plcsx08018cnzpndc,bc069ed934dd7e1bd8e8fa07,0,1,kvasir-seg::cju1c4fcu40hl07992b8gj0c8
train,kvasir-seg::cju41p90plcsx08018cnzpndc,4b0dce8e761c877f112822e9,1,1,kvasir-seg::cju1c4fcu40hl07992b8gj0c8
train,kvasir-seg::cju41p90plcsx08018cnzpndc,14d0fd1db597f1114e68a825,2,1,kvasir-seg::cju1c4fcu40hl07992b8gj0c8
train,kvasir-seg::cju41p90plcsx08018cnzpndc,62f25cee8074c1b659465804,3,1,kvasir-seg::cju1c4fcu40hl07992b8gj0c8
train,kvasir-seg::cju41p90plcsx08018cnzpndc,000b7dffe27bb4c83dceb03a,4,1,kvasir-seg::cju1c4fcu40hl07992b8gj0c8
train,kvasir-seg::cju41p90plcsx08018cnzpndc,82659979190e3661107a5083,5,1,kvasir-seg::cju1c4fcu40hl07992b8gj0c8
train,kvasir-seg::cju41p90plcsx08018cnzpndc,840038a7a2ae8eff303c457d,6,1,kvasir-seg::cju1c4fcu40hl07992b8gj0c8
train,kvasir-seg::cju41r6v2lcww0871ps8k8pf5,cdf2a1cc79f9caa5d5c12448,0,6,kvasir-seg::cju7aklv31h4309871m29l4e7
train,kvasir-seg::cju41r6v2lcww0871ps8k8pf5,26637ebf7a49d4d41b0a0848,1,6,kvasir-seg::cju7aklv31h4309871m29l4e7
train,kvasir-seg::cju41r6v2lcww0871ps8k8pf5,050ed70064bd8b8713b62e41,2,6,kvasir-seg::cju7aklv31h4309871m29l4e7
train,kvasir-seg::cju41r6v2lcww0871ps8k8pf5,3cf978100e8f947c7bd60ffd,3,6,kvasir-seg::cju7aklv31h4309871m29l4e7
train,kvasir-seg::cju41r6v2lcww0871ps8k8pf5,4f6ee836231f63c3bc28ee78,4,6,kvasir-seg::cju7aklv31h4309871m29l4e7
train,kvasir-seg::cju41r6v2lcww0871ps8k8pf5,cff89d6b6198f5dcd7a15b0d,5,6,kvasir-seg::cju7aklv31h4309871m29l4e7
train,kvasir-seg::cju41r6v2lcww0871ps8k8pf5,b5a940450c2673a6afc30012,6,6,kvasir-seg::cju7aklv31h4309871m29l4e7
train,kvasir-seg::cju41z76wlgbz0801qdetlvby,c264770285d51ca0f92e6393,0,5,kvasir-seg::cju5cu8qkb84x08186jwo8yin
train,kvasir-seg::cju41z76wlgbz0801qdetlvby,a6fddf367b26258f27640541,1,5,kvasir-seg::cju5cu8qkb84x08186jwo8yin
train,kvasir-seg::cju41z76wlgbz0801qdetlvby,be67a2b307ea92ff649156ac,2,1,kvasir-seg::cju1c4fcu40hl07992b8gj0c8
train,kvasir-seg::cju41z76wlgbz0801qdetlvby,7fc2006c236cce498996f692,3,1,kvasir-seg::cju1c4fcu40hl07992b8gj0c8
train,kvasir-seg::cju41z76wlgbz0801qdetlvby,3e08545b9e89580d0b1f2506,4,1,kvasir-seg::cju1c4fcu40hl07992b8gj0c8
train,kvasir-seg::cju41z76wlgbz0801qdetlvby,9a44269612bc3e4661e04b1b,5,1,kvasir-seg::cju1c4fcu40hl07992b8gj0c8
train,kvasir-seg::cju41z76wlgbz0801qdetlvby,1ae38c977fc7e9d4670006b6,6,1,kvasir-seg::cju1c4fcu40hl07992b8gj0c8
train,kvasir-seg::cju424hy5lckr085073fva1ok,872cefdcfdf04d1d04ffecf3,0,2,kvasir-seg::cju2pmhtr17a00855cvpelzb0
train,kvasir-seg::cju424hy5lckr085073fva1ok,9ecf796280b09ca9eb4cde80,1,2,kvasir-seg::cju2pmhtr17a00855cvpelzb0
train,kvasir-seg::cju424hy5lckr085073fva1ok,c3b174b15a03435267ac486e,2,2,kvasir-seg::cju2pmhtr17a00855cvpelzb0
train,kvasir-seg::cju424hy5lckr085073fva1ok,79b1fc5a35f7d5596a44c4b5,3,2,kvasir-seg::cju2pmhtr17a00855cvpelzb0
train,kvasir-seg::cju424hy5lckr085073fva1ok,2ac2ed3353b81e5fc99949bd,4,2,kvasir-seg::cju2pmhtr17a00855cvpelzb0
train,kvasir-seg::cju424hy5lckr085073fva1ok,429aabb05c9ee69d7a26384f,5,2,kvasir-seg::cju2pmhtr17a00855cvpelzb0
train,kvasir-seg::cju424hy5lckr085073fva1ok,3dfd1ad4c34b840195ffacab,6,2,kvasir-seg::cju2pmhtr17a00855cvpelzb0
train,kvasir-seg::cju426tomlhll0818fc0i7nvh,c3e40f8ed11ccf1087157752,0,2,kvasir-seg::cju2pmhtr17a00855cvpelzb0
train,kvasir-seg::cju426tomlhll0818fc0i7nvh,909262de4d313a5af086c5b6,1,2,kvasir-seg::cju2pmhtr17a00855cvpelzb0
train,kvasir-seg::cju426tomlhll0818fc0i7nvh,9ee8d54093dff5c92854c979,2,2,kvasir-seg::cju2pmhtr17a00855cvpelzb0
train,kvasir-seg::cju426tomlhll0818fc0i7nvh,2174ea22f594d045861c580d,3,2,kvasir-seg::cju2pmhtr17a00855cvpelzb0
train,kvasir-seg::cju426tomlhll0818fc0i7nvh,b355ddaec51a8a65e9030c38,4,2,kvasir-seg::cju2pmhtr17a00855cvpelzb0
train,kvasir-seg::cju426tomlhll0818fc0i7nvh,03002eb2ddd49dd46a8a3071,5,2,kvasir-seg::cju2pmhtr17a00855cvpelzb0
train,kvasir-seg::cju426tomlhll0818fc0i7nvh,70b0535b8c2ff58494f65079,6,2,kvasir-seg::cju2pmhtr17a00855cvpelzb0
train,kvasir-seg::cju428k5fldt108177s6g6f45,da18f47cd9b2be8ff05cf415,0,1,kvasir-seg::cju1c4fcu40hl07992b8gj0c8
train,kvasir-seg::cju428k5fldt108177s6g6f45,b00171330eef1250acb171af,1,1,kvasir-seg::cju1c4fcu40hl07992b8gj0c8
train,kvasir-seg::cju428k5fldt108177s6g6f45,2308a205a58b6c2a96b7357d,2,1,kvasir-seg::cju1c4fcu40hl07992b8gj0c8
train,kvasir-seg::cju428k5fldt108177s6g6f45,8f3754b8aaffc528c724e1b0,3,1,kvasir-seg::cju1c4fcu40hl07992b8gj0c8
train,kvasir-seg::cju428k5fldt108177s6g6f45,9e480e9b600c89f29ed2cf8f,4,1,kvasir-seg::cju1c4fcu40hl07992b8gj0c8
train,kvasir-seg::cju428k5fldt108177s6g6f45,7d25fb23f490e36cd2ea0491,5,1,kvasir-seg::cju1c4fcu40hl07992b8gj0c8
train,kvasir-seg::cju428k5fldt108177s6g6f45,c133ef0e83c93756ae86f9c8,6,1,kvasir-seg::cju1c4fcu40hl07992b8gj0c8
train,kvasir-seg::cju42dwedlmk60871jbgu4ehi,ac2a8d4b0ed56f1a9ae43ae7,0,1,kvasir-seg::cju1c4fcu40hl07992b8gj0c8
train,kvasir-seg::cju42dwedlmk60871jbgu4ehi,c728599a7d7a8ebba0fc9cc3,1,1,kvasir-seg::cju1c4fcu40hl07992b8gj0c8
train,kvasir-seg::cju42dwedlmk60871jbgu4ehi,0f238ac4bd8a45524d18a3e9,2,1,kvasir-seg::cju1c4fcu40hl07992b8gj0c8
train,kvasir-seg::cju42dwedlmk60871jbgu4ehi,1ddb905bd16aeff2fc29fe53,3,1,kvasir-seg::cju1c4fcu40hl07992b8gj0c8
train,kvasir-seg::cju42dwedlmk60871jbgu4ehi,1758b581a66a70495f7aa3f4,4,1,kvasir-seg::cju1c4fcu40hl07992b8gj0c8
train,kvasir-seg::cju42dwedlmk60871jbgu4ehi,5e099af5ff4bcef7de2cdd73,5,1,kvasir-seg::cju1c4fcu40hl07992b8gj0c8
train,kvasir-seg::cju42dwedlmk60871jbgu4ehi,fbf992f02b82134c70b40cbe,6,1,kvasir-seg::cju1c4fcu40hl07992b8gj0c8
train,kvasir-seg::cju42m60jlpcm08186kqppzqv,a149f849ac420eeeb5148d19,0,6,kvasir-seg::cju7aklv31h4309871m29l4e7
train,kvasir-seg::cju42m60jlpcm08186kqppzqv,fd03b0cdaa55dc97bd2ffddb,1,6,kvasir-seg::cju7aklv31h4309871m29l4e7
train,kvasir-seg::cju42m60jlpcm08186kqppzqv,f4397e9607a6780e37b244db,2,6,kvasir-seg::cju7aklv31h4309871m29l4e7
train,kvasir-seg::cju42m60jlpcm08186kqppzqv,11360fdf29d5a3514da0c2fe,3,6,kvasir-seg::cju7aklv31h4309871m29l4e7
train,kvasir-seg::cju42m60jlpcm08186kqppzqv,9c79d97eae3bbc57c2b6f487,4,6,kvasir-seg::cju7aklv31h4309871m29l4e7
train,kvasir-seg::cju42m60jlpcm08186kqppzqv,c0ae454dde7d7d6c20f3f8a5,5,6,kvasir-seg::cju7aklv31h4309871m29l4e7
train,kvasir-seg::cju42m60jlpcm08186kqppzqv,d4756ac44bc876996b229c37,6,6,kvasir-seg::cju7aklv31h4309871m29l4e7
train,kvasir-seg::cju42py9mlqyd0818u3d1d7ga,eef393076b404a4c3466ff7a,0,1,kvasir-seg::cju1c4fcu40hl07992b8gj0c8
train,kvasir-seg::cju42py9mlqyd0818u3d1d7ga,4fd6c9ad96f1f877390e751a,1,1,kvasir-seg::cju1c4fcu40hl07992b8gj0c8
train,kvasir-seg::cju42py9mlqyd0818u3d1d7ga,fa3feacb2cbb3c5897f9228d,2,1,kvasir-seg::cju1c4fcu40hl07992b8gj0c8
train,kvasir-seg::cju42py9mlqyd0818u3d1d7ga,881b20c2bd85227734525ad3,3,1,kvasir-seg::cju1c4fcu40hl07992b8gj0c8
train,kvasir-seg::cju42py9mlqyd0818u3d1d7ga,307505da90e77b33f0867fa3,4,1,kvasir-seg::cju1c4fcu40hl07992b8gj0c8
train,kvasir-seg::cju42py9mlqyd0818u3d1d7ga,da3c0ade36a1bb273f39a967,5,1,kvasir-seg::cju1c4fcu40hl07992b8gj0c8
train,kvasir-seg::cju42py9mlqyd0818u3d1d7ga,bda18e9f564d9e9e630caa86,6,1,kvasir-seg::cju1c4fcu40hl07992b8gj0c8
train,kvasir-seg::cju42qet0lsq90871e50xbnuv,701a9e83b69964a771720edf,0,1,kvasir-seg::cju1c4fcu40hl07992b8gj0c8
train,kvasir-seg::cju42qet0lsq90871e50xbnuv,4db7bc5305eb4e8bd2db41a5,1,1,kvasir-seg::cju1c4fcu40hl07992b8gj0c8
train,kvasir-seg::cju42qet0lsq90871e50xbnuv,17562018d54512a681e2dc33,2,1,kvasir-seg::cju1c4fcu40hl07992b8gj0c8
train,kvasir-seg::cju42qet0lsq90871e50xbnuv,116496b22bc70ad0f7289315,3,1,kvasir-seg::cju1c4fcu40hl07992b8gj0c8
train,kvasir-seg::cju42qet0lsq90871e50xbnuv,9915621535092a994fe8527b,4,1,kvasir-seg::cju1c4fcu40hl07992b8gj0c8
train,kvasir-seg::cju42qet0lsq90871e50xbnuv,c7eaf0feaf3c9d80c697db28,5,1,kvasir-seg::cju1c4fcu40hl07992b8gj0c8
train,kvasir-seg::cju42qet0lsq90871e50xbnuv,75a45f048de3dcfe03d8422f,6,1,kvasir-seg::cju1c4fcu40hl07992b8gj0c8
train,kvasir-seg::cju42tauqlo5p08171l3cuo4b,7b2ac37c276529fb864b0b53,0,6,kvasir-seg::cju7aklv31h4309871m29l4e7
train,kvasir-seg::cju42tauqlo5p08171l3cuo4b,57b5758aa0aae2a788dfc0e8,1,6,kvasir-seg::cju7aklv31h4309871m29l4e7
train,kvasir-seg::cju42tauqlo5p08171l3cuo4b,f4d92ec28658ba8a77c8e6d4,2,6,kvasir-seg::cju7aklv31h4309871m29l4e7
train,kvasir-seg::cju42tauqlo5p08171l3cuo4b,5f73180130dc76c6db1b928b,3,6,kvasir-seg::cju7aklv31h4309871m29l4e7
train,kvasir-seg::cju42tauqlo5p08171l3cuo4b,98ed9b4a9550eb8b1afc537b,4,6,kvasir-seg::cju7aklv31h4309871m29l4e7
train,kvasir-seg::cju42tauqlo5p08171l3cuo4b,eef0a13f6b54b0575138f451,5,6,kvasir-seg::cju7aklv31h4309871m29l4e7
train,kvasir-seg::cju42tauqlo5p08171l3cuo4b,277fbf4250be6f95ab1103d6,6,6,kvasir-seg::cju7aklv31h4309871m29l4e7
train,kvasir-seg::cju42u5bjlvi10801dc13sskp,0e1f3e38495d871259b4832e,0,1,kvasir-seg::cju1c4fcu40hl07992b8gj0c8
train,kvasir-seg::cju42u5bjlvi10801dc13sskp,78f1456284690194272c8112,1,1,kvasir-seg::cju1c4fcu40hl07992b8gj0c8
train,kvasir-seg::cju42u5bjlvi10801dc13sskp,addfaceedfbf2a6ac15cef0b,2,1,kvasir-seg::cju1c4fcu40hl07992b8gj0c8
train,kvasir-seg::cju42u5bjlvi10801dc13sskp,11eb344a704faf605a9a4de9,3,1,kvasir-seg::cju1c4fcu40hl07992b8gj0c8
train,kvasir-seg::cju42u5bjlvi10801dc13sskp,2a1e0a3868aaeacb4585d107,4,1,kvasir-seg::cju1c4fcu40hl07992b8gj0c8
train,kvasir-seg::cju42u5bjlvi10801dc13sskp,2d5329ff59658acf839b71cc,5,1,kvasir-seg::cju1c4fcu40hl07992b8gj0c8
train,kvasir-seg::cju42u5bjlvi10801dc13sskp,e37babcc6f984fd91c2838be,6,1,kvasir-seg::cju1c4fcu40hl07992b8gj0c8
train,kvasir-seg::cju42wamblrqn098798r2yyok,68149603fd76f3138120de0d,0,1,kvasir-seg::cju1c4fcu40hl07992b8gj0c8
train,kvasir-seg::cju42wamblrqn098798r2yyok,4fed1180ba9247c35c30695e,1,1,kvasir-seg::cju1c4fcu40hl07992b8gj0c8
train,kvasir-seg::cju42wamblrqn098798r2yyok,5219f7801369b5f6df96b6ed,2,1,kvasir-seg::cju1c4fcu40hl07992b8gj0c8
train,kvasir-seg::cju42wamblrqn098798r2yyok,3f94685a090e7acc736eca43,3,1,kvasir-seg::cju1c4fcu40hl07992b8gj0c8
train,kvasir-seg::cju42wamblrqn098798r2yyok,5eb3a1007f5ef935939b250a,4,1,kvasir-seg::cju1c4fcu40hl07992b8gj0c8
train,kvasir-seg::cju42wamblrqn098798r2yyok,566fa227f6971af00aad4253,5,1,kvasir-seg::cju1c4fcu40hl07992b8gj0c8
train,kvasir-seg::cju42wamblrqn098798r2yyok,55c611e681642645211f2abf,6,1,kvasir-seg::cju1c4fcu40hl07992b8gj0c8
train,kvasir-seg::cju42xpi8lw4w0871ve317a1p,6a6bd50fca1eefb55bd1c42c,0,2,kvasir-seg::cju2pmhtr17a00855cvpelzb0
train,kvasir-seg::cju42xpi8lw4w0871ve317a1p,04e76d8993c054953d323032,1,2,kvasir-seg::cju2pmhtr17a00855cvpelzb0
train,kvasir-seg::cju42xpi8lw4w0871ve317a1p,1478c40d7437439c4f6b1622,2,2,kvasir-seg::cju2pmhtr17a00855cvpelzb0
train,kvasir-seg::cju42xpi8lw4w0871ve317a1p,e4d32e238e24d8a3aabd4ed0,3,2,kvasir-seg::cju2pmhtr17a00855cvpelzb0
train,kvasir-seg::cju42xpi8lw4w0871ve317a1p,836fe3503544441f31aafeb4,4,2,kvasir-seg::cju2pmhtr17a00855cvpelzb0
train,kvasir-seg::cju42xpi8lw4w0871ve317a1p,a39df71694979059cd69b120,5,2,kvasir-seg::cju2pmhtr17a00855cvpelzb0
train,kvasir-seg::cju42xpi8lw4w0871ve317a1p,fe086dbd6c3977f9aab05b0d,6,2,kvasir-seg::cju2pmhtr17a00855cvpelzb0
train,kvasir-seg::cju430pm2lz0y0755jkhcc3d1,13f816d2040f86c25c38ad44,0,1,kvasir-seg::cju1c4fcu40hl07992b8gj0c8
train,kvasir-seg::cju430pm2lz0y0755jkhcc3d1,61e5886c2f6f0e4cf3dd4a3f,1,1,kvasir-seg::cju1c4fcu40hl07992b8gj0c8
train,kvasir-seg::cju430pm2lz0y0755jkhcc3d1,18b6fc361c863c27a08ad2b9,2,1,kvasir-seg::cju1c4fcu40hl07992b8gj0c8
train,kvasir-seg::cju430pm2lz0y0755jkhcc3d1,afbc5ef5346ffe13768565ef,3,1,kvasir-seg::cju1c4fcu40hl07992b8gj0c8
train,kvasir-seg::cju430pm2lz0y0755jkhcc3d1,0f9d0bc11e6d52be0fb70fb7,4,1,kvasir-seg::cju1c4fcu40hl07992b8gj0c8
train,kvasir-seg::cju430pm2lz0y0755jkhcc3d1,caa44dbd2af3e094191a8e63,5,1,kvasir-seg::cju1c4fcu40hl07992b8gj0c8
train,kvasir-seg::cju430pm2lz0y0755jkhcc3d1,3bd99221a2143b700e0fd559,6,1,kvasir-seg::cju1c4fcu40hl07992b8gj0c8
train,kvasir-seg::cju439oazm2fu0871ma0vvrft,9b3db15de30036a1e6827071,0,1,kvasir-seg::cju1c4fcu40hl07992b8gj0c8
train,kvasir-seg::cju439oazm2fu0871ma0vvrft,a10b850dd782ae49e2c996f2,1,1,kvasir-seg::cju1c4fcu40hl07992b8gj0c8
train,kvasir-seg::cju439oazm2fu0871ma0vvrft,a1233a596422f47a3de8341f,2,1,kvasir-seg::cju1c4fcu40hl07992b8gj0c8
train,kvasir-seg::cju439oazm2fu0871ma0vvrft,b80f19a0cbe63ba7a5f656ca,3,1,kvasir-seg::cju1c4fcu40hl07992b8gj0c8
train,kvasir-seg::cju439oazm2fu0871ma0vvrft,8d8a01f0727c2609b015bdf5,4,1,kvasir-seg::cju1c4fcu40hl07992b8gj0c8
train,kvasir-seg::cju439oazm2fu0871ma0vvrft,48564893f39e73e8d47e56c1,5,1,kvasir-seg::cju1c4fcu40hl07992b8gj0c8
train,kvasir-seg::cju439oazm2fu0871ma0vvrft,fd7ff4cf3dc1ec89dcbc1c57,6,1,kvasir-seg::cju1c4fcu40hl07992b8gj0c8
train,kvasir-seg::cju43eigtm6ev0801mv0m96t1,79222b80a6eb781ea7e40c2b,0,1,kvasir-seg::cju1c4fcu40hl07992b8gj0c8
train,kvasir-seg::cju43eigtm6ev0801mv0m96t1,a7b301666304a277a9fdd035,1,1,kvasir-seg::cju1c4fcu40hl07992b8gj0c8
train,kvasir-seg::cju43eigtm6ev0801mv0m96t1,6706b34ba7e10a07f3e6508a,2,1,kvasir-seg::cju1c4fcu40hl07992b8gj0c8
train,kvasir-seg::cju43eigtm6ev0801mv0m96t1,89593a19b64fdac3cc3ef301,3,1,kvasir-seg::cju1c4fcu40hl07992b8gj0c8
train,kvasir-seg::cju43eigtm6ev0801mv0m96t1,7adf4e4b38e1d360586e8c3a,4,1,kvasir-seg::cju1c4fcu40hl07992b8gj0c8
train,kvasir-seg::cju43eigtm6ev0801mv0m96t1,b390f0b7490686597ff4cbe4,5,1,kvasir-seg::cju1c4fcu40hl07992b8gj0c8
train,kvasir-seg::cju43eigtm6ev0801mv0m96t1,f8aaff1b995c49e04ef93926,6,1,kvasir-seg::cju1c4fcu40hl07992b8gj0c8
train,kvasir-seg::cju43gfosm63n08714rpih8pe,e88cc3628d8194a14d8fc7cb,0,6,kvasir-seg::cju7aklv31h4309871m29l4e7
train,kvasir-seg::cju43gfosm63n08714rpih8pe,2e17f81c04e65b3f6d092f48,1,6,kvasir-seg::cju7aklv31h4309871m29l4e7
train,kvasir-seg::cju43gfosm63n08714rpih8pe,c3778d228cae3cee1518959b,2,6,kvasir-seg::cju7aklv31h4309871m29l4e7
train,kvasir-seg::cju43gfosm63n08714rpih8pe,67923724b7bb86725b7db5ec,3,6,kvasir-seg::cju7aklv31h4309871m29l4e7
train,kvasir-seg::cju43gfosm63n08714rpih8pe,41796f4f1e36de7980cd8c6b,4,6,kvasir-seg::cju7aklv31h4309871m29l4e7
train,kvasir-seg::cju43gfosm63n08714rpih8pe,b144443dc3a3489ff7e9a5e4,5,6,kvasir-seg::cju7aklv31h4309871m29l4e7
train,kvasir-seg::cju43gfosm63n08714rpih8pe,f3e423d0a98c8c84c753e844,6,6,kvasir-seg::cju7aklv31h4309871m29l4e7
train,kvasir-seg::cju43h43am1dy08176gwfhmnt,4ed29dbabe57845fdb1e83bb,0,4,kvasir-seg::cju3v72v5h1qz0818fggilwtq
train,kvasir-seg::cju43h43am1dy08176gwfhmnt,5dfd66d04a02664d031eadc2,1,4,kvasir-seg::cju3v72v5h1qz0818fggilwtq
train,kvasir-seg::cju43h43am1dy08176gwfhmnt,2a70f8d1e2e5ff388d9dc979,2,4,kvasir-seg::cju3v72v5h1qz0818fggilwtq
train,kvasir-seg::cju43h43am1dy08176gwfhmnt,d82e33375a5c7f32b258fc1a,3,4,kvasir-seg::cju3v72v5h1qz0818fggilwtq
train,kvasir-seg::cju43h43am1dy08176gwfhmnt,ac0cbedde674c6d0a448a95d,4,4,kvasir-seg::cju3v72v5h1qz0818fggilwtq
train,kvasir-seg::cju43h43am1dy08176gwfhmnt,0b0c96c93e58339aa7d957bc,5,4,kvasir-seg::cju3v72v5h1qz0818fggilwtq
train,kvasir-seg::cju43h43am1dy08176gwfhmnt,240ba23495ee237135e99c95,6,4,kvasir-seg::cju3v72v5h1qz0818fggilwtq
train,kvasir-seg::cju43kj2pm34f0850l28ahpni,0455e6ef4210e186e97bcf73,0,1,kvasir-seg::cju1c4fcu40hl07992b8gj0c8
train,kvasir-seg::cju43kj2pm34f0850l28ahpni,a97377aa922ec7102c0c334d,1,1,kvasir-seg::cju1c4fcu40hl07992b8gj0c8
train,kvasir-seg::cju43kj2pm34f0850l28ahpni,09d8f2d5df87d8a986bf1ef0,2,1,kvasir-seg::cju1c4fcu40hl07992b8gj0c8
train,kvasir-seg::cju43kj2pm34f0850l28ahpni,7d2ff6d4bc1be87d0af8e6e6,3,1,kvasir-seg::cju1c4fcu40hl07992b8gj0c8
train,kvasir-seg::cju43kj2pm34f0850l28ahpni,3a0616ea3221e5b9fa0b76b4,4,1,kvasir-seg::cju1c4fcu40hl07992b8gj0c8
train,kvasir-seg::cju43kj2pm34f0850l28ahpni,8cda1931ce81c9d64ae7c44a,5,1,kvasir-seg::cju1c4fcu40hl07992b8gj0c8
train,kvasir-seg::cju43kj2pm34f0850l28ahpni,e36e8a71136ceb586de4445e,6,1,kvasir-seg::cju1c4fcu40hl07992b8gj0c8
train,kvasir-seg::cju43lcnum9y10755bjs7z87f,a5e807794adc02b88816460c,0,1,kvasir-seg::cju1c4fcu40hl07992b8gj0c8
train,kvasir-seg::cju43lcnum9y10755bjs7z87f,217b6d983eee8ae06a98db7b,1,1,kvasir-seg::cju1c4fcu40hl07992b8gj0c8
train,kvasir-seg::cju43lcnum9y10755bjs7z87f,a5bb0533de5e6c8d4761268e,2,1,kvasir-seg::cju1c4fcu40hl07992b8gj0c8
train,kvasir-seg::cju43lcnum9y10755bjs7z87f,e175271a7fb6b7f6321b8e9e,3,1,kvasir-seg::cju1c4fcu40hl07992b8gj0c8
train,kvasir-seg::cju43lcnum9y10755bjs7z87f,ef7a70bc50ad7ac42e77e710,4,1,kvasir-seg::cju1c4fcu40hl07992b8gj0c8
train,kvasir-seg::cju43lcnum9y10755bjs7z87f,237e8a61d87706c8820b40b0,5,1,kvasir-seg::cju1c4fcu40hl07992b8gj0c8
train,kvasir-seg::cju43lcnum9y10755bjs7z87f,8083735d9760272f93c77577,6,1,kvasir-seg::cju1c4fcu40hl07992b8gj0c8
train,kvasir-seg::cju43mkj9m8wb0871qiadahub,a70d9ff26fdd8c8add9b1fe7,0,1,kvasir-seg::cju1c4fcu40hl07992b8gj0c8
train,kvasir-seg::cju43mkj9m8wb0871qiadahub,5dcf7c4c9b741052f8c7b52c,1,1,kvasir-seg::cju1c4fcu40hl07992b8gj0c8
train,kvasir-seg::cju43mkj9m8wb0871qiadahub,f9b80b401fec0c9c37a12de4,2,1,kvasir-seg::cju1c4fcu40hl07992b8gj0c8
train,kvasir-seg::cju43mkj9m8wb0871qiadahub,ac11a8a49f8c6ef1f14034bc,3,1,kvasir-seg::cju1c4fcu40hl07992b8gj0c8
train,kvasir-seg::cju43mkj9m8wb0871qiadahub,f9ff2776dd9d9d45dd7983a9,4,1,kvasir-seg::cju1c4fcu40hl07992b8gj0c8
train,kvasir-seg::cju43mkj9m8wb0871qiadahub,b818f3b77fde1fad1db92939,5,1,kvasir-seg::cju1c4fcu40hl07992b8gj0c8
train,kvasir-seg::cju43mkj9m8wb0871qiadahub,6e08641f7fb5586863936526,6,1,kvasir-seg::cju1c4fcu40hl07992b8gj0c8
train,kvasir-seg::cju43o6n7m9nk087191ijwqq9,b3d8dbfe73cd90dec841c643,0,6,kvasir-seg::cju7aklv31h4309871m29l4e7
train,kvasir-seg::cju43o6n7m9nk087191ijwqq9,587676f6fe59dfaf73843a26,1,6,kvasir-seg::cju7aklv31h4309871m29l4e7
train,kvasir-seg::cju43o6n7m9nk087191ijwqq9,de1c62e2fd0818e616df5c20,2,6,kvasir-seg::cju7aklv31h4309871m29l4e7
train,kvasir-seg::cju43o6n7m9nk087191ijwqq9,a301230ec37365757d23b436,3,6,kvasir-seg::cju7aklv31h4309871m29l4e7
train,kvasir-seg::cju43o6n7m9nk087191ijwqq9,17ac2573b1fc22cf93e49c9f,4,6,kvasir-seg::cju7aklv31h4309871m29l4e7
train,kvasir-seg::cju43o6n7m9nk087191ijwqq9,a06f85b250b90b812f711c1e,5,6,kvasir-seg::cju7aklv31h4309871m29l4e7
train,kvasir-seg::cju43o6n7m9nk087191ijwqq9,dd5f41c50417190c438be515,6,6,kvasir-seg::cju7aklv31h4309871m29l4e7
train,kvasir-seg::cju45jpvfn6c809873pv1i34s,38325074436d9307488fba3f,0,1,kvasir-seg::cju1c4fcu40hl07992b8gj0c8
train,kvasir-seg::cju45jpvfn6c809873pv1i34s,fab009849504732826a106a8,1,1,kvasir-seg::cju1c4fcu40hl07992b8gj0c8
train,kvasir-seg::cju45jpvfn6c809873pv1i34s,8dc8c4f8b791602d918b4a3f,2,1,kvasir-seg::cju1c4fcu40hl07992b8gj0c8
train,kvasir-seg::cju45jpvfn6c809873pv1i34s,e4c42252afabbb84ade044f7,3,1,kvasir-seg::cju1c4fcu40hl07992b8gj0c8
train,kvasir-seg::cju45jpvfn6c809873pv1i34s,275d93fe3596703e4a2196e3,4,1,kvasir-seg::cju1c4fcu40hl07992b8gj0c8
train,kvasir-seg::cju45jpvfn6c809873pv1i34s,f40749763a4b4780a085653e,5,1,kvasir-seg::cju1c4fcu40hl07992b8gj0c8
train,kvasir-seg::cju45jpvfn6c809873pv1i34s,3acafdb7cffc86b0434333f7,6,1,kvasir-seg::cju1c4fcu40hl07992b8gj0c8
train,kvasir-seg::cju45lbgznahl08180xz1h7u6,12df86cab27b2a6331762e80,0,1,kvasir-seg::cju1c4fcu40hl07992b8gj0c8
train,kvasir-seg::cju45lbgznahl08180xz1h7u6,52a6f9952ea6fe43b0e611e2,1,1,kvasir-seg::cju1c4fcu40hl07992b8gj0c8
train,kvasir-seg::cju45lbgznahl08180xz1h7u6,dfbb63af2611eb1ea6a20713,2,1,kvasir-seg::cju1c4fcu40hl07992b8gj0c8
train,kvasir-seg::cju45lbgznahl08180xz1h7u6,a021448928fba8a11656c985,3,1,kvasir-seg::cju1c4fcu40hl07992b8gj0c8
train,kvasir-seg::cju45lbgznahl08180xz1h7u6,3483ef3d3ab4c449a6635dc9,4,1,kvasir-seg::cju1c4fcu40hl07992b8gj0c8
train,kvasir-seg::cju45lbgznahl08180xz1h7u6,d3810fcee62085b7ea8f7efb,5,1,kvasir-seg::cju1c4fcu40hl07992b8gj0c8
train,kvasir-seg::cju45lbgznahl08180xz1h7u6,f9ff86bbd89ff56bd3ab6f8a,6,1,kvasir-seg::cju1c4fcu40hl07992b8gj0c8
train,kvasir-seg::cju45ofd9ne1j0801ri8dup7t,c9428a68fcbfd6860d62e98c,0,1,kvasir-seg::cju1c4fcu40hl07992b8gj0c8
train,kvasir-seg::cju45ofd9ne1j0801ri8dup7t,e5aeccd97a45737aff70e3f1,1,1,kvasir-seg::cju1c4fcu40hl07992b8gj0c8
train,kvasir-seg::cju45ofd9ne1j0801ri8dup7t,f9fc6da66a8bf04200bc0bd0,2,1,kvasir-seg::cju1c4fcu40hl07992b8gj0c8
train,kvasir-seg::cju45ofd9ne1j0801ri8dup7t,d96be0f49d0199ca0b5afc21,3,1,kvasir-seg::cju1c4fcu40hl07992b8gj0c8
train,kvasir-seg::cju45ofd9ne1j0801ri8dup7t,e9657a314a736bf800b0d1ef,4,1,kvasir-seg::cju1c4fcu40hl07992b8gj0c8
train,kvasir-seg::cju45ofd9ne1j0801ri8dup7t,02809377b2a3bd88a0a4d87f,5,1,kvasir-seg::cju1c4fcu40hl07992b8gj0c8
train,kvasir-seg::cju45ofd9ne1j0801ri8dup7t,14b9fad4ad4040a0d0eba9fb,6,1,kvasir-seg::cju1c4fcu40hl07992b8gj0c8
train,kvasir-seg::cju45pm27n80u08174kyow1gj,df69858df0a40c376be9e778,0,1,kvasir-seg::cju1c4fcu40hl07992b8gj0c8
train,kvasir-seg::cju45pm27n80u08174kyow1gj,1efbc99a82d6368f9f367227,1,1,kvasir-seg::cju1c4fcu40hl07992b8gj0c8
train,kvasir-seg::cju45pm27n80u08174kyow1gj,c30e97633280e3c3f90abc23,2,1,kvasir-seg::cju1c4fcu40hl07992b8gj0c8
train,kvasir-seg::cju45pm27n80u08174kyow1gj,490ce8f05061dfc328b67e82,3,1,kvasir-seg::cju1c4fcu40hl07992b8gj0c8
train,kvasir-seg::cju45pm27n80u08174kyow1gj,35ceb7daa564851ea6d5c8f0,4,1,kvasir-seg::cju1c4fcu40hl07992b8gj0c8
train,kvasir-seg::cju45pm27n80u08174kyow1gj,b8163621bb1a3ea274cc3066,5,1,kvasir-seg::cju1c4fcu40hl07992b8gj0c8
train,kvasir-seg::cju45pm27n80u08174kyow1gj,db1f52b2f5fde0bcb23a74d1,6,1,kvasir-seg::cju1c4fcu40hl07992b8gj0c8
train,kvasir-seg::cju45qbf3n9sa0987oonbkly9,58c5549c0b12fbcda12d854c,0,1,kvasir-seg::cju1c4fcu40hl07992b8gj0c8
train,kvasir-seg::cju45qbf3n9sa0987oonbkly9,fc1fa5b703f9e62f9e1b12b8,1,1,kvasir-seg::cju1c4fcu40hl07992b8gj0c8
train,kvasir-seg::cju45qbf3n9sa0987oonbkly9,c5c61bfbeb72e640e2a68a2b,2,1,kvasir-seg::cju1c4fcu40hl07992b8gj0c8
train,kvasir-seg::cju45qbf3n9sa0987oonbkly9,a0d5ac9c264f3d50ed1f3adb,3,1,kvasir-seg::cju1c4fcu40hl07992b8gj0c8
train,kvasir-seg::cju45qbf3n9sa0987oonbkly9,cfa3e6314bb55149e907d239,4,1,kvasir-seg::cju1c4fcu40hl07992b8gj0c8
train,kvasir-seg::cju45qbf3n9sa0987oonbkly9,22809d23cd5ccdeb044c1768,5,1,kvasir-seg::cju1c4fcu40hl07992b8gj0c8
train,kvasir-seg::cju45qbf3n9sa0987oonbkly9,86ea9e560cfc918f83e9106d,6,1,kvasir-seg::cju1c4fcu40hl07992b8gj0c8
train,kvasir-seg::cju45t5ddnbio0987qtqzx762,2ec80a6d983215d18c417d0a,0,6,kvasir-seg::cju7aklv31h4309871m29l4e7
train,kvasir-seg::cju45t5ddnbio0987qtqzx762,be3c9bab4f6db501f47347a4,1,6,kvasir-seg::cju7aklv31h4309871m29l4e7
train,kvasir-seg::cju45t5ddnbio0987qtqzx762,38b90de10e2c7847c84f1b10,2,6,kvasir-seg::cju7aklv31h4309871m29l4e7
train,kvasir-seg::cju45t5ddnbio0987qtqzx762,86f01a5dbda6909ce4467625,3,6,kvasir-seg::cju7aklv31h4309871m29l4e7
train,kvasir-seg::cju45t5ddnbio0987qtqzx762,561ca7386a9f58a6501f0a53,4,6,kvasir-seg::cju7aklv31h4309871m29l4e7
train,kvasir-seg::cju45t5ddnbio0987qtqzx762,38e236a3377500fe39d6a464,5,6,kvasir-seg::cju7aklv31h4309871m29l4e7
train,kvasir-seg::cju45t5ddnbio0987qtqzx762,6c467e090939b540006eee7a,6,6,kvasir-seg::cju7aklv31h4309871m29l4e7
train,kvasir-seg::cju45v0pungu40871acnwtmu5,b6c7bcd74bc2b6cf7233176b,0,1,kvasir-seg::cju1c4fcu40hl07992b8gj0c8
train,kvasir-seg::cju45v0pungu40871acnwtmu5,f311c0f9c197249adb80581b,1,1,kvasir-seg::cju1c4fcu40hl07992b8gj0c8
train,kvasir-seg::cju45v0pungu40871acnwtmu5,6d557c77764be48ab5384b6a,2,1,kvasir-seg::cju1c4fcu40hl07992b8gj0c8
train,kvasir-seg::cju45v0pungu40871acnwtmu5,12840df13a3552a2973508e3,3,1,kvasir-seg::cju1c4fcu40hl07992b8gj0c8
train,kvasir-seg::cju45v0pungu40871acnwtmu5,3596c85156eb224bc7b10cfe,4,1,kvasir-seg::cju1c4fcu40hl07992b8gj0c8
train,kvasir-seg::cju45v0pungu40871acnwtmu5,293fb7f3cdbd4dd2fb464fbb,5,1,kvasir-seg::cju1c4fcu40hl07992b8gj0c8
train,kvasir-seg::cju45v0pungu40871acnwtmu5,a68024275ecadbd0e17ca0b1,6,1,kvasir-seg::cju1c4fcu40hl07992b8gj0c8
train,kvasir-seg::cju5b9oyda4yr0850g9viziyv,be49295d42de20849902161a,0,1,kvasir-seg::cju1c4fcu40hl07992b8gj0c8
train,kvasir-seg::cju5b9oyda4yr0850g9viziyv,7b30ddf7615b820079959b38,1,1,kvasir-seg::cju1c4fcu40hl07992b8gj0c8
train,kvasir-seg::cju5b9oyda4yr0850g9viziyv,aafa50872afdcdc5f63a39bc,2,1,kvasir-seg::cju1c4fcu40hl07992b8gj0c8
train,kvasir-seg::cju5b9oyda4yr0850g9viziyv,b4d6d64d934ea7d4028abd3e,3,1,kvasir-seg::cju1c4fcu40hl07992b8gj0c8
train,kvasir-seg::cju5b9oyda4yr0850g9viziyv,3a043e629dd3969e56d78676,4,1,kvasir-seg::cju1c4fcu40hl07992b8gj0c8
train,kvasir-seg::cju5b9oyda4yr0850g9viziyv,981590ad67827f463c875131,5,1,kvasir-seg::cju1c4fcu40hl07992b8gj0c8
train,kvasir-seg::cju5b9oyda4yr0850g9viziyv,3dd3e7ec88e110e8a45a225d,6,1,kvasir-seg::cju1c4fcu40hl07992b8gj0c8
train,kvasir-seg::cju5bdwa3aatx0818b79i18zf,35b44194ab53cc7f2af2d8de,0,6,kvasir-seg::cju7aklv31h4309871m29l4e7
train,kvasir-seg::cju5bdwa3aatx0818b79i18zf,6552336d2dfe574c0996c1e1,1,6,kvasir-seg::cju7aklv31h4309871m29l4e7
train,kvasir-seg::cju5bdwa3aatx0818b79i18zf,0941202d23221322329f8528,2,6,kvasir-seg::cju7aklv31h4309871m29l4e7
train,kvasir-seg::cju5bdwa3aatx0818b79i18zf,842285dcef89d2241ec26da1,3,6,kvasir-seg::cju7aklv31h4309871m29l4e7
train,kvasir-seg::cju5bdwa3aatx0818b79i18zf,8fa45f58393c6ea2623736bf,4,6,kvasir-seg::cju7aklv31h4309871m29l4e7
train,kvasir-seg::cju5bdwa3aatx0818b79i18zf,c7d99826308a5f96fcfd3d73,5,6,kvasir-seg::cju7aklv31h4309871m29l4e7
train,kvasir-seg::cju5bdwa3aatx0818b79i18zf,b55cc40c2dc2da0272787d80,6,6,kvasir-seg::cju7aklv31h4309871m29l4e7
train,kvasir-seg::cju5bf6hxa6m50817rbwettgu,a3f2f6cbc508c40d2c3107fd,0,6,kvasir-seg::cju7aklv31h4309871m29l4e7
train,kvasir-seg::cju5bf6hxa6m50817rbwettgu,8f5f189e14b9b13afa32154c,1,6,kvasir-seg::cju7aklv31h4309871m29l4e7
train,kvasir-seg::cju5bf6hxa6m50817rbwettgu,6ceedde7a52a98adc5872480,2,6,kvasir-seg::cju7aklv31h4309871m29l4e7
train,kvasir-seg::cju5bf6hxa6m50817rbwettgu,044cf01603cd9caaee8406f2,3,6,kvasir-seg::cju7aklv31h4309871m29l4e7
train,kvasir-seg::cju5bf6hxa6m50817rbwettgu,a7d364edcfd79ed972986981,4,6,kvasir-seg::cju7aklv31h4309871m29l4e7
train,kvasir-seg::cju5bf6hxa6m50817rbwettgu,261ad4ac719e8100c56e2808,5,6,kvasir-seg::cju7aklv31h4309871m29l4e7
train,kvasir-seg::cju5bf6hxa6m50817rbwettgu,c72a072fb21d94f06cd8353f,6,6,kvasir-seg::cju7aklv31h4309871m29l4e7
train,kvasir-seg::cju5bhv81abur0850ean02atv,4476e5489bf9cfee64b6861b,0,1,kvasir-seg::cju1c4fcu40hl07992b8gj0c8
train,kvasir-seg::cju5bhv81abur0850ean02atv,c98f0a5184ad55e80740ed9f,1,1,kvasir-seg::cju1c4fcu40hl07992b8gj0c8
train,kvasir-seg::cju5bhv81abur0850ean02atv,fd3d79bcbaaaf1cdbeb19e8e,2,1,kvasir-seg::cju1c4fcu40hl07992b8gj0c8
train,kvasir-seg::cju5bhv81abur0850ean02atv,ef252b7c4f1a58355e94f7ca,3,1,kvasir-seg::cju1c4fcu40hl07992b8gj0c8
train,kvasir-seg::cju5bhv81abur0850ean02atv,9b364e60a4c7cb8b6250ef2d,4,1,kvasir-seg::cju1c4fcu40hl07992b8gj0c8
train,kvasir-seg::cju5bhv81abur0850ean02atv,e97dd2b877b49ec7e4020572,5,1,kvasir-seg::cju1c4fcu40hl07992b8gj0c8
train,kvasir-seg::cju5bhv81abur0850ean02atv,589451760057d3cccf6abf27,6,1,kvasir-seg::cju1c4fcu40hl07992b8gj0c8
train,kvasir-seg::cju5bj926aiec07559rshy4wa,11c6a2e5cbbf4c6b9e886175,0,1,kvasir-seg::cju1c4fcu40hl07992b8gj0c8
train,kvasir-seg::cju5bj926aiec07559rshy4wa,d96c1999ac6352afc804b0d7,1,1,kvasir-seg::cju1c4fcu40hl07992b8gj0c8
train,kvasir-seg::cju5bj926aiec07559rshy4wa,8df3327d32b41d126344fc75,2,1,kvasir-seg::cju1c4fcu40hl07992b8gj0c8
train,kvasir-seg::cju5bj926aiec07559rshy4wa,0fe43682e214c44cbcd16360,3,1,kvasir-seg::cju1c4fcu40hl07992b8gj0c8
train,kvasir-seg::cju5bj926aiec07559rshy4wa,2ce0a0640be424cdb58fb850,4,1,kvasir-seg::cju1c4fcu40hl07992b8gj0c8
train,kvasir-seg::cju5bj926aiec07559rshy4wa,2dd2f11339fed53f819b2b62,5,1,kvasir-seg::cju1c4fcu40hl07992b8gj0c8
train,kvasir-seg::cju5bj926aiec07559rshy4wa,253057a4f936c241d638a5b6,6,1,kvasir-seg::cju1c4fcu40hl07992b8gj0c8
train,kvasir-seg::cju5bmhdcafs909878qfzrqzi,303fd487ffa6d282eb2b5603,0,1,kvasir-seg::cju1c4fcu40hl07992b8gj0c8
train,kvasir-seg::cju5bmhdcafs909878qfzrqzi,c1709286135680d26adb1583,1,1,kvasir-seg::cju1c4fcu40hl07992b8gj0c8
train,kvasir-seg::cju5bmhdcafs909878qfzrqzi,28bf2e09db8363a3fa08fa45,2,1,kvasir-seg::cju1c4fcu40hl07992b8gj0c8
train,kvasir-seg::cju5bmhdcafs909878qfzrqzi,8c33e495c2c22c2ac5073b0b,3,1,kvasir-seg::cju1c4fcu40hl07992b8gj0c8
train,kvasir-seg::cju5bmhdcafs909878qfzrqzi,34517023101cb749c369dca9,4,1,kvasir-seg::cju1c4fcu40hl07992b8gj0c8
train,kvasir-seg::cju5bmhdcafs909878qfzrqzi,88169f6ca6d18c1d89655c8e,5,1,kvasir-seg::cju1c4fcu40hl07992b8gj0c8
train,kvasir-seg::cju5bmhdcafs909878qfzrqzi,20f07823849ba346dab7dfae,6,1,kvasir-seg::cju1c4fcu40hl07992b8gj0c8
train,kvasir-seg::cju5boicjagt20871b1fotkh4,bab4c414316f349aefd337d4,0,1,kvasir-seg::cju1c4fcu40hl07992b8gj0c8
train,kvasir-seg::cju5boicjagt20871b1fotkh4,3bd5e0c164ade33711f3d857,1,1,kvasir-seg::cju1c4fcu40hl07992b8gj0c8
train,kvasir-seg::cju5boicjagt20871b1fotkh4,72665969ba5a39711f3b8272,2,1,kvasir-seg::cju1c4fcu40hl07992b8gj0c8
train,kvasir-seg::cju5boicjagt20871b1fotkh4,0ebbb3a3897c35ec42bcf934,3,1,kvasir-seg::cju1c4fcu40hl07992b8gj0c8
train,kvasir-seg::cju5boicjagt20871b1fotkh4,17b10e1371d465e184af04f6,4,1,kvasir-seg::cju1c4fcu40hl07992b8gj0c8
train,kvasir-seg::cju5boicjagt20871b1fotkh4,56f7dc22e37cb570c14d0874,5,1,kvasir-seg::cju1c4fcu40hl07992b8gj0c8
train,kvasir-seg::cju5boicjagt20871b1fotkh4,0a58eacf30cff7bcce0c33cd,6,1,kvasir-seg::cju1c4fcu40hl07992b8gj0c8
train,kvasir-seg::cju5buy2bal250818ipl6fqwv,cbd9cd1e5c90667cf5744a9b,0,1,kvasir-seg::cju1c4fcu40hl07992b8gj0c8
train,kvasir-seg::cju5buy2bal250818ipl6fqwv,125ed12e1f55f07a58cc7fb7,1,1,kvasir-seg::cju1c4fcu40hl07992b8gj0c8
train,kvasir-seg::cju5buy2bal250818ipl6fqwv,572a204bf0341966ce35ccd5,2,1,kvasir-seg::cju1c4fcu40hl07992b8gj0c8
train,kvasir-seg::cju5buy2bal250818ipl6fqwv,20682949b78a0de74687ab37,3,1,kvasir-seg::cju1c4fcu40hl07992b8gj0c8
train,kvasir-seg::cju5buy2bal250818ipl6fqwv,14535d972e656d0a3362f44b,4,1,kvasir-seg::cju1c4fcu40hl07992b8gj0c8
train,kvasir-seg::cju5buy2bal250818ipl6fqwv,32e230f8882d552ba2b40de8,5,1,kvasir-seg::cju1c4fcu40hl07992b8gj0c8
train,kvasir-seg::cju5buy2bal250818ipl6fqwv,659f2eb14e30bdbc6cabc26a,6,1,kvasir-seg::cju1c4fcu40hl07992b8gj0c8
train,kvasir-seg::cju5bwhapakm90987c1v4z46a,8e38bd19d93a64312e98e854,0,1,kvasir-seg::cju1c4fcu40hl07992b8gj0c8
train,kvasir-seg::cju5bwhapakm90987c1v4z46a,8124776ddd720b6e1de75b60,1,1,kvasir-seg::cju1c4fcu40hl07992b8gj0c8
train,kvasir-seg::cju5bwhapakm90987c1v4z46a,8da975eb5fb4c337a863f3df,2,1,kvasir-seg::cju1c4fcu40hl07992b8gj0c8
train,kvasir-seg::cju5bwhapakm90987c1v4z46a,cbeec0b2bdd434efb10eedd8,3,1,kvasir-seg::cju1c4fcu40hl07992b8gj0c8
train,kvasir-seg::cju5bwhapakm90987c1v4z46a,c5a11b96b3b80d7f82974aca,4,1,kvasir-seg::cju1c4fcu40hl07992b8gj0c8
train,kvasir-seg::cju5bwhapakm90987c1v4z46a,bbeca85f349d07a13ad396ae,5,1,kvasir-seg::cju1c4fcu40hl07992b8gj0c8
train,kvasir-seg::cju5bwhapakm90987c1v4z46a,a60d3194b3f0be2a5417d5d0,6,1,kvasir-seg::cju1c4fcu40hl07992b8gj0c8
train,kvasir-seg::cju5c5xc7algd0817pb1ej5yo,baf542c2bf1df87de03f8547,0,5,kvasir-seg::cju5cu8qkb84x08186jwo8yin
train,kvasir-seg::cju5c5xc7algd0817pb1ej5yo,f279fb1f21681457d804fa86,1,1,kvasir-seg::cju1c4fcu40hl07992b8gj0c8
train,kvasir-seg::cju5c5xc7algd0817pb1ej5yo,2974f7375d020861c683914d,2,1,kvasir-seg::cju1c4fcu40hl07992b8gj0c8
train,kvasir-seg::cju5c5xc7algd0817pb1ej5yo,aab928f5bf9072bfc29717ca,3,1,kvasir-seg::cju1c4fcu40hl07992b8gj0c8
train,kvasir-seg::cju5c5xc7algd0817pb1ej5yo,6a96eadf99ac1b136903ba6b,4,1,kvasir-seg::cju1c4fcu40hl07992b8gj0c8
train,kvasir-seg::cju5c5xc7algd0817pb1ej5yo,6fe1710866701bcca20fa086,5,1,kvasir-seg::cju1c4fcu40hl07992b8gj0c8
train,kvasir-seg::cju5c5xc7algd0817pb1ej5yo,479b0a7a9710543ab61b609a,6,1,kvasir-seg::cju1c4fcu40hl07992b8gj0c8
train,kvasir-seg::cju5c7oijaqmq09878qwgqv8n,aefe1bce606b2bd921af4cf8,0,6,kvasir-seg::cju7aklv31h4309871m29l4e7
train,kvasir-seg::cju5c7oijaqmq09878qwgqv8n,f829f13572e76cdee8eb70df,1,6,kvasir-seg::cju7aklv31h4309871m29l4e7
train,kvasir-seg::cju5c7oijaqmq09878qwgqv8n,66bad8ea9feb3a0fb0b5d916,2,6,kvasir-seg::cju7aklv31h4309871m29l4e7
train,kvasir-seg::cju5c7oijaqmq09878qwgqv8n,8301e84abf921d8be4a40b4c,3,6,kvasir-seg::cju7aklv31h4309871m29l4e7
train,kvasir-seg::cju5c7oijaqmq09878qwgqv8n,182cb5443acc35f55dd91993,4,6,kvasir-seg::cju7aklv31h4309871m29l4e7
train,kvasir-seg::cju5c7oijaqmq09878qwgqv8n,ca235c95277fdf6250df890b,5,6,kvasir-seg::cju7aklv31h4309871m29l4e7
train,kvasir-seg::cju5c7oijaqmq09878qwgqv8n,b59659b32924e14a2e95d4d9,6,6,kvasir-seg::cju7aklv31h4309871m29l4e7
train,kvasir-seg::cju5ca9hcatkc0801jzwe7tfx,667ede1e7f2c31c45eec5244,0,1,kvasir-seg::cju1c4fcu40hl07992b8gj0c8
train,kvasir-seg::cju5ca9hcatkc0801jzwe7tfx,98f4e7e2aedf1b7913465c7d,1,1,kvasir-seg::cju1c4fcu40hl07992b8gj0c8
train,kvasir-seg::cju5ca9hcatkc0801jzwe7tfx,598df6d570dff6f97c9549c5,2,1,kvasir-seg::cju1c4fcu40hl07992b8gj0c8
train,kvasir-seg::cju5ca9hcatkc0801jzwe7tfx,9c7b07c4a746c712c7622e08,3,1,kvasir-seg::cju1c4fcu40hl07992b8gj0c8
train,kvasir-seg::cju5ca9hcatkc0801jzwe7tfx,2adaf963452b033a51844df6,4,1,kvasir-seg::cju1c4fcu40hl07992b8gj0c8
train,kvasir-seg::cju5ca9hcatkc0801jzwe7tfx,5a7f961a756918d660d1d01c,5,1,kvasir-seg::cju1c4fcu40hl07992b8gj0c8
train,kvasir-seg::cju5ca9hcatkc0801jzwe7tfx,f6a82a749ee7fd27ad239194,6,1,kvasir-seg::cju1c4fcu40hl07992b8gj0c8
train,kvasir-seg::cju5ccpvqash50850kb4bs22k,ae9b61e06f8322a32f2d45cc,0,1,kvasir-seg::cju1c4fcu40hl07992b8gj0c8
train,kvasir-seg::cju5ccpvqash50850kb4bs22k,7a5bebfaea695e147129f1ac,1,1,kvasir-seg::cju1c4fcu40hl07992b8gj0c8
train,kvasir-seg::cju5ccpvqash50850kb4bs22k,dd80106b376c1006a85edd1a,2,1,kvasir-seg::cju1c4fcu40hl07992b8gj0c8
train,kvasir-seg::cju5ccpvqash50850kb4bs22k,942c38ae8981047ca03909b7,3,1,kvasir-seg::cju1c4fcu40hl07992b8gj0c8
train,kvasir-seg::cju5ccpvqash50850kb4bs22k,6eba1fe2ca6b0e355e25cb7f,4,1,kvasir-seg::cju1c4fcu40hl07992b8gj0c8
train,kvasir-seg::cju5ccpvqash50850kb4bs22k,941bc46dadd5db8c33285a9d,5,1,kvasir-seg::cju1c4fcu40hl07992b8gj0c8
train,kvasir-seg::cju5ccpvqash50850kb4bs22k,a35d26c3e670cbd3771be399,6,1,kvasir-seg::cju1c4fcu40hl07992b8gj0c8
train,kvasir-seg::cju5cetivauok0987ok3e5bre,6781fc14d0281e8613601bc9,0,6,kvasir-seg::cju7aklv31h4309871m29l4e7
train,kvasir-seg::cju5cetivauok0987ok3e5bre,6e1d3fc7a3cfe2763b31a6b6,1,6,kvasir-seg::cju7aklv31h4309871m29l4e7
train,kvasir-seg::cju5cetivauok0987ok3e5bre,c17513d3830e31edacb8aa65,2,6,kvasir-seg::cju7aklv31h4309871m29l4e7
train,kvasir-seg::cju5cetivauok0987ok3e5bre,249916c271888d74415976c4,3,6,kvasir-seg::cju7aklv31h4309871m29l4e7
train,kvasir-seg::cju5cetivauok0987ok3e5bre,2f87676312dce35ccdd78ada,4,6,kvasir-seg::cju7aklv31h4309871m29l4e7
train,kvasir-seg::cju5cetivauok0987ok3e5bre,9634339960c67dfa82f00e5a,5,6,kvasir-seg::cju7aklv31h4309871m29l4e7
train,kvasir-seg::cju5cetivauok0987ok3e5bre,2b08375027f71629ac5f354d,6,6,kvasir-seg::cju7aklv31h4309871m29l4e7
train,kvasir-seg::cju5chrxxawka0871qcj171yz,d66d4725a41fb36709cc08db,0,1,kvasir-seg::cju1c4fcu40hl07992b8gj0c8
train,kvasir-seg::cju5chrxxawka0871qcj171yz,44c4e28bfd5bfbec09aab84a,1,1,kvasir-seg::cju1c4fcu40hl07992b8gj0c8
train,kvasir-seg::cju5chrxxawka0871qcj171yz,9cafc94a3004577b9bf04259,2,1,kvasir-seg::cju1c4fcu40hl07992b8gj0c8
train,kvasir-seg::cju5chrxxawka0871qcj171yz,8ae3415a17fdd6dd940be8d4,3,1,kvasir-seg::cju1c4fcu40hl07992b8gj0c8
train,kvasir-seg::cju5chrxxawka0871qcj171yz,f9d90afb0c42a54a1292e52a,4,1,kvasir-seg::cju1c4fcu40hl07992b8gj0c8
train,kvasir-seg::cju5chrxxawka0871qcj171yz,4b21534b1ef48324747cf0d6,5,1,kvasir-seg::cju1c4fcu40hl07992b8gj0c8
train,kvasir-seg::cju5chrxxawka0871qcj171yz,08a9f962acf5c46c3851acfd,6,1,kvasir-seg::cju1c4fcu40hl07992b8gj0c8
train,kvasir-seg::cju5cky5xb0ay0801oxet697t,18070c2972b49fa0169497b0,0,1,kvasir-seg::cju1c4fcu40hl07992b8gj0c8
train,kvasir-seg::cju5cky5xb0ay0801oxet697t,8a5f4f8584b4090018487b6b,1,1,kvasir-seg::cju1c4fcu40hl07992b8gj0c8
train,kvasir-seg::cju5cky5xb0ay0801oxet697t,3c9726c46c087b471dab2a83,2,1,kvasir-seg::cju1c4fcu40hl07992b8gj0c8
train,kvasir-seg::cju5cky5xb0ay0801oxet697t,0430bb079f67a8df699c2d02,3,1,kvasir-seg::cju1c4fcu40hl07992b8gj0c8
train,kvasir-seg::cju5cky5xb0ay0801oxet697t,54735fedf2043d9838851d0f,4,1,kvasir-seg::cju1c4fcu40hl07992b8gj0c8
train,kvasir-seg::cju5cky5xb0ay0801oxet697t,1f7411bec62c333abc4049f3,5,1,kvasir-seg::cju1c4fcu40hl07992b8gj0c8
train,kvasir-seg::cju5cky5xb0ay0801oxet697t,9bd224638f06c29994e3383c,6,1,kvasir-seg::cju1c4fcu40hl07992b8gj0c8
train,kvasir-seg::cju5clr68b48r0755cmuvponm,8aed95c393064efc25b80083,0,1,kvasir-seg::cju1c4fcu40hl07992b8gj0c8
train,kvasir-seg::cju5clr68b48r0755cmuvponm,f4313facd4103d3512212601,1,1,kvasir-seg::cju1c4fcu40hl07992b8gj0c8
train,kvasir-seg::cju5clr68b48r0755cmuvponm,81730d2b6c4969b39352a665,2,1,kvasir-seg::cju1c4fcu40hl07992b8gj0c8
train,kvasir-seg::cju5clr68b48r0755cmuvponm,917bef867736dfee3cd46b14,3,1,kvasir-seg::cju1c4fcu40hl07992b8gj0c8
train,kvasir-seg::cju5clr68b48r0755cmuvponm,5dcdccd4d3b29fea85bbf40d,4,1,kvasir-seg::cju1c4fcu40hl07992b8gj0c8
train,kvasir-seg::cju5clr68b48r0755cmuvponm,c1c56659a7a163383d55b229,5,1,kvasir-seg::cju1c4fcu40hl07992b8gj0c8
train,kvasir-seg::cju5clr68b48r0755cmuvponm,c79edcdd42d9559fa9d21e20,6,1,kvasir-seg::cju1c4fcu40hl07992b8gj0c8
train,kvasir-seg::cju5ddda9bkkt0850enzwatb1,aeacfae47bcc2f75de11117f,0,8,kvasir-seg::cjyzkpsbjdsjq07211dfi4sru
train,kvasir-seg::cju5ddda9bkkt0850enzwatb1,aeccf35c155ac55f4d837356,1,8,kvasir-seg::cjyzkpsbjdsjq07211dfi4sru
train,kvasir-seg::cju5ddda9bkkt0850enzwatb1,0252d89c189e515dd70998a3,2,1,kvasir-seg::cju1c4fcu40hl07992b8gj0c8
train,kvasir-seg::cju5ddda9bkkt0850enzwatb1,4339b509e37633a2450d77e9,3,1,kvasir-seg::cju1c4fcu40hl07992b8gj0c8
train,kvasir-seg::cju5ddda9bkkt0850enzwatb1,c3b89b092e04bb1ec5fc556c,4,1,kvasir-seg::cju1c4fcu40hl07992b8gj0c8
train,kvasir-seg::cju5ddda9bkkt0850enzwatb1,fd1b8505a0fc9f84c282f37f,5,1,kvasir-seg::cju1c4fcu40hl07992b8gj0c8
train,kvasir-seg::cju5ddda9bkkt0850enzwatb1,c76463a0e5516a64ae15afda,6,1,kvasir-seg::cju1c4fcu40hl07992b8gj0c8
train,kvasir-seg::cju5eftctcdbj08712gdp989f,c5510c661ffead5d68c6bcf1,0,6,kvasir-seg::cju7aklv31h4309871m29l4e7
train,kvasir-seg::cju5eftctcdbj08712gdp989f,6902d759133de3b4f704789c,1,6,kvasir-seg::cju7aklv31h4309871m29l4e7
train,kvasir-seg::cju5eftctcdbj08712gdp989f,40a27965bba09515350e0d7d,2,6,kvasir-seg::cju7aklv31h4309871m29l4e7
train,kvasir-seg::cju5eftctcdbj08712gdp989f,9357bed99f7052acd4cd5103,3,6,kvasir-seg::cju7aklv31h4309871m29l4e7
train,kvasir-seg::cju5eftctcdbj08712gdp989f,187df93acf69b41a879ae0ad,4,6,kvasir-seg::cju7aklv31h4309871m29l4e7
train,kvasir-seg::cju5eftctcdbj08712gdp989f,a4d02c5cadf360bd96cb6abf,5,6,kvasir-seg::cju7aklv31h4309871m29l4e7
train,kvasir-seg::cju5eftctcdbj08712gdp989f,c12bd910d9f8ed06a9f90052,6,6,kvasir-seg::cju7aklv31h4309871m29l4e7
train,kvasir-seg::cju5enq1tcn1i0755hnkon787,b256a3df4dc6a78de783c31b,0,1,kvasir-seg::cju1c4fcu40hl07992b8gj0c8
train,kvasir-seg::cju5enq1tcn1i0755hnkon787,fc209754ced18042c711c209,1,1,kvasir-seg::cju1c4fcu40hl07992b8gj0c8
train,kvasir-seg::cju5enq1tcn1i0755hnkon787,5029543b430b4e532163c0ce,2,1,kvasir-seg::cju1c4fcu40hl07992b8gj0c8
train,kvasir-seg::cju5enq1tcn1i0755hnkon787,9b24e1917c11c61f3c0761b4,3,1,kvasir-seg::cju1c4fcu40hl07992b8gj0c8
train,kvasir-seg::cju5enq1tcn1i0755hnkon787,117e94d48872d5c4d942dc73,4,1,kvasir-seg::cju1c4fcu40hl07992b8gj0c8
train,kvasir-seg::cju5enq1tcn1i0755hnkon787,72c080cba767889b32b9a6d1,5,1,kvasir-seg::cju1c4fcu40hl07992b8gj0c8
train,kvasir-seg::cju5enq1tcn1i0755hnkon787,db32c0c0faa791d821108b34,6,1,kvasir-seg::cju1c4fcu40hl07992b8gj0c8
train,kvasir-seg::cju5eq8c8ck690850vix98hv3,81545f74fc75a4b88364370a,0,6,kvasir-seg::cju7aklv31h4309871m29l4e7
train,kvasir-seg::cju5eq8c8ck690850vix98hv3,db6caee814843fcda3e1584b,1,6,kvasir-seg::cju7aklv31h4309871m29l4e7
train,kvasir-seg::cju5eq8c8ck690850vix98hv3,6729550562b6eb7848709939,2,6,kvasir-seg::cju7aklv31h4309871m29l4e7
train,kvasir-seg::cju5eq8c8ck690850vix98hv3,7b1fade935a4485f1d74216d,3,6,kvasir-seg::cju7aklv31h4309871m29l4e7
train,kvasir-seg::cju5eq8c8ck690850vix98hv3,21ae150cd80412c0a1cd59c1,4,6,kvasir-seg::cju7aklv31h4309871m29l4e7
train,kvasir-seg::cju5eq8c8ck690850vix98hv3,dea37542428fc8fbed9faa59,5,6,kvasir-seg::cju7aklv31h4309871m29l4e7
train,kvasir-seg::cju5eq8c8ck690850vix98hv3,ed438e993cb85560c2d74134,6,6,kvasir-seg::cju7aklv31h4309871m29l4e7
train,kvasir-seg::cju5es375cnzy0801nkq35ffs,37239232ac66bb35b2ebb547,0,6,kvasir-seg::cju7aklv31h4309871m29l4e7
train,kvasir-seg::cju5es375cnzy0801nkq35ffs,6b7d75311e4add48e22a6a83,1,6,kvasir-seg::cju7aklv31h4309871m29l4e7
train,kvasir-seg::cju5es375cnzy0801nkq35ffs,0122c6e513a20c133c62d4fe,2,6,kvasir-seg::cju7aklv31h4309871m29l4e7
train,kvasir-seg::cju5es375cnzy0801nkq35ffs,e3acbd6cf52846d02b62a335,3,6,kvasir-seg::cju7aklv31h4309871m29l4e7
train,kvasir-seg::cju5es375cnzy0801nkq35ffs,18d783634fe0fcf56602146e,4,6,kvasir-seg::cju7aklv31h4309871m29l4e7
train,kvasir-seg::cju5es375cnzy0801nkq35ffs,58f1338bb6ae1171c9a848ac,5,6,kvasir-seg::cju7aklv31h4309871m29l4e7
train,kvasir-seg::cju5es375cnzy0801nkq35ffs,d6e3c73b2c8582a288d0e209,6,6,kvasir-seg::cju7aklv31h4309871m29l4e7
train,kvasir-seg::cju5eyfe9cpk90987laa7tsl3,ef299ef12e41a27362ab3dd6,0,1,kvasir-seg::cju1c4fcu40hl07992b8gj0c8
train,kvasir-seg::cju5eyfe9cpk90987laa7tsl3,e3cbb230865bfd613f1a202a,1,1,kvasir-seg::cju1c4fcu40hl07992b8gj0c8
train,kvasir-seg::cju5eyfe9cpk90987laa7tsl3,87895cc7f6d5784155e1422d,2,1,kvasir-seg::cju1c4fcu40hl07992b8gj0c8
train,kvasir-seg::cju5eyfe9cpk90987laa7tsl3,5c3408df39db6906d81744ce,3,1,kvasir-seg::cju1c4fcu40hl07992b8gj0c8
train,kvasir-seg::cju5eyfe9cpk90987laa7tsl3,08324f0a6d7445426c0b1646,4,1,kvasir-seg::cju1c4fcu40hl07992b8gj0c8
train,kvasir-seg::cju5eyfe9cpk90987laa7tsl3,b5f98a65a2a734004171f0f0,5,1,kvasir-seg::cju1c4fcu40hl07992b8gj0c8
train,kvasir-seg::cju5eyfe9cpk90987laa7tsl3,c0470369b918cf839802b227,6,1,kvasir-seg::cju1c4fcu40hl07992b8gj0c8
train,kvasir-seg::cju5f0dezct4q08183ydw11dx,6fb6fa67f81ca53a473b3da2,0,6,kvasir-seg::cju7aklv31h4309871m29l4e7
train,kvasir-seg::cju5f0dezct4q08183ydw11dx,6b5f780932a367f1d3b8c2e9,1,6,kvasir-seg::cju7aklv31h4309871m29l4e7
train,kvasir-seg::cju5f0dezct4q08183ydw11dx,ccbf4028539705b44a16c4d9,2,6,kvasir-seg::cju7aklv31h4309871m29l4e7
train,kvasir-seg::cju5f0dezct4q08183ydw11dx,1b3c7ce8e7cfd398aa22c92f,3,6,kvasir-seg::cju7aklv31h4309871m29l4e7
train,kvasir-seg::cju5f0dezct4q08183ydw11dx,e477fbfe1e45a0ea6b26d318,4,6,kvasir-seg::cju7aklv31h4309871m29l4e7
train,kvasir-seg::cju5f0dezct4q08183ydw11dx,e604798d5ee83e565c98737e,5,6,kvasir-seg::cju7aklv31h4309871m29l4e7
train,kvasir-seg::cju5f0dezct4q08183ydw11dx,b7c162929caad47dd8c3b379,6,6,kvasir-seg::cju7aklv31h4309871m29l4e7
train,kvasir-seg::cju5f26ebcuai0818xlwh6116,37dd4d83bf0d46aa8baa15ed,0,1,kvasir-seg::cju1c4fcu40hl07992b8gj0c8
train,kvasir-seg::cju5f26ebcuai0818xlwh6116,aee047be60f732d2dbdf8928,1,1,kvasir-seg::cju1c4fcu40hl07992b8gj0c8
train,kvasir-seg::cju5f26ebcuai0818xlwh6116,340674ed61b5dc25768e2098,2,1,kvasir-seg::cju1c4fcu40hl07992b8gj0c8
train,kvasir-seg::cju5f26ebcuai0818xlwh6116,401262ef1dfb33b5823c6042,3,1,kvasir-seg::cju1c4fcu40hl07992b8gj0c8
train,kvasir-seg::cju5f26ebcuai0818xlwh6116,740568d88d9762bca7c6b803,4,1,kvasir-seg::cju1c4fcu40hl07992b8gj0c8
train,kvasir-seg::cju5f26ebcuai0818xlwh6116,837165dc1f2ce388ccbfd539,5,1,kvasir-seg::cju1c4fcu40hl07992b8gj0c8
train,kvasir-seg::cju5f26ebcuai0818xlwh6116,c575ee9a48ae3cc286fdc62c,6,1,kvasir-seg::cju1c4fcu40hl07992b8gj0c8
train,kvasir-seg::cju5f8hxdcxxn08188obby0ea,5ecde711dbf5bf90639233a9,0,1,kvasir-seg::cju1c4fcu40hl07992b8gj0c8
train,kvasir-seg::cju5f8hxdcxxn08188obby0ea,30b21cbcfaffb1b1486437f8,1,1,kvasir-seg::cju1c4fcu40hl07992b8gj0c8
train,kvasir-seg::cju5f8hxdcxxn08188obby0ea,86bea30b423d139f38be74e4,2,1,kvasir-seg::cju1c4fcu40hl07992b8gj0c8
train,kvasir-seg::cju5f8hxdcxxn08188obby0ea,ec0699e450d45ce789af8b17,3,1,kvasir-seg::cju1c4fcu40hl07992b8gj0c8
train,kvasir-seg::cju5f8hxdcxxn08188obby0ea,e16712cd4a5260092d6fb77f,4,1,kvasir-seg::cju1c4fcu40hl07992b8gj0c8
train,kvasir-seg::cju5f8hxdcxxn08188obby0ea,c762618e271094e3f26666c5,5,1,kvasir-seg::cju1c4fcu40hl07992b8gj0c8
train,kvasir-seg::cju5f8hxdcxxn08188obby0ea,fb2e3fcfc254f30cd9961bb8,6,1,kvasir-seg::cju1c4fcu40hl07992b8gj0c8
train,kvasir-seg::cju5fb86jd1jp0755b1ukbhq5,de9669cdaf34eb22177b8d80,0,2,kvasir-seg::cju2pmhtr17a00855cvpelzb0
train,kvasir-seg::cju5fb86jd1jp0755b1ukbhq5,98214dd0c777bb88c3e4fcdd,1,2,kvasir-seg::cju2pmhtr17a00855cvpelzb0
train,kvasir-seg::cju5fb86jd1jp0755b1ukbhq5,eeb22a5899bc1ca7c0bce144,2,2,kvasir-seg::cju2pmhtr17a00855cvpelzb0
train,kvasir-seg::cju5fb86jd1jp0755b1ukbhq5,f8942cd99aed36b09d60d53f,3,2,kvasir-seg::cju2pmhtr17a00855cvpelzb0
train,kvasir-seg::cju5fb86jd1jp0755b1ukbhq5,25316204face415d069c2528,4,2,kvasir-seg::cju2pmhtr17a00855cvpelzb0
train,kvasir-seg::cju5fb86jd1jp0755b1ukbhq5,8509626c2519d7bfc307173a,5,2,kvasir-seg::cju2pmhtr17a00855cvpelzb0
train,kvasir-seg::cju5fb86jd1jp0755b1ukbhq5,79b384804d4752660a55269c,6,2,kvasir-seg::cju2pmhtr17a00855cvpelzb0
train,kvasir-seg::cju5fs6j6d8350801vglraq4u,c3c9191179aa97d7c17c01ab,0,1,kvasir-seg::cju1c4fcu40hl07992b8gj0c8
train,kvasir-seg::cju5fs6j6d8350801vglraq4u,5180fdae0b93b243380cebaa,1,1,kvasir-seg::cju1c4fcu40hl07992b8gj0c8
train,kvasir-seg::cju5fs6j6d8350801vglraq4u,92b687d9beda1b9e3b5d009a,2,1,kvasir-seg::cju1c4fcu40hl07992b8gj0c8
train,kvasir-seg::cju5fs6j6d8350801vglraq4u,b93b237578bf9c9d5cca64b2,3,1,kvasir-seg::cju1c4fcu40hl07992b8gj0c8
train,kvasir-seg::cju5fs6j6d8350801vglraq4u,513b0da948a10a2878cee4a7,4,1,kvasir-seg::cju1c4fcu40hl07992b8gj0c8
train,kvasir-seg::cju5fs6j6d8350801vglraq4u,c6e3f5e02824ce978a45892b,5,1,kvasir-seg::cju1c4fcu40hl07992b8gj0c8
train,kvasir-seg::cju5fs6j6d8350801vglraq4u,5e652194590755dbda90bf57,6,1,kvasir-seg::cju1c4fcu40hl07992b8gj0c8
train,kvasir-seg::cju5ft6mcd5q40987rhjgbrr6,c78d14d572895f9b8b27bb8e,0,3,kvasir-seg::cju34ymm8d6700799uop0cw33
train,kvasir-seg::cju5ft6mcd5q40987rhjgbrr6,a45adbeff5edbe97d2bb48bc,1,3,kvasir-seg::cju34ymm8d6700799uop0cw33
train,kvasir-seg::cju5ft6mcd5q40987rhjgbrr6,986190f7f3dd736609c8ed58,2,3,kvasir-seg::cju34ymm8d6700799uop0cw33
train,kvasir-seg::cju5ft6mcd5q40987rhjgbrr6,8e378ce929da7c999b06d207,3,3,kvasir-seg::cju34ymm8d6700799uop0cw33
train,kvasir-seg::cju5ft6mcd5q40987rhjgbrr6,c47ad49ce2ed7cf707b8bf2f,4,3,kvasir-seg::cju34ymm8d6700799uop0cw33
train,kvasir-seg::cju5ft6mcd5q40987rhjgbrr6,5a2800167e4d0211ef50d41c,5,3,kvasir-seg::cju34ymm8d6700799uop0cw33
train,kvasir-seg::cju5ft6mcd5q40987rhjgbrr6,40d12c656af3dded0fe5b443,6,3,kvasir-seg::cju34ymm8d6700799uop0cw33
train,kvasir-seg::cju5fu081d8gc0818l3yylujk,371e5388a02a0abffeb8a865,0,1,kvasir-seg::cju1c4fcu40hl07992b8gj0c8
train,kvasir-seg::cju5fu081d8gc0818l3yylujk,6728a3b9d7542078046b26c5,1,1,kvasir-seg::cju1c4fcu40hl07992b8gj0c8
train,kvasir-seg::cju5fu081d8gc0818l3yylujk,3fb7b6f241c64787e027ba22,2,1,kvasir-seg::cju1c4fcu40hl07992b8gj0c8
train,kvasir-seg::cju5fu081d8gc0818l3yylujk,8437482050adb4998ff77d27,3,1,kvasir-seg::cju1c4fcu40hl07992b8gj0c8
train,kvasir-seg::cju5fu081d8gc0818l3yylujk,3a7b10ec4dcb313d47b4a153,4,1,kvasir-seg::cju1c4fcu40hl07992b8gj0c8
train,kvasir-seg::cju5fu081d8gc0818l3yylujk,81803b51253fd50b69f216e7,5,1,kvasir-seg::cju1c4fcu40hl07992b8gj0c8
train,kvasir-seg::cju5fu081d8gc0818l3yylujk,0457c6b9b46117809c854161,6,1,kvasir-seg::cju1c4fcu40hl07992b8gj0c8
train,kvasir-seg::cju5fw37edaae0801vkwvocn7,2d0aa9d47644a8d604d08224,0,3,kvasir-seg::cju34ymm8d6700799uop0cw33
train,kvasir-seg::cju5fw37edaae0801vkwvocn7,03c5d7b9be02de0e9ee8523d,1,2,kvasir-seg::cju2pmhtr17a00855cvpelzb0
train,kvasir-seg::cju5fw37edaae0801vkwvocn7,c286dd03b337eb23d9e81e7f,2,2,kvasir-seg::cju2pmhtr17a00855cvpelzb0
train,kvasir-seg::cju5fw37edaae0801vkwvocn7,4a2264b04aaa758ca96c968d,3,2,kvasir-seg::cju2pmhtr17a00855cvpelzb0
train,kvasir-seg::cju5fw37edaae0801vkwvocn7,afbcb09917e5fd763165ba39,4,2,kvasir-seg::cju2pmhtr17a00855cvpelzb0
train,kvasir-seg::cju5fw37edaae0801vkwvocn7,7fce9e5a3d05d043f52ba6f0,5,2,kvasir-seg::cju2pmhtr17a00855cvpelzb0
train,kvasir-seg::cju5fw37edaae0801vkwvocn7,ab83cc6623b1e2ccfc4cd815,6,2,kvasir-seg::cju2pmhtr17a00855cvpelzb0
train,kvasir-seg::cju5fydrud94708507vo6oy21,61ee475b36ee42dfef91c2f6,0,1,kvasir-seg::cju1c4fcu40hl07992b8gj0c8
train,kvasir-seg::cju5fydrud94708507vo6oy21,70ee3d16842387b5397a5ff1,1,1,kvasir-seg::cju1c4fcu40hl07992b8gj0c8
train,kvasir-seg::cju5fydrud94708507vo6oy21,0ce333976953e4f59fa0a626,2,1,kvasir-seg::cju1c4fcu40hl07992b8gj0c8
train,kvasir-seg::cju5fydrud94708507vo6oy21,ae40f6fd7ea9562154c83764,3,1,kvasir-seg::cju1c4fcu40hl07992b8gj0c8
train,kvasir-seg::cju5fydrud94708507vo6oy21,c46ef072ce3eb2112eb5a932,4,1,kvasir-seg::cju1c4fcu40hl07992b8gj0c8
train,kvasir-seg::cju5fydrud94708507vo6oy21,7356ed7fe693a727a0b3e413,5,1,kvasir-seg::cju1c4fcu40hl07992b8gj0c8
train,kvasir-seg::cju5fydrud94708507vo6oy21,38b4d0c9f6ba3d47e656e2cc,6,1,kvasir-seg::cju1c4fcu40hl07992b8gj0c8
train,kvasir-seg::cju5g163vd6mt0817uccuga6u,fe9b0f207ed0e8040d47cf64,0,1,kvasir-seg::cju1c4fcu40hl07992b8gj0c8
train,kvasir-seg::cju5g163vd6mt0817uccuga6u,7abfad2aca6129d1faec6150,1,1,kvasir-seg::cju1c4fcu40hl07992b8gj0c8
train,kvasir-seg::cju5g163vd6mt0817uccuga6u,4a42aca12f2772798b204b34,2,1,kvasir-seg::cju1c4fcu40hl07992b8gj0c8
train,kvasir-seg::cju5g163vd6mt0817uccuga6u,b194edd8d9124e709372e2fc,3,1,kvasir-seg::cju1c4fcu40hl07992b8gj0c8
train,kvasir-seg::cju5g163vd6mt0817uccuga6u,e79a3f9e55e35740afcfd8a0,4,1,kvasir-seg::cju1c4fcu40hl07992b8gj0c8
train,kvasir-seg::cju5g163vd6mt0817uccuga6u,15dbc4888473c0714ee67b29,5,1,kvasir-seg::cju1c4fcu40hl07992b8gj0c8
train,kvasir-seg::cju5g163vd6mt0817uccuga6u,837b859b473bd38630917410,6,1,kvasir-seg::cju1c4fcu40hl07992b8gj0c8
train,kvasir-seg::cju5h57xedz5h0755mjpc8694,a7e33442dcbcdec979563fc2,0,6,kvasir-seg::cju7aklv31h4309871m29l4e7
train,kvasir-seg::cju5h57xedz5h0755mjpc8694,bbe32b41ddcac0597f4aa1ac,1,6,kvasir-seg::cju7aklv31h4309871m29l4e7
train,kvasir-seg::cju5h57xedz5h0755mjpc8694,3b675910894ccee910bac98e,2,6,kvasir-seg::cju7aklv31h4309871m29l4e7
train,kvasir-seg::cju5h57xedz5h0755mjpc8694,bc19bd9c74c5429c8a345911,3,6,kvasir-seg::cju7aklv31h4309871m29l4e7
train,kvasir-seg::cju5h57xedz5h0755mjpc8694,9a7072e4bfea93d1064b9db6,4,6,kvasir-seg::cju7aklv31h4309871m29l4e7
train,kvasir-seg::cju5h57xedz5h0755mjpc8694,607e6fd48aaaede5558da292,5,6,kvasir-seg::cju7aklv31h4309871m29l4e7
train,kvasir-seg::cju5h57xedz5h0755mjpc8694,f147201f4931a166c0875cf5,6,6,kvasir-seg::cju7aklv31h4309871m29l4e7
train,kvasir-seg::cju5hi52odyf90817prvcwg45,d5b2950b0b3ff92bd992ebc3,0,1,kvasir-seg::cju1c4fcu40hl07992b8gj0c8
train,kvasir-seg::cju5hi52odyf90817prvcwg45,1021c6d4070c5df7302996bb,1,1,kvasir-seg::cju1c4fcu40hl07992b8gj0c8
train,kvasir-seg::cju5hi52odyf90817prvcwg45,be4723f77c10f6edc8609520,2,1,kvasir-seg::cju1c4fcu40hl07992b8gj0c8
train,kvasir-seg::cju5hi52odyf90817prvcwg45,eb78ce82b5d60d50eef4b1c5,3,1,kvasir-seg::cju1c4fcu40hl07992b8gj0c8
train,kvasir-seg::cju5hi52odyf90817prvcwg45,9417f285303b3d35ba0add68,4,1,kvasir-seg::cju1c4fcu40hl07992b8gj0c8
train,kvasir-seg::cju5hi52odyf90817prvcwg45,3fcda494fa0620abdd4eacf6,5,1,kvasir-seg::cju1c4fcu40hl07992b8gj0c8
train,kvasir-seg::cju5hi52odyf90817prvcwg45,b01fa84d9cba487a9d160305,6,1,kvasir-seg::cju1c4fcu40hl07992b8gj0c8
train,kvasir-seg::cju5hqz50e7o90850e0prlpa0,fd13c4977f29fb144843a5e6,0,6,kvasir-seg::cju7aklv31h4309871m29l4e7
train,kvasir-seg::cju5hqz50e7o90850e0prlpa0,a2c54fcdffb421f6c252debc,1,6,kvasir-seg::cju7aklv31h4309871m29l4e7
train,kvasir-seg::cju5hqz50e7o90850e0prlpa0,784186a7864b8255eaa56008,2,6,kvasir-seg::cju7aklv31h4309871m29l4e7
train,kvasir-seg::cju5hqz50e7o90850e0prlpa0,bbf4657d8919ecdd29f27abd,3,6,kvasir-seg::cju7aklv31h4309871m29l4e7
train,kvasir-seg::cju5hqz50e7o90850e0prlpa0,446cb5293d73578f8ce353c5,4,6,kvasir-seg::cju7aklv31h4309871m29l4e7
train,kvasir-seg::cju5hqz50e7o90850e0prlpa0,0d07c1f04da468bfedb2101c,5,6,kvasir-seg::cju7aklv31h4309871m29l4e7
train,kvasir-seg::cju5hqz50e7o90850e0prlpa0,2133285b3db8bb355160095d,6,6,kvasir-seg::cju7aklv31h4309871m29l4e7
train,kvasir-seg::cju5ht88gedbu0755xrcuddcx,15aa9655d14ce4c180d8c66f,0,1,kvasir-seg::cju1c4fcu40hl07992b8gj0c8
train,kvasir-seg::cju5ht88gedbu0755xrcuddcx,9138a1a3cc7033aef8760bb4,1,1,kvasir-seg::cju1c4fcu40hl07992b8gj0c8
train,kvasir-seg::cju5ht88gedbu0755xrcuddcx,28a1789c758d0e5feec1e56c,2,1,kvasir-seg::cju1c4fcu40hl07992b8gj0c8
train,kvasir-seg::cju5ht88gedbu0755xrcuddcx,cc6fae9f50c35c1d12966101,3,1,kvasir-seg::cju1c4fcu40hl07992b8gj0c8
train,kvasir-seg::cju5ht88gedbu0755xrcuddcx,adb88a395eb905cab6024199,4,1,kvasir-seg::cju1c4fcu40hl07992b8gj0c8
train,kvasir-seg::cju5ht88gedbu0755xrcuddcx,1f55d4e794044c2fe5a535bc,5,1,kvasir-seg::cju1c4fcu40hl07992b8gj0c8
train,kvasir-seg::cju5ht88gedbu0755xrcuddcx,4b336b509e19fbba02a2fe05,6,1,kvasir-seg::cju1c4fcu40hl07992b8gj0c8
train,kvasir-seg::cju5hwonqedw10801vsd3w6kk,6fb9302cbe175d5f759c7ab4,0,6,kvasir-seg::cju7aklv31h4309871m29l4e7
train,kvasir-seg::cju5hwonqedw10801vsd3w6kk,e6a5af5c28472a3790b3357b,1,6,kvasir-seg::cju7aklv31h4309871m29l4e7
train,kvasir-seg::cju5hwonqedw10801vsd3w6kk,6ba39c7b905f16acdf157253,2,6,kvasir-seg::cju7aklv31h4309871m29l4e7
train,kvasir-seg::cju5hwonqedw10801vsd3w6kk,b76a007a57b2c0192189d1ee,3,6,kvasir-seg::cju7aklv31h4309871m29l4e7
train,kvasir-seg::cju5hwonqedw10801vsd3w6kk,d475b5122beb5066c8527767,4,6,kvasir-seg::cju7aklv31h4309871m29l4e7
train,kvasir-seg::cju5hwonqedw10801vsd3w6kk,cd6acd1eb95d1a7d857c9e35,5,6,kvasir-seg::cju7aklv31h4309871m29l4e7
train,kvasir-seg::cju5hwonqedw10801vsd3w6kk,6de554eb089f731253c019b3,6,6,kvasir-seg::cju7aklv31h4309871m29l4e7
train,kvasir-seg::cju5i5oh2efg60987ez6cpf72,a9c89e6e0ab6d0d6d7c71d11,0,6,kvasir-seg::cju7aklv31h4309871m29l4e7
train,kvasir-seg::cju5i5oh2efg60987ez6cpf72,b4e61662112c33f3db0dbb94,1,6,kvasir-seg::cju7aklv31h4309871m29l4e7
train,kvasir-seg::cju5i5oh2efg60987ez6cpf72,c8a76afdf302499caca67cf2,2,6,kvasir-seg::cju7aklv31h4309871m29l4e7
train,kvasir-seg::cju5i5oh2efg60987ez6cpf72,d040a8f895232cb5164f425c,3,6,kvasir-seg::cju7aklv31h4309871m29l4e7
train,kvasir-seg::cju5i5oh2efg60987ez6cpf72,b4a9e686a4ce467178586e07,4,6,kvasir-seg::cju7aklv31h4309871m29l4e7
train,kvasir-seg::cju5i5oh2efg60987ez6cpf72,4f718537bd3a64978e85162b,5,6,kvasir-seg::cju7aklv31h4309871m29l4e7
train,kvasir-seg::cju5i5oh2efg60987ez6cpf72,5f91a8f7f6e7fdf714a3f44d,6,6,kvasir-seg::cju7aklv31h4309871m29l4e7
train,kvasir-seg::cju5jx7jzf7c90871c2i9aiov,7e13d439cd67eb04467ae11a,0,1,kvasir-seg::cju1c4fcu40hl07992b8gj0c8
train,kvasir-seg::cju5jx7jzf7c90871c2i9aiov,04db4a5cd002d5979201d56f,1,1,kvasir-seg::cju1c4fcu40hl07992b8gj0c8
train,kvasir-seg::cju5jx7jzf7c90871c2i9aiov,bccb37253630d8f7bd30ad0a,2,1,kvasir-seg::cju1c4fcu40hl07992b8gj0c8
train,kvasir-seg::cju5jx7jzf7c90871c2i9aiov,d4aad5583cdd3d5ccd46dd1e,3,1,kvasir-seg::cju1c4fcu40hl07992b8gj0c8
train,kvasir-seg::cju5jx7jzf7c90871c2i9aiov,5f17e2c8f01ec2f3ad8c2b6f,4,1,kvasir-seg::cju1c4fcu40hl07992b8gj0c8
train,kvasir-seg::cju5jx7jzf7c90871c2i9aiov,5d7e53ada5ff3633803be141,5,1,kvasir-seg::cju1c4fcu40hl07992b8gj0c8
train,kvasir-seg::cju5jx7jzf7c90871c2i9aiov,18e2cc43d24d061c70dc0429,6,1,kvasir-seg::cju1c4fcu40hl07992b8gj0c8
train,kvasir-seg::cju5jz5fff8c50871hbe6108f,0cb743548cf7d8ee1b4e09c9,0,6,kvasir-seg::cju7aklv31h4309871m29l4e7
train,kvasir-seg::cju5jz5fff8c50871hbe6108f,66642d245c8dd08609a1354b,1,6,kvasir-seg::cju7aklv31h4309871m29l4e7
train,kvasir-seg::cju5jz5fff8c50871hbe6108f,3558e090c71a99bcc5bd2b45,2,6,kvasir-seg::cju7aklv31h4309871m29l4e7
train,kvasir-seg::cju5jz5fff8c50871hbe6108f,4f59faad230e7ab8eebb9f0c,3,6,kvasir-seg::cju7aklv31h4309871m29l4e7
train,kvasir-seg::cju5jz5fff8c50871hbe6108f,e4fbc2e3801e9cfd7b3c2fcc,4,6,kvasir-seg::cju7aklv31h4309871m29l4e7
train,kvasir-seg::cju5jz5fff8c50871hbe6108f,e6bdb58c3586884229f912ea,5,6,kvasir-seg::cju7aklv31h4309871m29l4e7
train,kvasir-seg::cju5jz5fff8c50871hbe6108f,783e62c0aa24c0f969b09d6e,6,6,kvasir-seg::cju7aklv31h4309871m29l4e7
train,kvasir-seg::cju5k503sfa5f0871lx0rpu5y,fad792b7d3f8a1bf7f34b9cf,0,6,kvasir-seg::cju7aklv31h4309871m29l4e7
train,kvasir-seg::cju5k503sfa5f0871lx0rpu5y,663388bd5ef253029d93e7d0,1,6,kvasir-seg::cju7aklv31h4309871m29l4e7
train,kvasir-seg::cju5k503sfa5f0871lx0rpu5y,5478509776ce48fac234a17d,2,6,kvasir-seg::cju7aklv31h4309871m29l4e7
train,kvasir-seg::cju5k503sfa5f0871lx0rpu5y,3a2dac8027313c9829921417,3,6,kvasir-seg::cju7aklv31h4309871m29l4e7
train,kvasir-seg::cju5k503sfa5f0871lx0rpu5y,d81f5240de462079ecfde00f,4,6,kvasir-seg::cju7aklv31h4309871m29l4e7
train,kvasir-seg::cju5k503sfa5f0871lx0rpu5y,1b09bdbb52ee656e23c11041,5,6,kvasir-seg::cju7aklv31h4309871m29l4e7
train,kvasir-seg::cju5k503sfa5f0871lx0rpu5y,8e4d78fa1ec2c9db70d6b118,6,6,kvasir-seg::cju7aklv31h4309871m29l4e7
train,kvasir-seg::cju5knbbqfipk080128cggukq,8765852c199cf235da650cbe,0,1,kvasir-seg::cju1c4fcu40hl07992b8gj0c8
train,kvasir-seg::cju5knbbqfipk080128cggukq,bb84bf9dec3d804f9e1b175a,1,1,kvasir-seg::cju1c4fcu40hl07992b8gj0c8
train,kvasir-seg::cju5knbbqfipk080128cggukq,b9e8029b9fffdde51a5a485e,2,1,kvasir-seg::cju1c4fcu40hl07992b8gj0c8
train,kvasir-seg::cju5knbbqfipk080128cggukq,9c69afe0b76339ce6ad75630,3,1,kvasir-seg::cju1c4fcu40hl07992b8gj0c8
train,kvasir-seg::cju5knbbqfipk080128cggukq,84956a1f3de17b8bc8002c4e,4,1,kvasir-seg::cju1c4fcu40hl07992b8gj0c8
train,kvasir-seg::cju5knbbqfipk080128cggukq,1a47365a9e91e4316a979fff,5,1,kvasir-seg::cju1c4fcu40hl07992b8gj0c8
train,kvasir-seg::cju5knbbqfipk080128cggukq,1efdf71f542b68b04519d9b8,6,1,kvasir-seg::cju1c4fcu40hl07992b8gj0c8
train,kvasir-seg::cju5ktjwofed70817eg58ef7u,cb5e9535903175b7ed6226e8,0,1,kvasir-seg::cju1c4fcu40hl07992b8gj0c8
train,kvasir-seg::cju5ktjwofed70817eg58ef7u,8a00c890806030227666f725,1,1,kvasir-seg::cju1c4fcu40hl07992b8gj0c8
train,kvasir-seg::cju5ktjwofed70817eg58ef7u,025923ee487c47d8dcf6b462,2,1,kvasir-seg::cju1c4fcu40hl07992b8gj0c8
train,kvasir-seg::cju5ktjwofed70817eg58ef7u,152ae193c676c5ac0c84dd0d,3,1,kvasir-seg::cju1c4fcu40hl07992b8gj0c8
train,kvasir-seg::cju5ktjwofed70817eg58ef7u,f1c68efdba3da610b9a0479f,4,1,kvasir-seg::cju1c4fcu40hl07992b8gj0c8
train,kvasir-seg::cju5ktjwofed70817eg58ef7u,cd5f266837ccb140fe6a6e8f,5,1,kvasir-seg::cju1c4fcu40hl07992b8gj0c8
train,kvasir-seg::cju5ktjwofed70817eg58ef7u,08bb5c5221865cdecbd32502,6,1,kvasir-seg::cju1c4fcu40hl07992b8gj0c8
train,kvasir-seg::cju5nxkujgscq0817l9gss626,fbe8e0cea296e11c848df3cd,0,1,kvasir-seg::cju1c4fcu40hl07992b8gj0c8
train,kvasir-seg::cju5nxkujgscq0817l9gss626,0eadd189061933a0d4cff0be,1,1,kvasir-seg::cju1c4fcu40hl07992b8gj0c8
train,kvasir-seg::cju5nxkujgscq0817l9gss626,fa81f6e0194373c35165559e,2,1,kvasir-seg::cju1c4fcu40hl07992b8gj0c8
train,kvasir-seg::cju5nxkujgscq0817l9gss626,69bfef252f87fb87d0d5219e,3,1,kvasir-seg::cju1c4fcu40hl07992b8gj0c8
train,kvasir-seg::cju5nxkujgscq0817l9gss626,ae37b9bff267c1770bb4a1fd,4,1,kvasir-seg::cju1c4fcu40hl07992b8gj0c8
train,kvasir-seg::cju5nxkujgscq0817l9gss626,f2004077f4a938ef8da68887,5,1,kvasir-seg::cju1c4fcu40hl07992b8gj0c8
train,kvasir-seg::cju5nxkujgscq0817l9gss626,b20a43a64a91b28f23775a29,6,1,kvasir-seg::cju1c4fcu40hl07992b8gj0c8
train,kvasir-seg::cju5nyu31gv8e0871zpk74a2n,724ad4175c157acbd95febf8,0,1,kvasir-seg::cju1c4fcu40hl07992b8gj0c8
train,kvasir-seg::cju5nyu31gv8e0871zpk74a2n,42b10cc3a5421fa1c096306b,1,1,kvasir-seg::cju1c4fcu40hl07992b8gj0c8
train,kvasir-seg::cju5nyu31gv8e0871zpk74a2n,f8811158a387a575ed122b7c,2,1,kvasir-seg::cju1c4fcu40hl07992b8gj0c8
train,kvasir-seg::cju5nyu31gv8e0871zpk74a2n,70cb8ba5d9181b605b48e48c,3,1,kvasir-seg::cju1c4fcu40hl07992b8gj0c8
train,kvasir-seg::cju5nyu31gv8e0871zpk74a2n,15710dd53bd3cfa0ecb07576,4,1,kvasir-seg::cju1c4fcu40hl07992b8gj0c8
train,kvasir-seg::cju5nyu31gv8e0871zpk74a2n,6af58d0e1af402c9b5e9f394,5,1,kvasir-seg::cju1c4fcu40hl07992b8gj0c8
train,kvasir-seg::cju5nyu31gv8e0871zpk74a2n,2adf9c261c0337de99a45340,6,1,kvasir-seg::cju1c4fcu40hl07992b8gj0c8
train,kvasir-seg::cju5o1vu9gz8a0818eyy92bns,aa92c88d6a66391375e07d1a,0,6,kvasir-seg::cju7aklv31h4309871m29l4e7
train,kvasir-seg::cju5o1vu9gz8a0818eyy92bns,9195722a70268d25765c68ec,1,6,kvasir-seg::cju7aklv31h4309871m29l4e7
train,kvasir-seg::cju5o1vu9gz8a0818eyy92bns,70997909eb90fdbc86c52c57,2,6,kvasir-seg::cju7aklv31h4309871m29l4e7
train,kvasir-seg::cju5o1vu9gz8a0818eyy92bns,ad1645d0a887c6dfb305415a,3,6,kvasir-seg::cju7aklv31h4309871m29l4e7
train,kvasir-seg::cju5o1vu9gz8a0818eyy92bns,67356d63e51f9870a62d622a,4,6,kvasir-seg::cju7aklv31h4309871m29l4e7
train,kvasir-seg::cju5o1vu9gz8a0818eyy92bns,e39d20605b02cc9d3ecd8808,5,6,kvasir-seg::cju7aklv31h4309871m29l4e7
train,kvasir-seg::cju5o1vu9gz8a0818eyy92bns,05f15cbd868feed66b791ff9,6,6,kvasir-seg::cju7aklv31h4309871m29l4e7
train,kvasir-seg::cju5o4pk9h0720755lgp9jq8m,474d40e9ca59dd6aa294b748,0,6,kvasir-seg::cju7aklv31h4309871m29l4e7
train,kvasir-seg::cju5o4pk9h0720755lgp9jq8m,298d76d3cead361391cab29c,1,6,kvasir-seg::cju7aklv31h4309871m29l4e7
train,kvasir-seg::cju5o4pk9h0720755lgp9jq8m,0c39d15022756897c8348211,2,6,kvasir-seg::cju7aklv31h4309871m29l4e7
train,kvasir-seg::cju5o4pk9h0720755lgp9jq8m,42cfe3740512622eb6f6cb4f,3,6,kvasir-seg::cju7aklv31h4309871m29l4e7
train,kvasir-seg::cju5o4pk9h0720755lgp9jq8m,31c8b6d1ef8291e3ea112e99,4,6,kvasir-seg::cju7aklv31h4309871m29l4e7
train,kvasir-seg::cju5o4pk9h0720755lgp9jq8m,a0ba08e0d2594d1fb69bb595,5,6,kvasir-seg::cju7aklv31h4309871m29l4e7
train,kvasir-seg::cju5o4pk9h0720755lgp9jq8m,80bd3d42f4e021d0d1d12660,6,6,kvasir-seg::cju7aklv31h4309871m29l4e7
train,kvasir-seg::cju5tgbzhjllu08174ca41eus,fabe36da93790c768ced60a6,0,1,kvasir-seg::cju1c4fcu40hl07992b8gj0c8
train,kvasir-seg::cju5tgbzhjllu08174ca41eus,6b172065c82b938efb8f8161,1,1,kvasir-seg::cju1c4fcu40hl07992b8gj0c8
train,kvasir-seg::cju5tgbzhjllu08174ca41eus,ffa9fe6c6518b9f21bb4b92a,2,1,kvasir-seg::cju1c4fcu40hl07992b8gj0c8
train,kvasir-seg::cju5tgbzhjllu08174ca41eus,2f43d71ebf10345ce0ab3338,3,1,kvasir-seg::cju1c4fcu40hl07992b8gj0c8
train,kvasir-seg::cju5tgbzhjllu08174ca41eus,372ad5bd09bf854703184a2c,4,1,kvasir-seg::cju1c4fcu40hl07992b8gj0c8
train,kvasir-seg::cju5tgbzhjllu08174ca41eus,20accf67bccafbddd42b8164,5,1,kvasir-seg::cju1c4fcu40hl07992b8gj0c8
train,kvasir-seg::cju5tgbzhjllu08174ca41eus,537caab642449d970f674a2b,6,1,kvasir-seg::cju1c4fcu40hl07992b8gj0c8
train,kvasir-seg::cju5thdbrjp1108715xdfx356,04acc9ae44fdcaec3d53cd9b,0,1,kvasir-seg::cju1c4fcu40hl07992b8gj0c8
train,kvasir-seg::cju5thdbrjp1108715xdfx356,89c83e56cf8e47e9a517b63d,1,1,kvasir-seg::cju1c4fcu40hl07992b8gj0c8
train,kvasir-seg::cju5thdbrjp1108715xdfx356,462094c419cce123f626081e,2,1,kvasir-seg::cju1c4fcu40hl07992b8gj0c8
train,kvasir-seg::cju5thdbrjp1108715xdfx356,ab8dc717a71a6d5d4511e261,3,1,kvasir-seg::cju1c4fcu40hl07992b8gj0c8
train,kvasir-seg::cju5thdbrjp1108715xdfx356,ddc7ef461f0e142b90da5655,4,1,kvasir-seg::cju1c4fcu40hl07992b8gj0c8
train,kvasir-seg::cju5thdbrjp1108715xdfx356,9aceb106dced5f0935e7c6fc,5,1,kvasir-seg::cju1c4fcu40hl07992b8gj0c8
train,kvasir-seg::cju5thdbrjp1108715xdfx356,4250475dccbae6b3a78baaed,6,1,kvasir-seg::cju1c4fcu40hl07992b8gj0c8
train,kvasir-seg::cju5u4pywk81x0817vn9pe14z,ab0605dbb43a81cfc049512c,0,1,kvasir-seg::cju1c4fcu40hl07992b8gj0c8
train,kvasir-seg::cju5u4pywk81x0817vn9pe14z,683b5c3f9cc5205a7061d6bb,1,1,kvasir-seg::cju1c4fcu40hl07992b8gj0c8
train,kvasir-seg::cju5u4pywk81x0817vn9pe14z,97f0e3352b14e263ca04ee9d,2,1,kvasir-seg::cju1c4fcu40hl07992b8gj0c8
train,kvasir-seg::cju5u4pywk81x0817vn9pe14z,c46f73217ee2ca567012fd54,3,1,kvasir-seg::cju1c4fcu40hl07992b8gj0c8
train,kvasir-seg::cju5u4pywk81x0817vn9pe14z,a7348d167c4198b501221e96,4,1,kvasir-seg::cju1c4fcu40hl07992b8gj0c8
train,kvasir-seg::cju5u4pywk81x0817vn9pe14z,f4230a81416517fc7d8a7bd5,5,1,kvasir-seg::cju1c4fcu40hl07992b8gj0c8
train,kvasir-seg::cju5u4pywk81x0817vn9pe14z,3f6a7066189fcfc4fcd6166d,6,1,kvasir-seg::cju1c4fcu40hl07992b8gj0c8
train,kvasir-seg::cju5udcufki0s09874ll1dbr5,2819ac300728a197ecf0bc95,0,6,kvasir-seg::cju7aklv31h4309871m29l4e7
train,kvasir-seg::cju5udcufki0s09874ll1dbr5,6b65e6cbeb4d688a7f9628e3,1,6,kvasir-seg::cju7aklv31h4309871m29l4e7
train,kvasir-seg::cju5udcufki0s09874ll1dbr5,b241e120b1b298852019627e,2,6,kvasir-seg::cju7aklv31h4309871m29l4e7
train,kvasir-seg::cju5udcufki0s09874ll1dbr5,e05791c525118972d51e1404,3,6,kvasir-seg::cju7aklv31h4309871m29l4e7
train,kvasir-seg::cju5udcufki0s09874ll1dbr5,9146d595ea284c7a146aef67,4,6,kvasir-seg::cju7aklv31h4309871m29l4e7
train,kvasir-seg::cju5udcufki0s09874ll1dbr5,25c42e33480771a22bbd0596,5,6,kvasir-seg::cju7aklv31h4309871m29l4e7
train,kvasir-seg::cju5udcufki0s09874ll1dbr5,d26d4ee68ba4ddba06cb6537,6,6,kvasir-seg::cju7aklv31h4309871m29l4e7
train,kvasir-seg::cju5ufn3skquf0818dhapnhba,fcc1bf8651869c2173734cab,0,1,kvasir-seg::cju1c4fcu40hl07992b8gj0c8
train,kvasir-seg::cju5ufn3skquf0818dhapnhba,f3f8341892444590f6e8a62c,1,1,kvasir-seg::cju1c4fcu40hl07992b8gj0c8
train,kvasir-seg::cju5ufn3skquf0818dhapnhba,61c86e37b3bb90d42d10ce19,2,1,kvasir-seg::cju1c4fcu40hl07992b8gj0c8
train,kvasir-seg::cju5ufn3skquf0818dhapnhba,db6fe248eb2393c699a00c5e,3,1,kvasir-seg::cju1c4fcu40hl07992b8gj0c8
train,kvasir-seg::cju5ufn3skquf0818dhapnhba,800ba41b64255c503bc742a5,4,1,kvasir-seg::cju1c4fcu40hl07992b8gj0c8
train,kvasir-seg::cju5ufn3skquf0818dhapnhba,aeb3ae5193b42a0fa9ca4712,5,1,kvasir-seg::cju1c4fcu40hl07992b8gj0c8
train,kvasir-seg::cju5ufn3skquf0818dhapnhba,076bc8489e1c4a01ce936592,6,1,kvasir-seg::cju1c4fcu40hl07992b8gj0c8
train,kvasir-seg::cju5uget8krjy0818kvywd0zu,ec004679b41501f61159fccf,0,7,kvasir-seg::cju8bj2ssrmlm0871gc2ug2rs
train,kvasir-seg::cju5uget8krjy0818kvywd0zu,16916b2af4122a9b02d6825a,1,7,kvasir-seg::cju8bj2ssrmlm0871gc2ug2rs
train,kvasir-seg::cju5uget8krjy0818kvywd0zu,6de8eba86d54e40f18c3e299,2,7,kvasir-seg::cju8bj2ssrmlm0871gc2ug2rs
train,kvasir-seg::cju5uget8krjy0818kvywd0zu,eb46aac2cb607d7099959082,3,7,kvasir-seg::cju8bj2ssrmlm0871gc2ug2rs
train,kvasir-seg::cju5uget8krjy0818kvywd0zu,03dd83a4613eb2f7bea24d92,4,7,kvasir-seg::cju8bj2ssrmlm0871gc2ug2rs
train,kvasir-seg::cju5uget8krjy0818kvywd0zu,c0881179c24e1421d188c46e,5,7,kvasir-seg::cju8bj2ssrmlm0871gc2ug2rs
train,kvasir-seg::cju5uget8krjy0818kvywd0zu,ad1588831f71764802b6d953,6,7,kvasir-seg::cju8bj2ssrmlm0871gc2ug2rs
train,kvasir-seg::cju5uhrdwkmsu0817ervv91l8,495cedba6968957b3d9cabea,0,1,kvasir-seg::cju1c4fcu40hl07992b8gj0c8
train,kvasir-seg::cju5uhrdwkmsu0817ervv91l8,a45d1918721d4bbabe065cb6,1,1,kvasir-seg::cju1c4fcu40hl07992b8gj0c8
train,kvasir-seg::cju5uhrdwkmsu0817ervv91l8,3aed67b79d2b01f8e0c41029,2,1,kvasir-seg::cju1c4fcu40hl07992b8gj0c8
train,kvasir-seg::cju5uhrdwkmsu0817ervv91l8,de10ad6ee96154c02d9edc54,3,1,kvasir-seg::cju1c4fcu40hl07992b8gj0c8
train,kvasir-seg::cju5uhrdwkmsu0817ervv91l8,dfb15c3ed00d12fb9cd5a3d5,4,1,kvasir-seg::cju1c4fcu40hl07992b8gj0c8
train,kvasir-seg::cju5uhrdwkmsu0817ervv91l8,cccb761d906f3bc221182562,5,1,kvasir-seg::cju1c4fcu40hl07992b8gj0c8
train,kvasir-seg::cju5uhrdwkmsu0817ervv91l8,20ed4181ea468c2b344c90c9,6,1,kvasir-seg::cju1c4fcu40hl07992b8gj0c8
train,kvasir-seg::cju5uxjnol2r509871qv2yeia,0ff747ed9def1b19dcd8f882,0,6,kvasir-seg::cju7aklv31h4309871m29l4e7
train,kvasir-seg::cju5uxjnol2r509871qv2yeia,205f6a195cae64959b000a2e,1,6,kvasir-seg::cju7aklv31h4309871m29l4e7
train,kvasir-seg::cju5uxjnol2r509871qv2yeia,addf04194abdd6f13f2652a0,2,6,kvasir-seg::cju7aklv31h4309871m29l4e7
train,kvasir-seg::cju5uxjnol2r509871qv2yeia,b788ef3393092137337b73e3,3,6,kvasir-seg::cju7aklv31h4309871m29l4e7
train,kvasir-seg::cju5uxjnol2r509871qv2yeia,dc6d91f87fec9b06095502f3,4,6,kvasir-seg::cju7aklv31h4309871m29l4e7
train,kvasir-seg::cju5uxjnol2r509871qv2yeia,fcaa619c9b17870fe68501ee,5,6,kvasir-seg::cju7aklv31h4309871m29l4e7
train,kvasir-seg::cju5uxjnol2r509871qv2yeia,c9076b763a86828bd3a016b8,6,6,kvasir-seg::cju7aklv31h4309871m29l4e7
train,kvasir-seg::cju5uzmaol56l0817flxh4w9p,9a7530441f77c790a851140a,0,3,kvasir-seg::cju34ymm8d6700799uop0cw33
train,kvasir-seg::cju5uzmaol56l0817flxh4w9p,7d8e56e716ba7883517b1ae3,1,3,kvasir-seg::cju34ymm8d6700799uop0cw33
train,kvasir-seg::cju5uzmaol56l0817flxh4w9p,dd718ebec821fc64bcf6d3e3,2,3,kvasir-seg::cju34ymm8d6700799uop0cw33
train,kvasir-seg::cju5uzmaol56l0817flxh4w9p,f22dd565d1495a45f7f3b044,3,3,kvasir-seg::cju34ymm8d6700799uop0cw33
train,kvasir-seg::cju5uzmaol56l0817flxh4w9p,466be5787ebeef2b9dde39fc,4,3,kvasir-seg::cju34ymm8d6700799uop0cw33
train,kvasir-seg::cju5uzmaol56l0817flxh4w9p,fcfbad2812f19840e01595b3,5,3,kvasir-seg::cju34ymm8d6700799uop0cw33
train,kvasir-seg::cju5uzmaol56l0817flxh4w9p,a21a1a0b9d1858ba058206d8,6,3,kvasir-seg::cju34ymm8d6700799uop0cw33
train,kvasir-seg::cju5v8pgplg6k0755rvi2t63h,37f154b91fca101156c4424f,0,6,kvasir-seg::cju7aklv31h4309871m29l4e7
train,kvasir-seg::cju5v8pgplg6k0755rvi2t63h,6c2a33534b7cf14a3393dfbc,1,6,kvasir-seg::cju7aklv31h4309871m29l4e7
train,kvasir-seg::cju5v8pgplg6k0755rvi2t63h,fbe985f3f044dc01d4ad09fc,2,6,kvasir-seg::cju7aklv31h4309871m29l4e7
train,kvasir-seg::cju5v8pgplg6k0755rvi2t63h,ef1810c068a80b4605ff0571,3,6,kvasir-seg::cju7aklv31h4309871m29l4e7
train,kvasir-seg::cju5v8pgplg6k0755rvi2t63h,3d8cf45dc99e17ab35e62d17,4,6,kvasir-seg::cju7aklv31h4309871m29l4e7
train,kvasir-seg::cju5v8pgplg6k0755rvi2t63h,899e8e938e784f0c35232f7d,5,6,kvasir-seg::cju7aklv31h4309871m29l4e7
train,kvasir-seg::cju5v8pgplg6k0755rvi2t63h,bcaf6f65442bd3ddf1fdd581,6,6,kvasir-seg::cju7aklv31h4309871m29l4e7
train,kvasir-seg::cju5vcmrqla7i0817x4sp4pqw,f7e77602a77b56b8311a2683,0,1,kvasir-seg::cju1c4fcu40hl07992b8gj0c8
train,kvasir-seg::cju5vcmrqla7i0817x4sp4pqw,2e5d3a513ad48648e09bf232,1,1,kvasir-seg::cju1c4fcu40hl07992b8gj0c8
train,kvasir-seg::cju5vcmrqla7i0817x4sp4pqw,41df3387edcbeacc018cf701,2,1,kvasir-seg::cju1c4fcu40hl07992b8gj0c8
train,kvasir-seg::cju5vcmrqla7i0817x4sp4pqw,8e836e66910951a90abd25e3,3,1,kvasir-seg::cju1c4fcu40hl07992b8gj0c8
train,kvasir-seg::cju5vcmrqla7i0817x4sp4pqw,b3ad6d79f90af3eb623e16ce,4,1,kvasir-seg::cju1c4fcu40hl07992b8gj0c8
train,kvasir-seg::cju5vcmrqla7i0817x4sp4pqw,d7fa8b06b13ef20f7ff2a9c7,5,1,kvasir-seg::cju1c4fcu40hl07992b8gj0c8
train,kvasir-seg::cju5vcmrqla7i0817x4sp4pqw,2835c62dfe5e97a6963ff889,6,1,kvasir-seg::cju1c4fcu40hl07992b8gj0c8
train,kvasir-seg::cju5vgawslbe30987ndeepc1b,39d73ec5ca907eca27fa9106,0,1,kvasir-seg::cju1c4fcu40hl07992b8gj0c8
train,kvasir-seg::cju5vgawslbe30987ndeepc1b,091d2b71bdf9a7293bff7a0a,1,1,kvasir-seg::cju1c4fcu40hl07992b8gj0c8
train,kvasir-seg::cju5vgawslbe30987ndeepc1b,0d84758ccaca8a395a5d589d,2,1,kvasir-seg::cju1c4fcu40hl07992b8gj0c8
train,kvasir-seg::cju5vgawslbe30987ndeepc1b,27ec804215fa396a8c6189b8,3,1,kvasir-seg::cju1c4fcu40hl07992b8gj0c8
train,kvasir-seg::cju5vgawslbe30987ndeepc1b,c726225dc3fc1ff8fbaec495,4,1,kvasir-seg::cju1c4fcu40hl07992b8gj0c8
train,kvasir-seg::cju5vgawslbe30987ndeepc1b,c45b05fa37d99a100e13438e,5,1,kvasir-seg::cju1c4fcu40hl07992b8gj0c8
train,kvasir-seg::cju5vgawslbe30987ndeepc1b,88254924397e46950cdd986b,6,1,kvasir-seg::cju1c4fcu40hl07992b8gj0c8
train,kvasir-seg::cju5vi4nxlc530817uoqm2m7a,950b0e52b31f89060a0d379e,0,6,kvasir-seg::cju7aklv31h4309871m29l4e7
train,kvasir-seg::cju5vi4nxlc530817uoqm2m7a,1a4636b08fb336f26b19046e,1,6,kvasir-seg::cju7aklv31h4309871m29l4e7
train,kvasir-seg::cju5vi4nxlc530817uoqm2m7a,b15a6c6c37c82d702e607540,2,6,kvasir-seg::cju7aklv31h4309871m29l4e7
train,kvasir-seg::cju5vi4nxlc530817uoqm2m7a,d27026dfb32287a5054d7355,3,6,kvasir-seg::cju7aklv31h4309871m29l4e7
train,kvasir-seg::cju5vi4nxlc530817uoqm2m7a,4ca05c3558a574d0059c6668,4,6,kvasir-seg::cju7aklv31h4309871m29l4e7
train,kvasir-seg::cju5vi4nxlc530817uoqm2m7a,14093a10f61a4f775d4134f2,5,6,kvasir-seg::cju7aklv31h4309871m29l4e7
train,kvasir-seg::cju5vi4nxlc530817uoqm2m7a,297f7cb21b3e65138bf3ad1c,6,6,kvasir-seg::cju7aklv31h4309871m29l4e7
train,kvasir-seg::cju5von04litr08718j8po40a,414d57a92b65ed82c152b74a,0,1,kvasir-seg::cju1c4fcu40hl07992b8gj0c8
train,kvasir-seg::cju5von04litr08718j8po40a,eadea2b7e1a47c8817e6740e,1,1,kvasir-seg::cju1c4fcu40hl07992b8gj0c8
train,kvasir-seg::cju5von04litr08718j8po40a,345acf10271f75959c066d03,2,1,kvasir-seg::cju1c4fcu40hl07992b8gj0c8
train,kvasir-seg::cju5von04litr08718j8po40a,4c7cd3b9d579643bca3f746c,3,1,kvasir-seg::cju1c4fcu40hl07992b8gj0c8
train,kvasir-seg::cju5von04litr08718j8po40a,56e8e9f455d8fb27ba8f7971,4,1,kvasir-seg::cju1c4fcu40hl07992b8gj0c8
train,kvasir-seg::cju5von04litr08718j8po40a,0bccb9b6b25d588f8ad910df,5,1,kvasir-seg::cju1c4fcu40hl07992b8gj0c8
train,kvasir-seg::cju5von04litr08718j8po40a,ce22e3b4adefa1210dc297a7,6,1,kvasir-seg::cju1c4fcu40hl07992b8gj0c8
train,kvasir-seg::cju5vwbr4lhqn0987a1pji0ux,bd5eb7c9b803d350135f2d52,0,1,kvasir-seg::cju1c4fcu40hl07992b8gj0c8
train,kvasir-seg::cju5vwbr4lhqn0987a1pji0ux,c8e72186efd0911a3867d375,1,1,kvasir-seg::cju1c4fcu40hl07992b8gj0c8
train,kvasir-seg::cju5vwbr4lhqn0987a1pji0ux,5f8c19ae676089c2e3c7930b,2,1,kvasir-seg::cju1c4fcu40hl07992b8gj0c8
train,kvasir-seg::cju5vwbr4lhqn0987a1pji0ux,a2c122eaeffa82a1af43d778,3,1,kvasir-seg::cju1c4fcu40hl07992b8gj0c8
train,kvasir-seg::cju5vwbr4lhqn0987a1pji0ux,2f35fa5d4d1c60bcdebee28a,4,1,kvasir-seg::cju1c4fcu40hl07992b8gj0c8
train,kvasir-seg::cju5vwbr4lhqn0987a1pji0ux,8dcc46710b8dd6d9875c45fe,5,1,kvasir-seg::cju1c4fcu40hl07992b8gj0c8
train,kvasir-seg::cju5vwbr4lhqn0987a1pji0ux,b1372ee603cb8d2ed39d1938,6,1,kvasir-seg::cju1c4fcu40hl07992b8gj0c8
train,kvasir-seg::cju5vxuc5loxw0818u8xgf45p,ea48b0711b9adcf0ba8c888c,0,1,kvasir-seg::cju1c4fcu40hl07992b8gj0c8
train,kvasir-seg::cju5vxuc5loxw0818u8xgf45p,88c1543aead1e41c088edcfa,1,1,kvasir-seg::cju1c4fcu40hl07992b8gj0c8
train,kvasir-seg::cju5vxuc5loxw0818u8xgf45p,bbd6d98611ff485f98f76026,2,1,kvasir-seg::cju1c4fcu40hl07992b8gj0c8
train,kvasir-seg::cju5vxuc5loxw0818u8xgf45p,fc20291e749b92f6dcff65bb,3,1,kvasir-seg::cju1c4fcu40hl07992b8gj0c8
train,kvasir-seg::cju5vxuc5loxw0818u8xgf45p,9da77da984488d37eb0de7d2,4,1,kvasir-seg::cju1c4fcu40hl07992b8gj0c8
train,kvasir-seg::cju5vxuc5loxw0818u8xgf45p,69cc3611edf5fceb4b16e352,5,1,kvasir-seg::cju1c4fcu40hl07992b8gj0c8
train,kvasir-seg::cju5vxuc5loxw0818u8xgf45p,248af3f0837d062957492929,6,1,kvasir-seg::cju1c4fcu40hl07992b8gj0c8
train,kvasir-seg::cju5vzjoslpj708186z2fusmz,34a82065f897c22eb0d95616,0,1,kvasir-seg::cju1c4fcu40hl07992b8gj0c8
train,kvasir-seg::cju5vzjoslpj708186z2fusmz,4e1a599bb44c7d7c037187ac,1,1,kvasir-seg::cju1c4fcu40hl07992b8gj0c8
train,kvasir-seg::cju5vzjoslpj708186z2fusmz,2135c502d54f585c10f9774a,2,1,kvasir-seg::cju1c4fcu40hl07992b8gj0c8
train,kvasir-seg::cju5vzjoslpj708186z2fusmz,2aba3d6ac787883f4a98a3e2,3,1,kvasir-seg::cju1c4fcu40hl07992b8gj0c8
train,kvasir-seg::cju5vzjoslpj708186z2fusmz,1c58d80be143b3ace6d5af42,4,1,kvasir-seg::cju1c4fcu40hl07992b8gj0c8
train,kvasir-seg::cju5vzjoslpj708186z2fusmz,46c6b390587ef2f1e9b9470c,5,1,kvasir-seg::cju1c4fcu40hl07992b8gj0c8
train,kvasir-seg::cju5vzjoslpj708186z2fusmz,fdc7963f275df3c157b9b230,6,1,kvasir-seg::cju1c4fcu40hl07992b8gj0c8
train,kvasir-seg::cju5w7xn0lrkq0801f9k0htgx,6b033acfeb62a35d798e9320,0,6,kvasir-seg::cju7aklv31h4309871m29l4e7
train,kvasir-seg::cju5w7xn0lrkq0801f9k0htgx,b99dcba6b587889b0a1c037d,1,6,kvasir-seg::cju7aklv31h4309871m29l4e7
train,kvasir-seg::cju5w7xn0lrkq0801f9k0htgx,e794fc281e0bd8cfd8d59239,2,6,kvasir-seg::cju7aklv31h4309871m29l4e7
train,kvasir-seg::cju5w7xn0lrkq0801f9k0htgx,58e0d03e91b19d5890924d81,3,6,kvasir-seg::cju7aklv31h4309871m29l4e7
train,kvasir-seg::cju5w7xn0lrkq0801f9k0htgx,1b2cc77fa019166df7098d33,4,6,kvasir-seg::cju7aklv31h4309871m29l4e7
train,kvasir-seg::cju5w7xn0lrkq0801f9k0htgx,227cd07087130fde5c055aa2,5,6,kvasir-seg::cju7aklv31h4309871m29l4e7
train,kvasir-seg::cju5w7xn0lrkq0801f9k0htgx,3752ac6c51f8ffee78ca086c,6,6,kvasir-seg::cju7aklv31h4309871m29l4e7
train,kvasir-seg::cju5waeduln160817w0agirve,0f877fdc073cf794eb62c0d4,0,1,kvasir-seg::cju1c4fcu40hl07992b8gj0c8
train,kvasir-seg::cju5waeduln160817w0agirve,345e24b575e60b862001fba8,1,1,kvasir-seg::cju1c4fcu40hl07992b8gj0c8
train,kvasir-seg::cju5waeduln160817w0agirve,760124d5e3aeed3ce2b20534,2,1,kvasir-seg::cju1c4fcu40hl07992b8gj0c8
train,kvasir-seg::cju5waeduln160817w0agirve,6b3855de2831378a388da727,3,1,kvasir-seg::cju1c4fcu40hl07992b8gj0c8
train,kvasir-seg::cju5waeduln160817w0agirve,3f4ddd31ed17aaa00ff32b52,4,1,kvasir-seg::cju1c4fcu40hl07992b8gj0c8
train,kvasir-seg::cju5waeduln160817w0agirve,122bd69b86cc8d9fe5522a86,5,1,kvasir-seg::cju1c4fcu40hl07992b8gj0c8
train,kvasir-seg::cju5waeduln160817w0agirve,8007735ff90a69d8019a1337,6,1,kvasir-seg::cju1c4fcu40hl07992b8gj0c8
train,kvasir-seg::cju5wi6bqlxy90755bu227nvb,cfc5fba64764cae6cdd4e5f9,0,1,kvasir-seg::cju1c4fcu40hl07992b8gj0c8
train,kvasir-seg::cju5wi6bqlxy90755bu227nvb,d32d0a862028199a478c35cd,1,1,kvasir-seg::cju1c4fcu40hl07992b8gj0c8
train,kvasir-seg::cju5wi6bqlxy90755bu227nvb,5d8424f2b3c8f11d503be42a,2,1,kvasir-seg::cju1c4fcu40hl07992b8gj0c8
train,kvasir-seg::cju5wi6bqlxy90755bu227nvb,0d1d1cb6cc52715e5316a585,3,1,kvasir-seg::cju1c4fcu40hl07992b8gj0c8
train,kvasir-seg::cju5wi6bqlxy90755bu227nvb,174196019ba440becad3e2cd,4,1,kvasir-seg::cju1c4fcu40hl07992b8gj0c8
train,kvasir-seg::cju5wi6bqlxy90755bu227nvb,a3ff6ac0b839466d2688f71f,5,1,kvasir-seg::cju1c4fcu40hl07992b8gj0c8
train,kvasir-seg::cju5wi6bqlxy90755bu227nvb,3ba6f5229cbec96f45a7f912,6,1,kvasir-seg::cju1c4fcu40hl07992b8gj0c8
train,kvasir-seg::cju5wj0faly5008187n6530af,a669259d883eaaa2500e23b2,0,3,kvasir-seg::cju34ymm8d6700799uop0cw33
train,kvasir-seg::cju5wj0faly5008187n6530af,51b1291fd0f9a6169743781d,1,3,kvasir-seg::cju34ymm8d6700799uop0cw33
train,kvasir-seg::cju5wj0faly5008187n6530af,aeb95c158f6bae5567e9a26a,2,3,kvasir-seg::cju34ymm8d6700799uop0cw33
train,kvasir-seg::cju5wj0faly5008187n6530af,3773453b9c85e1d9d0da8b29,3,3,kvasir-seg::cju34ymm8d6700799uop0cw33
train,kvasir-seg::cju5wj0faly5008187n6530af,474a1b9c888dd52269377365,4,3,kvasir-seg::cju34ymm8d6700799uop0cw33
train,kvasir-seg::cju5wj0faly5008187n6530af,6853a4670e7b85acd352b9e1,5,3,kvasir-seg::cju34ymm8d6700799uop0cw33
train,kvasir-seg::cju5wj0faly5008187n6530af,15370ed22061d26a93c03423,6,3,kvasir-seg::cju34ymm8d6700799uop0cw33
train,kvasir-seg::cju5wkonqlrl409877y8zvnub,9dd32acda1dbbe93470c3891,0,6,kvasir-seg::cju7aklv31h4309871m29l4e7
train,kvasir-seg::cju5wkonqlrl409877y8zvnub,215c3d463d34497894078773,1,6,kvasir-seg::cju7aklv31h4309871m29l4e7
train,kvasir-seg::cju5wkonqlrl409877y8zvnub,2e6db27b8e81559fb2d3b0c5,2,6,kvasir-seg::cju7aklv31h4309871m29l4e7
train,kvasir-seg::cju5wkonqlrl409877y8zvnub,74855eb651010e2c209c16e5,3,6,kvasir-seg::cju7aklv31h4309871m29l4e7
train,kvasir-seg::cju5wkonqlrl409877y8zvnub,6c23ffb97cf319e9e0b5f7cb,4,6,kvasir-seg::cju7aklv31h4309871m29l4e7
train,kvasir-seg::cju5wkonqlrl409877y8zvnub,428eebf3d3f69595d193d121,5,6,kvasir-seg::cju7aklv31h4309871m29l4e7
train,kvasir-seg::cju5wkonqlrl409877y8zvnub,316bffa6458d20c814341407,6,6,kvasir-seg::cju7aklv31h4309871m29l4e7
train,kvasir-seg::cju5wmvsdlx1j0871npgj8j4b,884e50c63c84a0dbeb33673f,0,1,kvasir-seg::cju1c4fcu40hl07992b8gj0c8
train,kvasir-seg::cju5wmvsdlx1j0871npgj8j4b,d40ad65a6d84d2eaff376370,1,1,kvasir-seg::cju1c4fcu40hl07992b8gj0c8
train,kvasir-seg::cju5wmvsdlx1j0871npgj8j4b,59e73cbf821d796d3fff3400,2,1,kvasir-seg::cju1c4fcu40hl07992b8gj0c8
train,kvasir-seg::cju5wmvsdlx1j0871npgj8j4b,a9fc7ece63cd2a3c32e1495e,3,1,kvasir-seg::cju1c4fcu40hl07992b8gj0c8
train,kvasir-seg::cju5wmvsdlx1j0871npgj8j4b,2f38e570e1102b30e24ccde2,4,1,kvasir-seg::cju1c4fcu40hl07992b8gj0c8
train,kvasir-seg::cju5wmvsdlx1j0871npgj8j4b,e42650a74d5e846d13ad8b19,5,1,kvasir-seg::cju1c4fcu40hl07992b8gj0c8
train,kvasir-seg::cju5wmvsdlx1j0871npgj8j4b,819e7da8ff1ea999cfea7901,6,1,kvasir-seg::cju1c4fcu40hl07992b8gj0c8
train,kvasir-seg::cju5woy82m07m08505dmjg7g1,b08e988e297d39a176c982e5,0,6,kvasir-seg::cju7aklv31h4309871m29l4e7
train,kvasir-seg::cju5woy82m07m08505dmjg7g1,b2b2b96d8f1a741e70f74222,1,6,kvasir-seg::cju7aklv31h4309871m29l4e7
train,kvasir-seg::cju5woy82m07m08505dmjg7g1,e57e5c4202827a52a6279ef4,2,6,kvasir-seg::cju7aklv31h4309871m29l4e7
train,kvasir-seg::cju5woy82m07m08505dmjg7g1,7f44188d3cb9d58fd453ac56,3,6,kvasir-seg::cju7aklv31h4309871m29l4e7
train,kvasir-seg::cju5woy82m07m08505dmjg7g1,ec11feb813d27b3bd098d13f,4,6,kvasir-seg::cju7aklv31h4309871m29l4e7
train,kvasir-seg::cju5woy82m07m08505dmjg7g1,fba02a6695a0d8243586b3eb,5,6,kvasir-seg::cju7aklv31h4309871m29l4e7
train,kvasir-seg::cju5woy82m07m08505dmjg7g1,02db025553a902498b5e96fa,6,6,kvasir-seg::cju7aklv31h4309871m29l4e7
train,kvasir-seg::cju5wphwwlu3m0987hh3ltg88,f3eaeaa77856ce9df7739e47,0,7,kvasir-seg::cju8bj2ssrmlm0871gc2ug2rs
train,kvasir-seg::cju5wphwwlu3m0987hh3ltg88,aa1ee3ff98a3bc67ffaa4e59,1,7,kvasir-seg::cju8bj2ssrmlm0871gc2ug2rs
train,kvasir-seg::cju5wphwwlu3m0987hh3ltg88,eea6cee33520d1b709580e24,2,7,kvasir-seg::cju8bj2ssrmlm0871gc2ug2rs
train,kvasir-seg::cju5wphwwlu3m0987hh3ltg88,1e555326b09b52f47aa55437,3,7,kvasir-seg::cju8bj2ssrmlm0871gc2ug2rs
train,kvasir-seg::cju5wphwwlu3m0987hh3ltg88,a8199a247bf0d9936874472c,4,7,kvasir-seg::cju8bj2ssrmlm0871gc2ug2rs
train,kvasir-seg::cju5wphwwlu3m0987hh3ltg88,e1aec21f8cf1ae850abaf699,5,7,kvasir-seg::cju8bj2ssrmlm0871gc2ug2rs
train,kvasir-seg::cju5wphwwlu3m0987hh3ltg88,4ca9e6cb4a5ed4c04c39d097,6,7,kvasir-seg::cju8bj2ssrmlm0871gc2ug2rs
train,kvasir-seg::cju5wrapcm2290818jsh26ppb,b994bc7484560958fc863ab2,0,6,kvasir-seg::cju7aklv31h4309871m29l4e7
train,kvasir-seg::cju5wrapcm2290818jsh26ppb,232e21f60eca43ebb416cdde,1,6,kvasir-seg::cju7aklv31h4309871m29l4e7
train,kvasir-seg::cju5wrapcm2290818jsh26ppb,8cadd501d4fd71302eae22a8,2,6,kvasir-seg::cju7aklv31h4309871m29l4e7
train,kvasir-seg::cju5wrapcm2290818jsh26ppb,39dc7ed9cf512008d60450e3,3,6,kvasir-seg::cju7aklv31h4309871m29l4e7
train,kvasir-seg::cju5wrapcm2290818jsh26ppb,af2616f8a97c1b46e275a03e,4,6,kvasir-seg::cju7aklv31h4309871m29l4e7
train,kvasir-seg::cju5wrapcm2290818jsh26ppb,eab996a0c4b16f29cbccde0a,5,6,kvasir-seg::cju7aklv31h4309871m29l4e7
train,kvasir-seg::cju5wrapcm2290818jsh26ppb,5d5a80af8d43a49a0cfc4af7,6,6,kvasir-seg::cju7aklv31h4309871m29l4e7
train,kvasir-seg::cju5wtdu4m0im0871mix0yvc0,ed9b0c81022e64c7b7d32659,0,2,kvasir-seg::cju2pmhtr17a00855cvpelzb0
train,kvasir-seg::cju5wtdu4m0im0871mix0yvc0,1d0df759bcfe826b5a08bbcf,1,2,kvasir-seg::cju2pmhtr17a00855cvpelzb0
train,kvasir-seg::cju5wtdu4m0im0871mix0yvc0,889a47bb603dc768fff75a70,2,2,kvasir-seg::cju2pmhtr17a00855cvpelzb0
train,kvasir-seg::cju5wtdu4m0im0871mix0yvc0,a297b1e4f5538f4d55fbdf87,3,2,kvasir-seg::cju2pmhtr17a00855cvpelzb0
train,kvasir-seg::cju5wtdu4m0im0871mix0yvc0,a785aedeb8e430d49e9ea425,4,2,kvasir-seg::cju2pmhtr17a00855cvpelzb0
train,kvasir-seg::cju5wtdu4m0im0871mix0yvc0,7f9f9eef28475cfe68c3b25a,5,2,kvasir-seg::cju2pmhtr17a00855cvpelzb0
train,kvasir-seg::cju5wtdu4m0im0871mix0yvc0,0e5eae02fb48a73ac2f239e2,6,2,kvasir-seg::cju2pmhtr17a00855cvpelzb0
train,kvasir-seg::cju5wuhm1lwm40987vugqn3vv,3db670f65b4d9713ed910035,0,1,kvasir-seg::cju1c4fcu40hl07992b8gj0c8
train,kvasir-seg::cju5wuhm1lwm40987vugqn3vv,f4706b52481c713e42a31fd7,1,1,kvasir-seg::cju1c4fcu40hl07992b8gj0c8
train,kvasir-seg::cju5wuhm1lwm40987vugqn3vv,3b57ffbcf564134eddc80104,2,1,kvasir-seg::cju1c4fcu40hl07992b8gj0c8
train,kvasir-seg::cju5wuhm1lwm40987vugqn3vv,62b3de6afd6a0af506e1889d,3,1,kvasir-seg::cju1c4fcu40hl07992b8gj0c8
train,kvasir-seg::cju5wuhm1lwm40987vugqn3vv,71d253142c9abc032207ef88,4,1,kvasir-seg::cju1c4fcu40hl07992b8gj0c8
train,kvasir-seg::cju5wuhm1lwm40987vugqn3vv,8a814d378dc8b19501a10c20,5,1,kvasir-seg::cju1c4fcu40hl07992b8gj0c8
train,kvasir-seg::cju5wuhm1lwm40987vugqn3vv,bb91725815ef4a4aec2bdf1b,6,1,kvasir-seg::cju1c4fcu40hl07992b8gj0c8
train,kvasir-seg::cju5x00l6m5j608503k78ptee,7b135f19f4d514cf1a1762a3,0,1,kvasir-seg::cju1c4fcu40hl07992b8gj0c8
train,kvasir-seg::cju5x00l6m5j608503k78ptee,545078ef02e26873af2517cf,1,1,kvasir-seg::cju1c4fcu40hl07992b8gj0c8
train,kvasir-seg::cju5x00l6m5j608503k78ptee,997d69f6157b747082c6f351,2,1,kvasir-seg::cju1c4fcu40hl07992b8gj0c8
train,kvasir-seg::cju5x00l6m5j608503k78ptee,b7393d138a020f057a66f7a9,3,1,kvasir-seg::cju1c4fcu40hl07992b8gj0c8
train,kvasir-seg::cju5x00l6m5j608503k78ptee,df13d285c19d35721c67ad31,4,1,kvasir-seg::cju1c4fcu40hl07992b8gj0c8
train,kvasir-seg::cju5x00l6m5j608503k78ptee,c279136b9b81c1bfb6ca2472,5,1,kvasir-seg::cju1c4fcu40hl07992b8gj0c8
train,kvasir-seg::cju5x00l6m5j608503k78ptee,b2345681413476c3b931c21c,6,1,kvasir-seg::cju1c4fcu40hl07992b8gj0c8
train,kvasir-seg::cju5x15djm7ae0755h8czf6nt,eaf3e7571607e19bd887c857,0,6,kvasir-seg::cju7aklv31h4309871m29l4e7
train,kvasir-seg::cju5x15djm7ae0755h8czf6nt,6f05b4c08e48e10fd2724b80,1,6,kvasir-seg::cju7aklv31h4309871m29l4e7
train,kvasir-seg::cju5x15djm7ae0755h8czf6nt,0550956d0897f80cf4e391a0,2,6,kvasir-seg::cju7aklv31h4309871m29l4e7
train,kvasir-seg::cju5x15djm7ae0755h8czf6nt,c15b2df9bbb16c26e272cad3,3,6,kvasir-seg::cju7aklv31h4309871m29l4e7
train,kvasir-seg::cju5x15djm7ae0755h8czf6nt,f9f93e15eccd8901f237dadb,4,6,kvasir-seg::cju7aklv31h4309871m29l4e7
train,kvasir-seg::cju5x15djm7ae0755h8czf6nt,e1ae128673425d9aa711d146,5,6,kvasir-seg::cju7aklv31h4309871m29l4e7
train,kvasir-seg::cju5x15djm7ae0755h8czf6nt,848ae4082aaef1ddfd269201,6,6,kvasir-seg::cju7aklv31h4309871m29l4e7
train,kvasir-seg::cju5x28nzm7t907558ocq4bt7,588ef4282163b91086ecd26d,0,6,kvasir-seg::cju7aklv31h4309871m29l4e7
train,kvasir-seg::cju5x28nzm7t907558ocq4bt7,969b63e9d518693e4846ca2b,1,6,kvasir-seg::cju7aklv31h4309871m29l4e7
train,kvasir-seg::cju5x28nzm7t907558ocq4bt7,0fa78515aa989ee64a524ccc,2,6,kvasir-seg::cju7aklv31h4309871m29l4e7
train,kvasir-seg::cju5x28nzm7t907558ocq4bt7,95678b22f66d4890c82de8b3,3,6,kvasir-seg::cju7aklv31h4309871m29l4e7
train,kvasir-seg::cju5x28nzm7t907558ocq4bt7,2407f060e4a40a6e00b32acb,4,6,kvasir-seg::cju7aklv31h4309871m29l4e7
train,kvasir-seg::cju5x28nzm7t907558ocq4bt7,b97062f4222687c7b9d56744,5,6,kvasir-seg::cju7aklv31h4309871m29l4e7
train,kvasir-seg::cju5x28nzm7t907558ocq4bt7,a2125f24a53f9879e6aab0a1,6,6,kvasir-seg::cju7aklv31h4309871m29l4e7
train,kvasir-seg::cju5xjn5mm78b09871spyqhhr,1baf5b1a3797daef520b307c,0,6,kvasir-seg::cju7aklv31h4309871m29l4e7
train,kvasir-seg::cju5xjn5mm78b09871spyqhhr,4973b7fcac7e133cf825a809,1,6,kvasir-seg::cju7aklv31h4309871m29l4e7
train,kvasir-seg::cju5xjn5mm78b09871spyqhhr,139803a4d1be654f547f0303,2,6,kvasir-seg::cju7aklv31h4309871m29l4e7
train,kvasir-seg::cju5xjn5mm78b09871spyqhhr,9087787901b0570de90758f0,3,6,kvasir-seg::cju7aklv31h4309871m29l4e7
train,kvasir-seg::cju5xjn5mm78b09871spyqhhr,ba0796d3cb405cfe2cf3e138,4,6,kvasir-seg::cju7aklv31h4309871m29l4e7
train,kvasir-seg::cju5xjn5mm78b09871spyqhhr,555fcb7bcb630228d3462148,5,6,kvasir-seg::cju7aklv31h4309871m29l4e7
train,kvasir-seg::cju5xjn5mm78b09871spyqhhr,bc26c9206a4475adb323a9cb,6,6,kvasir-seg::cju7aklv31h4309871m29l4e7
train,kvasir-seg::cju5xkwzxmf0z0818gk4xabdm,98f131ec13c04c01ff827460,0,1,kvasir-seg::cju1c4fcu40hl07992b8gj0c8
train,kvasir-seg::cju5xkwzxmf0z0818gk4xabdm,3af047a2a55f83f3881e6852,1,1,kvasir-seg::cju1c4fcu40hl07992b8gj0c8
train,kvasir-seg::cju5xkwzxmf0z0818gk4xabdm,bfe65c5fb0387fd9acecd3eb,2,1,kvasir-seg::cju1c4fcu40hl07992b8gj0c8
train,kvasir-seg::cju5xkwzxmf0z0818gk4xabdm,4c40ac5af73e2e465293d4b1,3,1,kvasir-seg::cju1c4fcu40hl07992b8gj0c8
train,kvasir-seg::cju5xkwzxmf0z0818gk4xabdm,1d4e03caf03865eaa403fe69,4,1,kvasir-seg::cju1c4fcu40hl07992b8gj0c8
train,kvasir-seg::cju5xkwzxmf0z0818gk4xabdm,52d0250fb929107034c874dc,5,1,kvasir-seg::cju1c4fcu40hl07992b8gj0c8
train,kvasir-seg::cju5xkwzxmf0z0818gk4xabdm,0a8378da513dc958632142a0,6,1,kvasir-seg::cju1c4fcu40hl07992b8gj0c8
train,kvasir-seg::cju5xneamme2p0801qdf7fdwv,1cbd5d1aea71331e35dbe7e1,0,6,kvasir-seg::cju7aklv31h4309871m29l4e7
train,kvasir-seg::cju5xneamme2p0801qdf7fdwv,f31f11823aeb908e81858233,1,6,kvasir-seg::cju7aklv31h4309871m29l4e7
train,kvasir-seg::cju5xneamme2p0801qdf7fdwv,347e87ace17ee7da6fc64a6e,2,6,kvasir-seg::cju7aklv31h4309871m29l4e7
train,kvasir-seg::cju5xneamme2p0801qdf7fdwv,5417f817a940148c1cf9bf9e,3,6,kvasir-seg::cju7aklv31h4309871m29l4e7
train,kvasir-seg::cju5xneamme2p0801qdf7fdwv,98c66542fb051ad15c255be8,4,6,kvasir-seg::cju7aklv31h4309871m29l4e7
train,kvasir-seg::cju5xneamme2p0801qdf7fdwv,8fca07c245268e5df6eff60f,5,6,kvasir-seg::cju7aklv31h4309871m29l4e7
train,kvasir-seg::cju5xneamme2p0801qdf7fdwv,c5653fbc31cfef54fee60c1d,6,6,kvasir-seg::cju7aklv31h4309871m29l4e7
train,kvasir-seg::cju5xopi0md7q0871r1sjc1av,c75fbb7da38176a8b9536fa3,0,6,kvasir-seg::cju7aklv31h4309871m29l4e7
train,kvasir-seg::cju5xopi0md7q0871r1sjc1av,7fd544315554ca1815f7923d,1,2,kvasir-seg::cju2pmhtr17a00855cvpelzb0
train,kvasir-seg::cju5xopi0md7q0871r1sjc1av,555455a30ea510700fbdf155,2,6,kvasir-seg::cju7aklv31h4309871m29l4e7
train,kvasir-seg::cju5xopi0md7q0871r1sjc1av,89abe23b0a4f55b528fc283d,3,6,kvasir-seg::cju7aklv31h4309871m29l4e7
train,kvasir-seg::cju5xopi0md7q0871r1sjc1av,a4b8f10c10b0d80b3ea1390d,4,6,kvasir-seg::cju7aklv31h4309871m29l4e7
train,kvasir-seg::cju5xopi0md7q0871r1sjc1av,248c968ea1a47d543daf9d13,5,6,kvasir-seg::cju7aklv31h4309871m29l4e7
train,kvasir-seg::cju5xopi0md7q0871r1sjc1av,f20f8147165b0cf5bd1d83cb,6,6,kvasir-seg::cju7aklv31h4309871m29l4e7
train,kvasir-seg::cju5xq3tdm9fn0987pbedxdg5,26cbcebb3b4e28820305c5bc,0,1,kvasir-seg::cju1c4fcu40hl07992b8gj0c8
train,kvasir-seg::cju5xq3tdm9fn0987pbedxdg5,6fb2c49c8a733b9ea69a17f0,1,1,kvasir-seg::cju1c4fcu40hl07992b8gj0c8
train,kvasir-seg::cju5xq3tdm9fn0987pbedxdg5,394d8e5e789d4569ba8151b4,2,1,kvasir-seg::cju1c4fcu40hl07992b8gj0c8
train,kvasir-seg::cju5xq3tdm9fn0987pbedxdg5,fa6c26d9b28cb4c1c0dc20bf,3,1,kvasir-seg::cju1c4fcu40hl07992b8gj0c8
train,kvasir-seg::cju5xq3tdm9fn0987pbedxdg5,b06ca9fcb3a35d20fd597987,4,1,kvasir-seg::cju1c4fcu40hl07992b8gj0c8
train,kvasir-seg::cju5xq3tdm9fn0987pbedxdg5,e976da69a8b67bbd12312fa6,5,1,kvasir-seg::cju1c4fcu40hl07992b8gj0c8
train,kvasir-seg::cju5xq3tdm9fn0987pbedxdg5,9741c138ca65a72a503caec1,6,1,kvasir-seg::cju1c4fcu40hl07992b8gj0c8
train,kvasir-seg::cju5y4hgqmk0i08180rjhbwvp,0e56209e8f2309e107d6d0e9,0,6,kvasir-seg::cju7aklv31h4309871m29l4e7
train,kvasir-seg::cju5y4hgqmk0i08180rjhbwvp,99b7d86b8ed4a95264e30659,1,6,kvasir-seg::cju7aklv31h4309871m29l4e7
train,kvasir-seg::cju5y4hgqmk0i08180rjhbwvp,c08ede74ec93a136e635ce30,2,6,kvasir-seg::cju7aklv31h4309871m29l4e7
train,kvasir-seg::cju5y4hgqmk0i08180rjhbwvp,1bb1b5ae8bdb5df5af54c5d1,3,6,kvasir-seg::cju7aklv31h4309871m29l4e7
train,kvasir-seg::cju5y4hgqmk0i08180rjhbwvp,c2acb26b614225bc9f70c53d,4,6,kvasir-seg::cju7aklv31h4309871m29l4e7
train,kvasir-seg::cju5y4hgqmk0i08180rjhbwvp,d6978f6840278e16c4980a88,5,6,kvasir-seg::cju7aklv31h4309871m29l4e7
train,kvasir-seg::cju5y4hgqmk0i08180rjhbwvp,35474bd97cfcb2c4cddc82ce,6,6,kvasir-seg::cju7aklv31h4309871m29l4e7
train,kvasir-seg::cju5y7buemcw80987p0r30g9f,45e38fce9feed2cea9b01038,0,6,kvasir-seg::cju7aklv31h4309871m29l4e7
train,kvasir-seg::cju5y7buemcw80987p0r30g9f,cbc71fa5bee79871e63f4a24,1,6,kvasir-seg::cju7aklv31h4309871m29l4e7
train,kvasir-seg::cju5y7buemcw80987p0r30g9f,d38aee047cb5999c91ef0627,2,6,kvasir-seg::cju7aklv31h4309871m29l4e7
train,kvasir-seg::cju5y7buemcw80987p0r30g9f,fbc36441fa2157f9fd1cd69c,3,6,kvasir-seg::cju7aklv31h4309871m29l4e7
train,kvasir-seg::cju5y7buemcw80987p0r30g9f,2aabda08cdabbd1de9654bbb,4,6,kvasir-seg::cju7aklv31h4309871m29l4e7
train,kvasir-seg::cju5y7buemcw80987p0r30g9f,4f4575df461e94367ab2f78b,5,6,kvasir-seg::cju7aklv31h4309871m29l4e7
train,kvasir-seg::cju5y7buemcw80987p0r30g9f,c48fa5fc329156fbb755777a,6,6,kvasir-seg::cju7aklv31h4309871m29l4e7
train,kvasir-seg::cju5y84q3mdv50817eyp82xf3,902e1c5c7bd47388f879df28,0,5,kvasir-seg::cju5cu8qkb84x08186jwo8yin
train,kvasir-seg::cju5y84q3mdv50817eyp82xf3,9c9b19373f26060ec443fc38,1,5,kvasir-seg::cju5cu8qkb84x08186jwo8yin
train,kvasir-seg::cju5y84q3mdv50817eyp82xf3,2854153e827127ba506b49c2,2,5,kvasir-seg::cju5cu8qkb84x08186jwo8yin
train,kvasir-seg::cju5y84q3mdv50817eyp82xf3,42da9427b2174408723c5765,3,5,kvasir-seg::cju5cu8qkb84x08186jwo8yin
train,kvasir-seg::cju5y84q3mdv50817eyp82xf3,20529a235910729beea866ce,4,5,kvasir-seg::cju5cu8qkb84x08186jwo8yin
train,kvasir-seg::cju5y84q3mdv50817eyp82xf3,3aa3121d6c20dab12f0151b6,5,5,kvasir-seg::cju5cu8qkb84x08186jwo8yin
train,kvasir-seg::cju5y84q3mdv50817eyp82xf3,76663933a6d0c649ff566324,6,5,kvasir-seg::cju5cu8qkb84x08186jwo8yin
train,kvasir-seg::cju5yeqiwmkgl0801fzv2douc,c65385e78a0c639f0da7f13f,0,1,kvasir-seg::cju1c4fcu40hl07992b8gj0c8
train,kvasir-seg::cju5yeqiwmkgl0801fzv2douc,b4fc1e8f1b762418ae33a510,1,1,kvasir-seg::cju1c4fcu40hl07992b8gj0c8
train,kvasir-seg::cju5yeqiwmkgl0801fzv2douc,0c343481b069b92bca6d421d,2,1,kvasir-seg::cju1c4fcu40hl07992b8gj0c8
train,kvasir-seg::cju5yeqiwmkgl0801fzv2douc,9bc2b03d2ede9f83b4bf1b3d,3,1,kvasir-seg::cju1c4fcu40hl07992b8gj0c8
train,kvasir-seg::cju5yeqiwmkgl0801fzv2douc,295c51ea6631a47cb6c373db,4,1,kvasir-seg::cju1c4fcu40hl07992b8gj0c8
train,kvasir-seg::cju5yeqiwmkgl0801fzv2douc,edb147718dcdcf8fc539bd6e,5,1,kvasir-seg::cju1c4fcu40hl07992b8gj0c8
train,kvasir-seg::cju5yeqiwmkgl0801fzv2douc,287e18b2fedbee34050886c7,6,1,kvasir-seg::cju1c4fcu40hl07992b8gj0c8
train,kvasir-seg::cju5ygh1zmmdi0755uod5e17i,8ce120f99ad915209301d3a8,0,1,kvasir-seg::cju1c4fcu40hl07992b8gj0c8
train,kvasir-seg::cju5ygh1zmmdi0755uod5e17i,d30ddb519ebb0ce0f34ef16d,1,1,kvasir-seg::cju1c4fcu40hl07992b8gj0c8
train,kvasir-seg::cju5ygh1zmmdi0755uod5e17i,8be5bee2c373ae771d4d6bf6,2,1,kvasir-seg::cju1c4fcu40hl07992b8gj0c8
train,kvasir-seg::cju5ygh1zmmdi0755uod5e17i,a567281f14253f9803323b1e,3,1,kvasir-seg::cju1c4fcu40hl07992b8gj0c8
train,kvasir-seg::cju5ygh1zmmdi0755uod5e17i,aaa20feb4adb4ee63d6667cc,4,1,kvasir-seg::cju1c4fcu40hl07992b8gj0c8
train,kvasir-seg::cju5ygh1zmmdi0755uod5e17i,d32aa9e9ec66534863a6020d,5,1,kvasir-seg::cju1c4fcu40hl07992b8gj0c8
train,kvasir-seg::cju5ygh1zmmdi0755uod5e17i,5facd35aca994b9a999310b0,6,1,kvasir-seg::cju1c4fcu40hl07992b8gj0c8
train,kvasir-seg::cju5yhgznmkzb0801cji2vi8j,9c3cfa2b609a4c3e40bd34f8,0,1,kvasir-seg::cju1c4fcu40hl07992b8gj0c8
train,kvasir-seg::cju5yhgznmkzb0801cji2vi8j,53505377408062a8d6501f88,1,1,kvasir-seg::cju1c4fcu40hl07992b8gj0c8
train,kvasir-seg::cju5yhgznmkzb0801cji2vi8j,4b1b762186dab54c3ea8af1d,2,1,kvasir-seg::cju1c4fcu40hl07992b8gj0c8
train,kvasir-seg::cju5yhgznmkzb0801cji2vi8j,12a5a9b733008d54947774a8,3,1,kvasir-seg::cju1c4fcu40hl07992b8gj0c8
train,kvasir-seg::cju5yhgznmkzb0801cji2vi8j,37e36788b1460446e8d2856d,4,1,kvasir-seg::cju1c4fcu40hl07992b8gj0c8
train,kvasir-seg::cju5yhgznmkzb0801cji2vi8j,733a1c041a41a794aa13668c,5,1,kvasir-seg::cju1c4fcu40hl07992b8gj0c8
train,kvasir-seg::cju5yhgznmkzb0801cji2vi8j,1a4ea0f75a246d4b665c0368,6,1,kvasir-seg::cju1c4fcu40hl07992b8gj0c8
train,kvasir-seg::cju5yjq1pmlgc0801z0t24bly,e8f914337ed72464de5a6186,0,1,kvasir-seg::cju1c4fcu40hl07992b8gj0c8
train,kvasir-seg::cju5yjq1pmlgc0801z0t24bly,e7e1e4ed5a801be37f4356b9,1,1,kvasir-seg::cju1c4fcu40hl07992b8gj0c8
train,kvasir-seg::cju5yjq1pmlgc0801z0t24bly,aa162b9df6a6574306045ad4,2,1,kvasir-seg::cju1c4fcu40hl07992b8gj0c8
train,kvasir-seg::cju5yjq1pmlgc0801z0t24bly,b6489e3127ddfb6bac4d6842,3,1,kvasir-seg::cju1c4fcu40hl07992b8gj0c8
train,kvasir-seg::cju5yjq1pmlgc0801z0t24bly,b3740fad35ed558e2e2b38d9,4,1,kvasir-seg::cju1c4fcu40hl07992b8gj0c8
train,kvasir-seg::cju5yjq1pmlgc0801z0t24bly,d9e10b018bbb5b5c79cf6b51,5,1,kvasir-seg::cju1c4fcu40hl07992b8gj0c8
train,kvasir-seg::cju5yjq1pmlgc0801z0t24bly,1103d7467830e00a4bf17f91,6,1,kvasir-seg::cju1c4fcu40hl07992b8gj0c8
train,kvasir-seg::cju5ymyd8mmdc0801ry3by1xr,1d10cebc9b50737512ea5124,0,1,kvasir-seg::cju1c4fcu40hl07992b8gj0c8
train,kvasir-seg::cju5ymyd8mmdc0801ry3by1xr,cc7324c196cc5120264b84d1,1,1,kvasir-seg::cju1c4fcu40hl07992b8gj0c8
train,kvasir-seg::cju5ymyd8mmdc0801ry3by1xr,534dd2185d9cf5c250b68f38,2,1,kvasir-seg::cju1c4fcu40hl07992b8gj0c8
train,kvasir-seg::cju5ymyd8mmdc0801ry3by1xr,f73bfb145712f0c6725aeb22,3,1,kvasir-seg::cju1c4fcu40hl07992b8gj0c8
train,kvasir-seg::cju5ymyd8mmdc0801ry3by1xr,c22c5571b05f200688d15fdd,4,1,kvasir-seg::cju1c4fcu40hl07992b8gj0c8
train,kvasir-seg::cju5ymyd8mmdc0801ry3by1xr,402f1539149059e0b5306bdd,5,1,kvasir-seg::cju1c4fcu40hl07992b8gj0c8
train,kvasir-seg::cju5ymyd8mmdc0801ry3by1xr,0d8e638268685bdecd31e730,6,1,kvasir-seg::cju1c4fcu40hl07992b8gj0c8
train,kvasir-seg::cju6ur9l9v9jq0755paud9uka,ab00e12c9379cd31f3695984,0,7,kvasir-seg::cju8bj2ssrmlm0871gc2ug2rs
train,kvasir-seg::cju6ur9l9v9jq0755paud9uka,f8a47733cd105b35932c4283,1,7,kvasir-seg::cju8bj2ssrmlm0871gc2ug2rs
train,kvasir-seg::cju6ur9l9v9jq0755paud9uka,2cc6834116afb42342d1887e,2,7,kvasir-seg::cju8bj2ssrmlm0871gc2ug2rs
train,kvasir-seg::cju6ur9l9v9jq0755paud9uka,c895a9ef0279a84aacb79118,3,7,kvasir-seg::cju8bj2ssrmlm0871gc2ug2rs
train,kvasir-seg::cju6ur9l9v9jq0755paud9uka,7d8777916e6213e16735b037,4,7,kvasir-seg::cju8bj2ssrmlm0871gc2ug2rs
train,kvasir-seg::cju6ur9l9v9jq0755paud9uka,35532bc6994197eb132c8a2e,5,7,kvasir-seg::cju8bj2ssrmlm0871gc2ug2rs
train,kvasir-seg::cju6ur9l9v9jq0755paud9uka,722b07b6081c7f7ffffb6516,6,7,kvasir-seg::cju8bj2ssrmlm0871gc2ug2rs
train,kvasir-seg::cju6us80mv1b50871ebyq2wxa,d0149c315a9f44606cc8341a,0,7,kvasir-seg::cju8bj2ssrmlm0871gc2ug2rs
train,kvasir-seg::cju6us80mv1b50871ebyq2wxa,acf2f082edfb56100394526e,1,7,kvasir-seg::cju8bj2ssrmlm0871gc2ug2rs
train,kvasir-seg::cju6us80mv1b50871ebyq2wxa,63b90a643a91775ac48fb2f1,2,7,kvasir-seg::cju8bj2ssrmlm0871gc2ug2rs
train,kvasir-seg::cju6us80mv1b50871ebyq2wxa,cbc244e85f457acb94e586d0,3,7,kvasir-seg::cju8bj2ssrmlm0871gc2ug2rs
train,kvasir-seg::cju6us80mv1b50871ebyq2wxa,7c3ae1786e938ecccf41086e,4,7,kvasir-seg::cju8bj2ssrmlm0871gc2ug2rs
train,kvasir-seg::cju6us80mv1b50871ebyq2wxa,cbdc693918cef7b484ea8cd8,5,7,kvasir-seg::cju8bj2ssrmlm0871gc2ug2rs
train,kvasir-seg::cju6us80mv1b50871ebyq2wxa,64878a34b8a01524d79d39f2,6,7,kvasir-seg::cju8bj2ssrmlm0871gc2ug2rs
train,kvasir-seg::cju6ut4l8va6y0755tyw3vfqq,cb48b9ff313aaace09e20479,0,3,kvasir-seg::cju34ymm8d6700799uop0cw33
train,kvasir-seg::cju6ut4l8va6y0755tyw3vfqq,73c43d03cdb8c6809bac3312,1,3,kvasir-seg::cju34ymm8d6700799uop0cw33
train,kvasir-seg::cju6ut4l8va6y0755tyw3vfqq,20bdc056373aae33b5598988,2,3,kvasir-seg::cju34ymm8d6700799uop0cw33
train,kvasir-seg::cju6ut4l8va6y0755tyw3vfqq,3542a576f23c5b88ba3dafa1,3,3,kvasir-seg::cju34ymm8d6700799uop0cw33
train,kvasir-seg::cju6ut4l8va6y0755tyw3vfqq,081ca28771bfe867009d9e74,4,3,kvasir-seg::cju34ymm8d6700799uop0cw33
train,kvasir-seg::cju6ut4l8va6y0755tyw3vfqq,757510bd208c278e63c9545c,5,3,kvasir-seg::cju34ymm8d6700799uop0cw33
train,kvasir-seg::cju6ut4l8va6y0755tyw3vfqq,d07be4fe7b7d1a3a92a4d642,6,3,kvasir-seg::cju34ymm8d6700799uop0cw33
train,kvasir-seg::cju6v1m1xv07w09870ah3njy1,8da24634bc676e26365af85d,0,2,kvasir-seg::cju2pmhtr17a00855cvpelzb0
train,kvasir-seg::cju6v1m1xv07w09870ah3njy1,2896ae1c7fc7f9d8605de789,1,2,kvasir-seg::cju2pmhtr17a00855cvpelzb0
train,kvasir-seg::cju6v1m1xv07w09870ah3njy1,1a71e528b2f272113adbf76a,2,2,kvasir-seg::cju2pmhtr17a00855cvpelzb0
train,kvasir-seg::cju6v1m1xv07w09870ah3njy1,02964d9e670f1ce273d94325,3,2,kvasir-seg::cju2pmhtr17a00855cvpelzb0
train,kvasir-seg::cju6v1m1xv07w09870ah3njy1,7350f575c7e0f8f2bb5761c7,4,2,kvasir-seg::cju2pmhtr17a00855cvpelzb0
train,kvasir-seg::cju6v1m1xv07w09870ah3njy1,7f58752ed433faa6911795b3,5,2,kvasir-seg::cju2pmhtr17a00855cvpelzb0
train,kvasir-seg::cju6v1m1xv07w09870ah3njy1,d180e2bf3aa1cf8092f5d66f,6,2,kvasir-seg::cju2pmhtr17a00855cvpelzb0
train,kvasir-seg::cju6v3bb2v7xo085090blubyw,8369f08ee8c1f0ce67b24377,0,1,kvasir-seg::cju1c4fcu40hl07992b8gj0c8
train,kvasir-seg::cju6v3bb2v7xo085090blubyw,b18d83b1686376ddf3d5c24d,1,1,kvasir-seg::cju1c4fcu40hl07992b8gj0c8
train,kvasir-seg::cju6v3bb2v7xo085090blubyw,3fb9094b7ca0b064c7ee6815,2,1,kvasir-seg::cju1c4fcu40hl07992b8gj0c8
train,kvasir-seg::cju6v3bb2v7xo085090blubyw,6d1a4e67bbfe291480a8efef,3,1,kvasir-seg::cju1c4fcu40hl07992b8gj0c8
train,kvasir-seg::cju6v3bb2v7xo085090blubyw,a4cd88308911037a2bcab4d1,4,1,kvasir-seg::cju1c4fcu40hl07992b8gj0c8
train,kvasir-seg::cju6v3bb2v7xo085090blubyw,ec95f54ba829cc17e5952a8e,5,1,kvasir-seg::cju1c4fcu40hl07992b8gj0c8
train,kvasir-seg::cju6v3bb2v7xo085090blubyw,8a23a41346252af018b7f644,6,1,kvasir-seg::cju1c4fcu40hl07992b8gj0c8
train,kvasir-seg::cju6v4szov55u0871qmqz3v8n,88ecc71e06bfdb28c1d7ac4a,0,1,kvasir-seg::cju1c4fcu40hl07992b8gj0c8
train,kvasir-seg::cju6v4szov55u0871qmqz3v8n,e67b3fda66d5bcc426d287e9,1,1,kvasir-seg::cju1c4fcu40hl07992b8gj0c8
train,kvasir-seg::cju6v4szov55u0871qmqz3v8n,819ed09717272c7abf56c175,2,1,kvasir-seg::cju1c4fcu40hl07992b8gj0c8
train,kvasir-seg::cju6v4szov55u0871qmqz3v8n,1debb3c8b47ef994f6ce50ff,3,1,kvasir-seg::cju1c4fcu40hl07992b8gj0c8
train,kvasir-seg::cju6v4szov55u0871qmqz3v8n,445437ec25e04cfd31f20531,4,1,kvasir-seg::cju1c4fcu40hl07992b8gj0c8
train,kvasir-seg::cju6v4szov55u0871qmqz3v8n,e94673f6773c98f7acedaa28,5,1,kvasir-seg::cju1c4fcu40hl07992b8gj0c8
train,kvasir-seg::cju6v4szov55u0871qmqz3v8n,0cdd426a5ec4b030d74d6cd6,6,1,kvasir-seg::cju1c4fcu40hl07992b8gj0c8
train,kvasir-seg::cju6v6g6kvdw007552x6mb0po,f0c123ca31247009a370d954,0,6,kvasir-seg::cju7aklv31h4309871m29l4e7
train,kvasir-seg::cju6v6g6kvdw007552x6mb0po,19c1739a12a04a1bd71a9e1a,1,6,kvasir-seg::cju7aklv31h4309871m29l4e7
train,kvasir-seg::cju6v6g6kvdw007552x6mb0po,3b142a8328a8384d4854ed4f,2,6,kvasir-seg::cju7aklv31h4309871m29l4e7
train,kvasir-seg::cju6v6g6kvdw007552x6mb0po,24baa5dca713cdfcbf26ebb0,3,6,kvasir-seg::cju7aklv31h4309871m29l4e7
train,kvasir-seg::cju6v6g6kvdw007552x6mb0po,a93221791f3217818f123df6,4,6,kvasir-seg::cju7aklv31h4309871m29l4e7
train,kvasir-seg::cju6v6g6kvdw007552x6mb0po,1c3f576c74443ab27edd2c5f,5,6,kvasir-seg::cju7aklv31h4309871m29l4e7
train,kvasir-seg::cju6v6g6kvdw007552x6mb0po,6e4b8e5398c569399b634bbb,6,6,kvasir-seg::cju7aklv31h4309871m29l4e7
train,kvasir-seg::cju6vrs1ov8cr098788h8gs6j,a71da3ff37c6c40cde837074,0,6,kvasir-seg::cju7aklv31h4309871m29l4e7
train,kvasir-seg::cju6vrs1ov8cr098788h8gs6j,dcfaab87a6aac78feb30e5ac,1,6,kvasir-seg::cju7aklv31h4309871m29l4e7
train,kvasir-seg::cju6vrs1ov8cr098788h8gs6j,414182e96d7f27946f3525dd,2,6,kvasir-seg::cju7aklv31h4309871m29l4e7
train,kvasir-seg::cju6vrs1ov8cr098788h8gs6j,57b3c8b1c0074ce5212f2709,3,6,kvasir-seg::cju7aklv31h4309871m29l4e7
train,kvasir-seg::cju6vrs1ov8cr098788h8gs6j,3e8a3fc8a102d93511af5c42,4,6,kvasir-seg::cju7aklv31h4309871m29l4e7
train,kvasir-seg::cju6vrs1ov8cr098788h8gs6j,a0c540da4bab9d6eb905751d,5,6,kvasir-seg::cju7aklv31h4309871m29l4e7
train,kvasir-seg::cju6vrs1ov8cr098788h8gs6j,38fee2783a4a6778503ebc68,6,6,kvasir-seg::cju7aklv31h4309871m29l4e7
train,kvasir-seg::cju6vta3kvazg0817qbeppjtm,dbfc8ae302a050a8038dea8e,0,1,kvasir-seg::cju1c4fcu40hl07992b8gj0c8
train,kvasir-seg::cju6vta3kvazg0817qbeppjtm,552693f6da70a69ab2780dbb,1,1,kvasir-seg::cju1c4fcu40hl07992b8gj0c8
train,kvasir-seg::cju6vta3kvazg0817qbeppjtm,a747d92e42955b084c1a231a,2,1,kvasir-seg::cju1c4fcu40hl07992b8gj0c8
train,kvasir-seg::cju6vta3kvazg0817qbeppjtm,8fe7208b5c48e1edf75ef93a,3,1,kvasir-seg::cju1c4fcu40hl07992b8gj0c8
train,kvasir-seg::cju6vta3kvazg0817qbeppjtm,0cffdfb255c458c94afbfcc6,4,1,kvasir-seg::cju1c4fcu40hl07992b8gj0c8
train,kvasir-seg::cju6vta3kvazg0817qbeppjtm,cf7d856015604008cefbd961,5,1,kvasir-seg::cju1c4fcu40hl07992b8gj0c8
train,kvasir-seg::cju6vta3kvazg0817qbeppjtm,d56d0fd84487037db9d3608f,6,1,kvasir-seg::cju1c4fcu40hl07992b8gj0c8
train,kvasir-seg::cju6vucxvvlda0755j7msqnya,379f3c34324f41c8325d90f6,0,3,kvasir-seg::cju34ymm8d6700799uop0cw33
train,kvasir-seg::cju6vucxvvlda0755j7msqnya,82955af2c59279bbcafbeff6,1,3,kvasir-seg::cju34ymm8d6700799uop0cw33
train,kvasir-seg::cju6vucxvvlda0755j7msqnya,ab782627342b03aa2e310c0b,2,3,kvasir-seg::cju34ymm8d6700799uop0cw33
train,kvasir-seg::cju6vucxvvlda0755j7msqnya,fa25e2ba6eedb3d93cc6e449,3,3,kvasir-seg::cju34ymm8d6700799uop0cw33
train,kvasir-seg::cju6vucxvvlda0755j7msqnya,c3e4d8abe0122295253e8f57,4,3,kvasir-seg::cju34ymm8d6700799uop0cw33
train,kvasir-seg::cju6vucxvvlda0755j7msqnya,eccbc91d9b99e92f8d60ae6f,5,3,kvasir-seg::cju34ymm8d6700799uop0cw33
train,kvasir-seg::cju6vucxvvlda0755j7msqnya,233a3a77bcc4e746655e9734,6,3,kvasir-seg::cju34ymm8d6700799uop0cw33
train,kvasir-seg::cju6vvb8svhed0801jjcquh5e,544869f99756b64283277762,0,1,kvasir-seg::cju1c4fcu40hl07992b8gj0c8
train,kvasir-seg::cju6vvb8svhed0801jjcquh5e,3ac942207a80351be16eb89b,1,1,kvasir-seg::cju1c4fcu40hl07992b8gj0c8
train,kvasir-seg::cju6vvb8svhed0801jjcquh5e,8b022f182ea7af72881db23e,2,1,kvasir-seg::cju1c4fcu40hl07992b8gj0c8
train,kvasir-seg::cju6vvb8svhed0801jjcquh5e,3031ac23258f5ac3aaec95e7,3,1,kvasir-seg::cju1c4fcu40hl07992b8gj0c8
train,kvasir-seg::cju6vvb8svhed0801jjcquh5e,d3c4af889e3ad010edac300b,4,1,kvasir-seg::cju1c4fcu40hl07992b8gj0c8
train,kvasir-seg::cju6vvb8svhed0801jjcquh5e,fb640cac42f74fb0966db3af,5,1,kvasir-seg::cju1c4fcu40hl07992b8gj0c8
train,kvasir-seg::cju6vvb8svhed0801jjcquh5e,5a31bd1d1aa0c64250f4614e,6,1,kvasir-seg::cju1c4fcu40hl07992b8gj0c8
train,kvasir-seg::cju6vvxsev9y30987kespucdg,cae808f43ff2a9e86fa7f76c,0,6,kvasir-seg::cju7aklv31h4309871m29l4e7
train,kvasir-seg::cju6vvxsev9y30987kespucdg,3e7dce4f37b7694bcfc1356c,1,6,kvasir-seg::cju7aklv31h4309871m29l4e7
train,kvasir-seg::cju6vvxsev9y30987kespucdg,df4aa00f0fcf81bcdc61ae47,2,6,kvasir-seg::cju7aklv31h4309871m29l4e7
train,kvasir-seg::cju6vvxsev9y30987kespucdg,63292feb669366aef5949881,3,6,kvasir-seg::cju7aklv31h4309871m29l4e7
train,kvasir-seg::cju6vvxsev9y30987kespucdg,36d35a90fcfa8cf4fbb816d5,4,6,kvasir-seg::cju7aklv31h4309871m29l4e7
train,kvasir-seg::cju6vvxsev9y30987kespucdg,12c6d98a8ce0dc83f2cc317f,5,6,kvasir-seg::cju7aklv31h4309871m29l4e7
train,kvasir-seg::cju6vvxsev9y30987kespucdg,dca1112cb84a999b0cbd3780,6,6,kvasir-seg::cju7aklv31h4309871m29l4e7
train,kvasir-seg::cju6w733bveoz0817e600tw72,061bb841b211e5c899143cf5,0,6,kvasir-seg::cju7aklv31h4309871m29l4e7
train,kvasir-seg::cju6w733bveoz0817e600tw72,b6d190375aee204884bb56e0,1,6,kvasir-seg::cju7aklv31h4309871m29l4e7
train,kvasir-seg::cju6w733bveoz0817e600tw72,af6908ea8085f9a088ce8485,2,6,kvasir-seg::cju7aklv31h4309871m29l4e7
train,kvasir-seg::cju6w733bveoz0817e600tw72,bf5dcf86728bc50b387a1359,3,6,kvasir-seg::cju7aklv31h4309871m29l4e7
train,kvasir-seg::cju6w733bveoz0817e600tw72,c096f8090f47b8c79a8b1710,4,6,kvasir-seg::cju7aklv31h4309871m29l4e7
train,kvasir-seg::cju6w733bveoz0817e600tw72,a7ad0995d6858baef0f28071,5,6,kvasir-seg::cju7aklv31h4309871m29l4e7
train,kvasir-seg::cju6w733bveoz0817e600tw72,0803237448f74a61678ff5ab,6,6,kvasir-seg::cju7aklv31h4309871m29l4e7
train,kvasir-seg::cju6wjm81vgsc0987enk9n3pr,198e300104d4dfa80d01a0b6,0,6,kvasir-seg::cju7aklv31h4309871m29l4e7
train,kvasir-seg::cju6wjm81vgsc0987enk9n3pr,928e6613176f24ab82f8b3ed,1,6,kvasir-seg::cju7aklv31h4309871m29l4e7
train,kvasir-seg::cju6wjm81vgsc0987enk9n3pr,abe3ddc116d1dd54ea72fed5,2,6,kvasir-seg::cju7aklv31h4309871m29l4e7
train,kvasir-seg::cju6wjm81vgsc0987enk9n3pr,442f409099372f80fe497c62,3,6,kvasir-seg::cju7aklv31h4309871m29l4e7
train,kvasir-seg::cju6wjm81vgsc0987enk9n3pr,9f07ea05a59e8ac4e0644f24,4,6,kvasir-seg::cju7aklv31h4309871m29l4e7
train,kvasir-seg::cju6wjm81vgsc0987enk9n3pr,eb83ba55ff34c11ac9681ac3,5,6,kvasir-seg::cju7aklv31h4309871m29l4e7
train,kvasir-seg::cju6wjm81vgsc0987enk9n3pr,88f58e774908a2b10ba08f22,6,6,kvasir-seg::cju7aklv31h4309871m29l4e7
train,kvasir-seg::cju6wll7wvo3y08502pagos8m,7748d78d77c34d8ee90a7e7c,0,6,kvasir-seg::cju7aklv31h4309871m29l4e7
train,kvasir-seg::cju6wll7wvo3y08502pagos8m,1b53569f467bd7b3414d72e5,1,6,kvasir-seg::cju7aklv31h4309871m29l4e7
train,kvasir-seg::cju6wll7wvo3y08502pagos8m,b789a3ea3de1df92214f32bb,2,6,kvasir-seg::cju7aklv31h4309871m29l4e7
train,kvasir-seg::cju6wll7wvo3y08502pagos8m,ad106810e6c8a771725f0d5b,3,6,kvasir-seg::cju7aklv31h4309871m29l4e7
train,kvasir-seg::cju6wll7wvo3y08502pagos8m,51287d31323f1e193c93da8c,4,6,kvasir-seg::cju7aklv31h4309871m29l4e7
train,kvasir-seg::cju6wll7wvo3y08502pagos8m,9f556d23d899abade26aeddc,5,6,kvasir-seg::cju7aklv31h4309871m29l4e7
train,kvasir-seg::cju6wll7wvo3y08502pagos8m,5957748ea11ace7456567ff7,6,6,kvasir-seg::cju7aklv31h4309871m29l4e7
train,kvasir-seg::cju6wn57mvooj0850rp78hhy7,6bf8372cdd896a31aa805419,0,1,kvasir-seg::cju1c4fcu40hl07992b8gj0c8
train,kvasir-seg::cju6wn57mvooj0850rp78hhy7,e9e28f4c5a1892e5f47438e1,1,1,kvasir-seg::cju1c4fcu40hl07992b8gj0c8
train,kvasir-seg::cju6wn57mvooj0850rp78hhy7,e51e12910ecc5d886c05efb3,2,1,kvasir-seg::cju1c4fcu40hl07992b8gj0c8
train,kvasir-seg::cju6wn57mvooj0850rp78hhy7,a34db98e5f5b8a419212534f,3,1,kvasir-seg::cju1c4fcu40hl07992b8gj0c8
train,kvasir-seg::cju6wn57mvooj0850rp78hhy7,1b9e48d1782b1d60c1bc3760,4,1,kvasir-seg::cju1c4fcu40hl07992b8gj0c8
train,kvasir-seg::cju6wn57mvooj0850rp78hhy7,6c8ec990737129420222c166,5,1,kvasir-seg::cju1c4fcu40hl07992b8gj0c8
train,kvasir-seg::cju6wn57mvooj0850rp78hhy7,eb30cd88bc004733fecd88a2,6,1,kvasir-seg::cju1c4fcu40hl07992b8gj0c8
train,kvasir-seg::cju6wt9jvvn500871hjn3t3g0,fb0ec27be49b07dc001781b4,0,6,kvasir-seg::cju7aklv31h4309871m29l4e7
train,kvasir-seg::cju6wt9jvvn500871hjn3t3g0,c20b10484a98b7482f9b0dbc,1,6,kvasir-seg::cju7aklv31h4309871m29l4e7
train,kvasir-seg::cju6wt9jvvn500871hjn3t3g0,dac66e55218e1463f40acb1e,2,6,kvasir-seg::cju7aklv31h4309871m29l4e7
train,kvasir-seg::cju6wt9jvvn500871hjn3t3g0,a72b95aa3349c80b0af6dc29,3,6,kvasir-seg::cju7aklv31h4309871m29l4e7
train,kvasir-seg::cju6wt9jvvn500871hjn3t3g0,cadc81ada6ab5d4e408e9b34,4,6,kvasir-seg::cju7aklv31h4309871m29l4e7
train,kvasir-seg::cju6wt9jvvn500871hjn3t3g0,6e304734a9f44450bb38de3e,5,6,kvasir-seg::cju7aklv31h4309871m29l4e7
train,kvasir-seg::cju6wt9jvvn500871hjn3t3g0,26df11f86af6b0c08c8d1e9d,6,6,kvasir-seg::cju7aklv31h4309871m29l4e7
train,kvasir-seg::cju6x0yqbvxqt0755dhxislgb,8ec9b818ec4083d093ec48f1,0,6,kvasir-seg::cju7aklv31h4309871m29l4e7
train,kvasir-seg::cju6x0yqbvxqt0755dhxislgb,b0ad949fa4806cec9735677d,1,6,kvasir-seg::cju7aklv31h4309871m29l4e7
train,kvasir-seg::cju6x0yqbvxqt0755dhxislgb,e24f6ece527267b950854279,2,6,kvasir-seg::cju7aklv31h4309871m29l4e7
train,kvasir-seg::cju6x0yqbvxqt0755dhxislgb,508b18afebd14be71bc6d541,3,6,kvasir-seg::cju7aklv31h4309871m29l4e7
train,kvasir-seg::cju6x0yqbvxqt0755dhxislgb,4f86e33424868f59e556ad9a,4,6,kvasir-seg::cju7aklv31h4309871m29l4e7
train,kvasir-seg::cju6x0yqbvxqt0755dhxislgb,ae1a6a075367634678f67e10,5,6,kvasir-seg::cju7aklv31h4309871m29l4e7
train,kvasir-seg::cju6x0yqbvxqt0755dhxislgb,6bd85e4c61ebb3b552291a12,6,6,kvasir-seg::cju7aklv31h4309871m29l4e7
train,kvasir-seg::cju6x4t13vyw60755gtcf9ndu,eb765fc2637ab8fc84e91e51,0,6,kvasir-seg::cju7aklv31h4309871m29l4e7
train,kvasir-seg::cju6x4t13vyw60755gtcf9ndu,18cdc86c17749768b5b07b0c,1,6,kvasir-seg::cju7aklv31h4309871m29l4e7
train,kvasir-seg::cju6x4t13vyw60755gtcf9ndu,8f387a4e8014410d44ba4fbf,2,6,kvasir-seg::cju7aklv31h4309871m29l4e7
train,kvasir-seg::cju6x4t13vyw60755gtcf9ndu,a1dc49feb2e49516136a0306,3,6,kvasir-seg::cju7aklv31h4309871m29l4e7
train,kvasir-seg::cju6x4t13vyw60755gtcf9ndu,4a375ba473f2f8ad9c03e4d8,4,6,kvasir-seg::cju7aklv31h4309871m29l4e7
train,kvasir-seg::cju6x4t13vyw60755gtcf9ndu,52b4d12d73c62c9d7cc37a8d,5,6,kvasir-seg::cju7aklv31h4309871m29l4e7
train,kvasir-seg::cju6x4t13vyw60755gtcf9ndu,dfcff5ffd86c2dbb19961ad6,6,6,kvasir-seg::cju7aklv31h4309871m29l4e7
train,kvasir-seg::cju6xa0qmvzun0818xjukgncj,396b0ad59e2ef5219f19393f,0,1,kvasir-seg::cju1c4fcu40hl07992b8gj0c8
train,kvasir-seg::cju6xa0qmvzun0818xjukgncj,81990e7ad4f8a041c4b55d92,1,1,kvasir-seg::cju1c4fcu40hl07992b8gj0c8
train,kvasir-seg::cju6xa0qmvzun0818xjukgncj,e2fede301cc25cf6cc0d5192,2,1,kvasir-seg::cju1c4fcu40hl07992b8gj0c8
train,kvasir-seg::cju6xa0qmvzun0818xjukgncj,dc7fc13eaa00c811cfcbbb10,3,1,kvasir-seg::cju1c4fcu40hl07992b8gj0c8
train,kvasir-seg::cju6xa0qmvzun0818xjukgncj,29baee6dae2f95e34e859c58,4,1,kvasir-seg::cju1c4fcu40hl07992b8gj0c8
train,kvasir-seg::cju6xa0qmvzun0818xjukgncj,9b20d7d8f1291503c79e3428,5,1,kvasir-seg::cju1c4fcu40hl07992b8gj0c8
train,kvasir-seg::cju6xa0qmvzun0818xjukgncj,b024cfc544135addd120fbfe,6,1,kvasir-seg::cju1c4fcu40hl07992b8gj0c8
train,kvasir-seg::cju6xifswvwbo0987nibtdr50,870074facd5c0552baf307ff,0,1,kvasir-seg::cju1c4fcu40hl07992b8gj0c8
train,kvasir-seg::cju6xifswvwbo0987nibtdr50,a88bffd8ff3fad2ce189db0d,1,1,kvasir-seg::cju1c4fcu40hl07992b8gj0c8
train,kvasir-seg::cju6xifswvwbo0987nibtdr50,80eaf8089135a89b2d0c1ba3,2,1,kvasir-seg::cju1c4fcu40hl07992b8gj0c8
train,kvasir-seg::cju6xifswvwbo0987nibtdr50,fc52ff20e94501d080651ff1,3,1,kvasir-seg::cju1c4fcu40hl07992b8gj0c8
train,kvasir-seg::cju6xifswvwbo0987nibtdr50,b6e2e9bfd6e625451df28ae5,4,1,kvasir-seg::cju1c4fcu40hl07992b8gj0c8
train,kvasir-seg::cju6xifswvwbo0987nibtdr50,67de5322fce847ae0f209399,5,1,kvasir-seg::cju1c4fcu40hl07992b8gj0c8
train,kvasir-seg::cju6xifswvwbo0987nibtdr50,c9f4c238225f18ae561792a9,6,1,kvasir-seg::cju1c4fcu40hl07992b8gj0c8
train,kvasir-seg::cju6xmqd9w0250817l5kxfnsk,c226efb62e037fb187e73b0d,0,2,kvasir-seg::cju2pmhtr17a00855cvpelzb0
train,kvasir-seg::cju6xmqd9w0250817l5kxfnsk,014a0bbe0e0b3641103a624b,1,2,kvasir-seg::cju2pmhtr17a00855cvpelzb0
train,kvasir-seg::cju6xmqd9w0250817l5kxfnsk,4e2cccac56867b61bf192a6f,2,2,kvasir-seg::cju2pmhtr17a00855cvpelzb0
train,kvasir-seg::cju6xmqd9w0250817l5kxfnsk,7b264390ac4eb2894b5281b4,3,2,kvasir-seg::cju2pmhtr17a00855cvpelzb0
train,kvasir-seg::cju6xmqd9w0250817l5kxfnsk,2f49207c4de58b3834c51d07,4,2,kvasir-seg::cju2pmhtr17a00855cvpelzb0
train,kvasir-seg::cju6xmqd9w0250817l5kxfnsk,bc7ad346cbb52261bd758f28,5,2,kvasir-seg::cju2pmhtr17a00855cvpelzb0
train,kvasir-seg::cju6xmqd9w0250817l5kxfnsk,6e9ed2affb42092fe6bf880b,6,2,kvasir-seg::cju2pmhtr17a00855cvpelzb0
train,kvasir-seg::cju6ywm40wdbo0987pbftsvtg,ebf0ca4863e941ebe574e45a,0,6,kvasir-seg::cju7aklv31h4309871m29l4e7
train,kvasir-seg::cju6ywm40wdbo0987pbftsvtg,2016a29c25b521ac5ed0fb5a,1,6,kvasir-seg::cju7aklv31h4309871m29l4e7
train,kvasir-seg::cju6ywm40wdbo0987pbftsvtg,891b80e612d4ef9b05721979,2,6,kvasir-seg::cju7aklv31h4309871m29l4e7
train,kvasir-seg::cju6ywm40wdbo0987pbftsvtg,1db2f6194a5649b01212db7e,3,6,kvasir-seg::cju7aklv31h4309871m29l4e7
train,kvasir-seg::cju6ywm40wdbo0987pbftsvtg,cb12a97f3d1962060ae18938,4,6,kvasir-seg::cju7aklv31h4309871m29l4e7
train,kvasir-seg::cju6ywm40wdbo0987pbftsvtg,9dca254c65049b0cae6345a4,5,6,kvasir-seg::cju7aklv31h4309871m29l4e7
train,kvasir-seg::cju6ywm40wdbo0987pbftsvtg,21c429c3b05d545a7c66d998,6,6,kvasir-seg::cju7aklv31h4309871m29l4e7
train,kvasir-seg::cju6yxyt0wh080871sqpepu47,8bef799f39fe5b009417a038,0,6,kvasir-seg::cju7aklv31h4309871m29l4e7
train,kvasir-seg::cju6yxyt0wh080871sqpepu47,d66c561df1833dbdb801e7c2,1,6,kvasir-seg::cju7aklv31h4309871m29l4e7
train,kvasir-seg::cju6yxyt0wh080871sqpepu47,2fcdc1da59080d394dda438f,2,6,kvasir-seg::cju7aklv31h4309871m29l4e7
train,kvasir-seg::cju6yxyt0wh080871sqpepu47,787c8849e6b887cf36dba9b3,3,6,kvasir-seg::cju7aklv31h4309871m29l4e7
train,kvasir-seg::cju6yxyt0wh080871sqpepu47,f8e2718b7335b2c17d1bad89,4,6,kvasir-seg::cju7aklv31h4309871m29l4e7
train,kvasir-seg::cju6yxyt0wh080871sqpepu47,44edb234694efbc512a31420,5,6,kvasir-seg::cju7aklv31h4309871m29l4e7
train,kvasir-seg::cju6yxyt0wh080871sqpepu47,a312a5a7c472cdb414f1ee01,6,6,kvasir-seg::cju7aklv31h4309871m29l4e7
train,kvasir-seg::cju6yywx1whbb0871ksgfgf9f,320ac81e1e339e903dd5c70c,0,1,kvasir-seg::cju1c4fcu40hl07992b8gj0c8
train,kvasir-seg::cju6yywx1whbb0871ksgfgf9f,2cff7a255e78040b82045d80,1,1,kvasir-seg::cju1c4fcu40hl07992b8gj0c8
train,kvasir-seg::cju6yywx1whbb0871ksgfgf9f,5657ca6903e63a8bbcdda775,2,1,kvasir-seg::cju1c4fcu40hl07992b8gj0c8
train,kvasir-seg::cju6yywx1whbb0871ksgfgf9f,643341d0e0a287da26899c23,3,1,kvasir-seg::cju1c4fcu40hl07992b8gj0c8
train,kvasir-seg::cju6yywx1whbb0871ksgfgf9f,f63fa0016fc7de448c7683ae,4,1,kvasir-seg::cju1c4fcu40hl07992b8gj0c8
train,kvasir-seg::cju6yywx1whbb0871ksgfgf9f,da1eed47a82bbb8678a0357c,5,1,kvasir-seg::cju1c4fcu40hl07992b8gj0c8
train,kvasir-seg::cju6yywx1whbb0871ksgfgf9f,87017f50e9ab9ec32d85713d,6,1,kvasir-seg::cju1c4fcu40hl07992b8gj0c8
train,kvasir-seg::cju6z1bzbwfq50817b2alatvr,029f360c918e8e06b945e767,0,1,kvasir-seg::cju1c4fcu40hl07992b8gj0c8
train,kvasir-seg::cju6z1bzbwfq50817b2alatvr,42e25713eaf81797c7621f94,1,1,kvasir-seg::cju1c4fcu40hl07992b8gj0c8
train,kvasir-seg::cju6z1bzbwfq50817b2alatvr,6df5f5a58af7b555d1b079f3,2,1,kvasir-seg::cju1c4fcu40hl07992b8gj0c8
train,kvasir-seg::cju6z1bzbwfq50817b2alatvr,3c7479ab0c2c44b69d5db921,3,1,kvasir-seg::cju1c4fcu40hl07992b8gj0c8
train,kvasir-seg::cju6z1bzbwfq50817b2alatvr,0292128816cca18eb2813e16,4,1,kvasir-seg::cju1c4fcu40hl07992b8gj0c8
train,kvasir-seg::cju6z1bzbwfq50817b2alatvr,ee1078df622678bf00619e65,5,1,kvasir-seg::cju1c4fcu40hl07992b8gj0c8
train,kvasir-seg::cju6z1bzbwfq50817b2alatvr,4e0591ccd32b2c732068e589,6,1,kvasir-seg::cju1c4fcu40hl07992b8gj0c8
train,kvasir-seg::cju6z2616wqbk07555bvnuyr1,9313d76ef6777e05fea6e97f,0,6,kvasir-seg::cju7aklv31h4309871m29l4e7
train,kvasir-seg::cju6z2616wqbk07555bvnuyr1,b310c7a1ef74e07487335507,1,6,kvasir-seg::cju7aklv31h4309871m29l4e7
train,kvasir-seg::cju6z2616wqbk07555bvnuyr1,5f903bc421784df9672ffdbb,2,6,kvasir-seg::cju7aklv31h4309871m29l4e7
train,kvasir-seg::cju6z2616wqbk07555bvnuyr1,2596cd0b42b0ccc25a082382,3,6,kvasir-seg::cju7aklv31h4309871m29l4e7
train,kvasir-seg::cju6z2616wqbk07555bvnuyr1,b79d287adfa8a36d12670736,4,6,kvasir-seg::cju7aklv31h4309871m29l4e7
train,kvasir-seg::cju6z2616wqbk07555bvnuyr1,8168c7dd6b6ad75b0c72954c,5,6,kvasir-seg::cju7aklv31h4309871m29l4e7
train,kvasir-seg::cju6z2616wqbk07555bvnuyr1,6e8e20bdcdbc458c495d8c9e,6,6,kvasir-seg::cju7aklv31h4309871m29l4e7
train,kvasir-seg::cju6z7e4bwgdd0987ogkzq9kt,8914292e06957b9aa4490b3c,0,1,kvasir-seg::cju1c4fcu40hl07992b8gj0c8
train,kvasir-seg::cju6z7e4bwgdd0987ogkzq9kt,61a9b34fab3e2753235fd40e,1,1,kvasir-seg::cju1c4fcu40hl07992b8gj0c8
train,kvasir-seg::cju6z7e4bwgdd0987ogkzq9kt,7ca08261293417495654bd00,2,1,kvasir-seg::cju1c4fcu40hl07992b8gj0c8
train,kvasir-seg::cju6z7e4bwgdd0987ogkzq9kt,f5e389d809262453f43804cc,3,1,kvasir-seg::cju1c4fcu40hl07992b8gj0c8
train,kvasir-seg::cju6z7e4bwgdd0987ogkzq9kt,2d805624da715f1bbfe459dd,4,1,kvasir-seg::cju1c4fcu40hl07992b8gj0c8
train,kvasir-seg::cju6z7e4bwgdd0987ogkzq9kt,7615d77dd6e548b4057773b2,5,1,kvasir-seg::cju1c4fcu40hl07992b8gj0c8
train,kvasir-seg::cju6z7e4bwgdd0987ogkzq9kt,f46c6516e38d2bfd74489213,6,1,kvasir-seg::cju1c4fcu40hl07992b8gj0c8
train,kvasir-seg::cju6z9a9kwsl007552s49rx6i,c59bde14392f48ba12cc68fd,0,1,kvasir-seg::cju1c4fcu40hl07992b8gj0c8
train,kvasir-seg::cju6z9a9kwsl007552s49rx6i,ef615e8d21acc77e0290bc33,1,1,kvasir-seg::cju1c4fcu40hl07992b8gj0c8
train,kvasir-seg::cju6z9a9kwsl007552s49rx6i,4dcb543174090b3e7b041e85,2,1,kvasir-seg::cju1c4fcu40hl07992b8gj0c8
train,kvasir-seg::cju6z9a9kwsl007552s49rx6i,f2d630e6ca50afa673c85376,3,1,kvasir-seg::cju1c4fcu40hl07992b8gj0c8
train,kvasir-seg::cju6z9a9kwsl007552s49rx6i,d35e93253ea15ca89020feb3,4,1,kvasir-seg::cju1c4fcu40hl07992b8gj0c8
train,kvasir-seg::cju6z9a9kwsl007552s49rx6i,e36b2dfb761fe70ac58678f7,5,1,kvasir-seg::cju1c4fcu40hl07992b8gj0c8
train,kvasir-seg::cju6z9a9kwsl007552s49rx6i,cc82874e8a2b78693a3cdd3b,6,1,kvasir-seg::cju1c4fcu40hl07992b8gj0c8
train,kvasir-seg::cju76erapykj30871x5eaxh4q,a146e33b36ef747ed591f294,0,1,kvasir-seg::cju1c4fcu40hl07992b8gj0c8
train,kvasir-seg::cju76erapykj30871x5eaxh4q,fa9e240c53f5d5fc1dfc7bd3,1,1,kvasir-seg::cju1c4fcu40hl07992b8gj0c8
train,kvasir-seg::cju76erapykj30871x5eaxh4q,89a62f17080fc8587b4ca726,2,1,kvasir-seg::cju1c4fcu40hl07992b8gj0c8
train,kvasir-seg::cju76erapykj30871x5eaxh4q,3ddf1394004fd2aad7c1733c,3,1,kvasir-seg::cju1c4fcu40hl07992b8gj0c8
train,kvasir-seg::cju76erapykj30871x5eaxh4q,980a345b3d1e2678c8ce8e00,4,1,kvasir-seg::cju1c4fcu40hl07992b8gj0c8
train,kvasir-seg::cju76erapykj30871x5eaxh4q,5e95ef2d9901dfdbb3d05e49,5,1,kvasir-seg::cju1c4fcu40hl07992b8gj0c8
train,kvasir-seg::cju76erapykj30871x5eaxh4q,0f9dd5543e6d52f06d4302ff,6,1,kvasir-seg::cju1c4fcu40hl07992b8gj0c8
train,kvasir-seg::cju76l27oyrw907551ri2a7fl,010514a7307bbd7c17804cdd,0,1,kvasir-seg::cju1c4fcu40hl07992b8gj0c8
train,kvasir-seg::cju76l27oyrw907551ri2a7fl,f4a740fd3f2e8c4c7c74a929,1,1,kvasir-seg::cju1c4fcu40hl07992b8gj0c8
train,kvasir-seg::cju76l27oyrw907551ri2a7fl,e3c33f16f342d55a66bc963b,2,1,kvasir-seg::cju1c4fcu40hl07992b8gj0c8
train,kvasir-seg::cju76l27oyrw907551ri2a7fl,ec45883e1360519b09271051,3,1,kvasir-seg::cju1c4fcu40hl07992b8gj0c8
train,kvasir-seg::cju76l27oyrw907551ri2a7fl,977be69ae1f1ede629440bad,4,1,kvasir-seg::cju1c4fcu40hl07992b8gj0c8
train,kvasir-seg::cju76l27oyrw907551ri2a7fl,8cd6bade7f40279d8e1c2b79,5,1,kvasir-seg::cju1c4fcu40hl07992b8gj0c8
train,kvasir-seg::cju76l27oyrw907551ri2a7fl,d45ac708e1c4aba8372de9b8,6,1,kvasir-seg::cju1c4fcu40hl07992b8gj0c8
train,kvasir-seg::cju76lsehyia10987u54vn8rb,53849ef267cc61b4bccce503,0,6,kvasir-seg::cju7aklv31h4309871m29l4e7
train,kvasir-seg::cju76lsehyia10987u54vn8rb,3ff8917da0756e1a43f4ad41,1,6,kvasir-seg::cju7aklv31h4309871m29l4e7
train,kvasir-seg::cju76lsehyia10987u54vn8rb,bbb808dd118e72da4459522e,2,6,kvasir-seg::cju7aklv31h4309871m29l4e7
train,kvasir-seg::cju76lsehyia10987u54vn8rb,ed11b3617a092ef03c41ce9a,3,6,kvasir-seg::cju7aklv31h4309871m29l4e7
train,kvasir-seg::cju76lsehyia10987u54vn8rb,c1809384cd2f5c6f7526c8e5,4,6,kvasir-seg::cju7aklv31h4309871m29l4e7
train,kvasir-seg::cju76lsehyia10987u54vn8rb,5032461b00c7ecabefeabf35,5,6,kvasir-seg::cju7aklv31h4309871m29l4e7
train,kvasir-seg::cju76lsehyia10987u54vn8rb,45055202854f4610e9c0470f,6,6,kvasir-seg::cju7aklv31h4309871m29l4e7
train,kvasir-seg::cju76o55nymqd0871h31sph9w,9ac084031a2bb8e7e2ddae3f,0,1,kvasir-seg::cju1c4fcu40hl07992b8gj0c8
train,kvasir-seg::cju76o55nymqd0871h31sph9w,c121e7ccbd3a1f0e8351217a,1,1,kvasir-seg::cju1c4fcu40hl07992b8gj0c8
train,kvasir-seg::cju76o55nymqd0871h31sph9w,2c07fe6ac8c97fdc5f11933c,2,1,kvasir-seg::cju1c4fcu40hl07992b8gj0c8
train,kvasir-seg::cju76o55nymqd0871h31sph9w,2bf2945d263f0587fa904993,3,1,kvasir-seg::cju1c4fcu40hl07992b8gj0c8
train,kvasir-seg::cju76o55nymqd0871h31sph9w,cae1f375d0d0dea97bd5d676,4,1,kvasir-seg::cju1c4fcu40hl07992b8gj0c8
train,kvasir-seg::cju76o55nymqd0871h31sph9w,d287b3e3d61b7a3de4dc6b4a,5,1,kvasir-seg::cju1c4fcu40hl07992b8gj0c8
train,kvasir-seg::cju76o55nymqd0871h31sph9w,1f16956174a78f751e6fced7,6,1,kvasir-seg::cju1c4fcu40hl07992b8gj0c8
train,kvasir-seg::cju77196iyshb0850ycbto50a,07cf25053d2059d53c8efef7,0,1,kvasir-seg::cju1c4fcu40hl07992b8gj0c8
train,kvasir-seg::cju77196iyshb0850ycbto50a,cf5094cb1cebb88ce49b9dbf,1,1,kvasir-seg::cju1c4fcu40hl07992b8gj0c8
train,kvasir-seg::cju77196iyshb0850ycbto50a,6df04f71d8e08b208ccba6a2,2,1,kvasir-seg::cju1c4fcu40hl07992b8gj0c8
train,kvasir-seg::cju77196iyshb0850ycbto50a,eaa1f6c42b8ea29806e89d6e,3,1,kvasir-seg::cju1c4fcu40hl07992b8gj0c8
train,kvasir-seg::cju77196iyshb0850ycbto50a,ad0c0f4d6d14753c15799e74,4,1,kvasir-seg::cju1c4fcu40hl07992b8gj0c8
train,kvasir-seg::cju77196iyshb0850ycbto50a,ee1e4a23d998aeba9865043a,5,1,kvasir-seg::cju1c4fcu40hl07992b8gj0c8
train,kvasir-seg::cju77196iyshb0850ycbto50a,950a5bf3a2c8c8076072a2f7,6,1,kvasir-seg::cju1c4fcu40hl07992b8gj0c8
train,kvasir-seg::cju772304yw5t0818vbw8kkjf,29110c2097a1168cb086093a,0,6,kvasir-seg::cju7aklv31h4309871m29l4e7
train,kvasir-seg::cju772304yw5t0818vbw8kkjf,b250012d4d6561a8d86eb7de,1,6,kvasir-seg::cju7aklv31h4309871m29l4e7
train,kvasir-seg::cju772304yw5t0818vbw8kkjf,47b8e4d0805e31d249f1b3a9,2,6,kvasir-seg::cju7aklv31h4309871m29l4e7
train,kvasir-seg::cju772304yw5t0818vbw8kkjf,31ad5a66d2dd3b8ba77bb572,3,6,kvasir-seg::cju7aklv31h4309871m29l4e7
train,kvasir-seg::cju772304yw5t0818vbw8kkjf,8449d2948d89e3ac8011527f,4,6,kvasir-seg::cju7aklv31h4309871m29l4e7
train,kvasir-seg::cju772304yw5t0818vbw8kkjf,af1df0531b2adaf31ed2c22e,5,6,kvasir-seg::cju7aklv31h4309871m29l4e7
train,kvasir-seg::cju772304yw5t0818vbw8kkjf,cb1ca21983452c312b5b19cb,6,6,kvasir-seg::cju7aklv31h4309871m29l4e7
train,kvasir-seg::cju773hsyyosz0817pk1e7sjq,caddee8bc2dab640f6f2949b,0,6,kvasir-seg::cju7aklv31h4309871m29l4e7
train,kvasir-seg::cju773hsyyosz0817pk1e7sjq,39944b8801da31cbeead2103,1,6,kvasir-seg::cju7aklv31h4309871m29l4e7
train,kvasir-seg::cju773hsyyosz0817pk1e7sjq,f865cee99d32928d460b7037,2,6,kvasir-seg::cju7aklv31h4309871m29l4e7
train,kvasir-seg::cju773hsyyosz0817pk1e7sjq,37da859dbc7f7cf394a58177,3,6,kvasir-seg::cju7aklv31h4309871m29l4e7
train,kvasir-seg::cju773hsyyosz0817pk1e7sjq,1c571f8beedfeba7485a16d0,4,6,kvasir-seg::cju7aklv31h4309871m29l4e7
train,kvasir-seg::cju773hsyyosz0817pk1e7sjq,93ff85347d51d1413859e00d,5,6,kvasir-seg::cju7aklv31h4309871m29l4e7
train,kvasir-seg::cju773hsyyosz0817pk1e7sjq,3904b6ff512667c67217d757,6,6,kvasir-seg::cju7aklv31h4309871m29l4e7
train,kvasir-seg::cju774fmayxif0818u2g79usw,8ac957e6fcb41a83aebecf2b,0,3,kvasir-seg::cju34ymm8d6700799uop0cw33
train,kvasir-seg::cju774fmayxif0818u2g79usw,cf373bdce43e444090af9566,1,2,kvasir-seg::cju2pmhtr17a00855cvpelzb0
train,kvasir-seg::cju774fmayxif0818u2g79usw,22be18de6d7ffa8dcdb7c298,2,2,kvasir-seg::cju2pmhtr17a00855cvpelzb0
train,kvasir-seg::cju774fmayxif0818u2g79usw,158cc755e2fdbbb86bec46c3,3,2,kvasir-seg::cju2pmhtr17a00855cvpelzb0
train,kvasir-seg::cju774fmayxif0818u2g79usw,5b2ced1a5b779830d5c914a7,4,2,kvasir-seg::cju2pmhtr17a00855cvpelzb0
train,kvasir-seg::cju774fmayxif0818u2g79usw,6f250affa90968bf8464b4e4,5,2,kvasir-seg::cju2pmhtr17a00855cvpelzb0
train,kvasir-seg::cju774fmayxif0818u2g79usw,b820e925ab746e44f37405e0,6,2,kvasir-seg::cju2pmhtr17a00855cvpelzb0
train,kvasir-seg::cju7787c5yy3l080159mwqsnj,1aa879ed4229dd6a6aa278c7,0,5,kvasir-seg::cju5cu8qkb84x08186jwo8yin
train,kvasir-seg::cju7787c5yy3l080159mwqsnj,0aa16f6f6921cdde6a334878,1,5,kvasir-seg::cju5cu8qkb84x08186jwo8yin
train,kvasir-seg::cju7787c5yy3l080159mwqsnj,7abdef4d135f0bdbd7465220,2,5,kvasir-seg::cju5cu8qkb84x08186jwo8yin
train,kvasir-seg::cju7787c5yy3l080159mwqsnj,c6f34316853f9f7c3cace8da,3,5,kvasir-seg::cju5cu8qkb84x08186jwo8yin
train,kvasir-seg::cju7787c5yy3l080159mwqsnj,0406b94f49da9f01fdbc5828,4,5,kvasir-seg::cju5cu8qkb84x08186jwo8yin
train,kvasir-seg::cju7787c5yy3l080159mwqsnj,ddfc1c713dd2f9cee14249d9,5,5,kvasir-seg::cju5cu8qkb84x08186jwo8yin
train,kvasir-seg::cju7787c5yy3l080159mwqsnj,9cde6c8d2afadbf27f2a60c1,6,5,kvasir-seg::cju5cu8qkb84x08186jwo8yin
train,kvasir-seg::cju77afzlz3kp07550x5nafzs,8c7fb8b1b01974ab58f2c7a2,0,1,kvasir-seg::cju1c4fcu40hl07992b8gj0c8
train,kvasir-seg::cju77afzlz3kp07550x5nafzs,ac22dbdb0da3775fafcc4ecb,1,1,kvasir-seg::cju1c4fcu40hl07992b8gj0c8
train,kvasir-seg::cju77afzlz3kp07550x5nafzs,4ff92b27800c5ac8a4e2601a,2,1,kvasir-seg::cju1c4fcu40hl07992b8gj0c8
train,kvasir-seg::cju77afzlz3kp07550x5nafzs,7fda0a5d3d0f4565cb50dd57,3,1,kvasir-seg::cju1c4fcu40hl07992b8gj0c8
train,kvasir-seg::cju77afzlz3kp07550x5nafzs,5dafc64a61f7d839f27a6727,4,1,kvasir-seg::cju1c4fcu40hl07992b8gj0c8
train,kvasir-seg::cju77afzlz3kp07550x5nafzs,2c83d778db8ea62a54dcff6f,5,1,kvasir-seg::cju1c4fcu40hl07992b8gj0c8
train,kvasir-seg::cju77afzlz3kp07550x5nafzs,6efba583af10d1d5155ec224,6,1,kvasir-seg::cju1c4fcu40hl07992b8gj0c8
train,kvasir-seg::cju77b3wyz4160755qis4ljsb,d1a64a4af3597ccbbaee9d37,0,1,kvasir-seg::cju1c4fcu40hl07992b8gj0c8
train,kvasir-seg::cju77b3wyz4160755qis4ljsb,825c0b1ca1b75672b43568e7,1,1,kvasir-seg::cju1c4fcu40hl07992b8gj0c8
train,kvasir-seg::cju77b3wyz4160755qis4ljsb,72453b803f0e88d2f30e37b1,2,1,kvasir-seg::cju1c4fcu40hl07992b8gj0c8
train,kvasir-seg::cju77b3wyz4160755qis4ljsb,5a7bcc9669adeee9c20ef455,3,1,kvasir-seg::cju1c4fcu40hl07992b8gj0c8
train,kvasir-seg::cju77b3wyz4160755qis4ljsb,00675cf5ae212cc300acc943,4,1,kvasir-seg::cju1c4fcu40hl07992b8gj0c8
train,kvasir-seg::cju77b3wyz4160755qis4ljsb,ac054da13545ddfad8957d52,5,1,kvasir-seg::cju1c4fcu40hl07992b8gj0c8
train,kvasir-seg::cju77b3wyz4160755qis4ljsb,1db3782ab26a4c3ed5830448,6,1,kvasir-seg::cju1c4fcu40hl07992b8gj0c8
train,kvasir-seg::cju77bvg0yv4r0987yh60xmjo,20ed5e662b1a7caff3a054b3,0,2,kvasir-seg::cju2pmhtr17a00855cvpelzb0
train,kvasir-seg::cju77bvg0yv4r0987yh60xmjo,ff933fc5828ae4fc0e668140,1,1,kvasir-seg::cju1c4fcu40hl07992b8gj0c8
train,kvasir-seg::cju77bvg0yv4r0987yh60xmjo,0f288eacd9956769bf97f9a3,2,1,kvasir-seg::cju1c4fcu40hl07992b8gj0c8
train,kvasir-seg::cju77bvg0yv4r0987yh60xmjo,51ac31fcfd912e5db749bd8b,3,2,kvasir-seg::cju2pmhtr17a00855cvpelzb0
train,kvasir-seg::cju77bvg0yv4r0987yh60xmjo,9126a9e5a7308fdc461f47e3,4,2,kvasir-seg::cju2pmhtr17a00855cvpelzb0
train,kvasir-seg::cju77bvg0yv4r0987yh60xmjo,adfaadd4278a3d5b3fbdab93,5,2,kvasir-seg::cju2pmhtr17a00855cvpelzb0
train,kvasir-seg::cju77bvg0yv4r0987yh60xmjo,9f24e7f36b1c196f23172ba6,6,2,kvasir-seg::cju2pmhtr17a00855cvpelzb0
train,kvasir-seg::cju77idwfz36d0871tzfzz51i,7826cc94c0b8bf6f6df943b5,0,1,kvasir-seg::cju1c4fcu40hl07992b8gj0c8
train,kvasir-seg::cju77idwfz36d0871tzfzz51i,fe518e56cfc2cd5ae19111e2,1,1,kvasir-seg::cju1c4fcu40hl07992b8gj0c8
train,kvasir-seg::cju77idwfz36d0871tzfzz51i,a541501e547b59fef9b04d38,2,1,kvasir-seg::cju1c4fcu40hl07992b8gj0c8
train,kvasir-seg::cju77idwfz36d0871tzfzz51i,a967f6385883f742938c49d2,3,1,kvasir-seg::cju1c4fcu40hl07992b8gj0c8
train,kvasir-seg::cju77idwfz36d0871tzfzz51i,c5e47a6b185dc2d5df5dfb74,4,1,kvasir-seg::cju1c4fcu40hl07992b8gj0c8
train,kvasir-seg::cju77idwfz36d0871tzfzz51i,325b9928736d0c548be16901,5,1,kvasir-seg::cju1c4fcu40hl07992b8gj0c8
train,kvasir-seg::cju77idwfz36d0871tzfzz51i,20cf45c0febaca87c8fd3213,6,1,kvasir-seg::cju1c4fcu40hl07992b8gj0c8
train,kvasir-seg::cju77k828z46w0871r0avuoo9,4b7d3e7d6674687b0d391b57,0,2,kvasir-seg::cju2pmhtr17a00855cvpelzb0
train,kvasir-seg::cju77k828z46w0871r0avuoo9,c0241f94469a6c899474ae2a,1,2,kvasir-seg::cju2pmhtr17a00855cvpelzb0
train,kvasir-seg::cju77k828z46w0871r0avuoo9,01de80cccd01ec82fc00a645,2,2,kvasir-seg::cju2pmhtr17a00855cvpelzb0
train,kvasir-seg::cju77k828z46w0871r0avuoo9,7365f2ee016746dbd9c15f3f,3,2,kvasir-seg::cju2pmhtr17a00855cvpelzb0
train,kvasir-seg::cju77k828z46w0871r0avuoo9,33aa10fa5f9611906a616310,4,2,kvasir-seg::cju2pmhtr17a00855cvpelzb0
train,kvasir-seg::cju77k828z46w0871r0avuoo9,e2c4025be5245e8a423865f8,5,2,kvasir-seg::cju2pmhtr17a00855cvpelzb0
train,kvasir-seg::cju77k828z46w0871r0avuoo9,524e464901663ac51b95e74b,6,2,kvasir-seg::cju2pmhtr17a00855cvpelzb0
train,kvasir-seg::cju77re6fz5bb0817vp9redjg,4746d56362a65b7cc0cc2ab9,0,5,kvasir-seg::cju5cu8qkb84x08186jwo8yin
train,kvasir-seg::cju77re6fz5bb0817vp9redjg,1f088975c28b1d8b7d06cb3e,1,5,kvasir-seg::cju5cu8qkb84x08186jwo8yin
train,kvasir-seg::cju77re6fz5bb0817vp9redjg,2edd70d4293295136e8fb11d,2,5,kvasir-seg::cju5cu8qkb84x08186jwo8yin
train,kvasir-seg::cju77re6fz5bb0817vp9redjg,3a24eaa378577ad8a9d146eb,3,5,kvasir-seg::cju5cu8qkb84x08186jwo8yin
train,kvasir-seg::cju77re6fz5bb0817vp9redjg,5642e71ae25991e7884f01a4,4,5,kvasir-seg::cju5cu8qkb84x08186jwo8yin
train,kvasir-seg::cju77re6fz5bb0817vp9redjg,c7d79f5b98ef54485cf0ca23,5,5,kvasir-seg::cju5cu8qkb84x08186jwo8yin
train,kvasir-seg::cju77re6fz5bb0817vp9redjg,163587ac9ddbd3076a668d47,6,5,kvasir-seg::cju5cu8qkb84x08186jwo8yin
train,kvasir-seg::cju784jpdzeae0987q5ypq883,2c48ec06f0d1abc11fc7f468,0,1,kvasir-seg::cju1c4fcu40hl07992b8gj0c8
train,kvasir-seg::cju784jpdzeae0987q5ypq883,b6a69a4a929056f318d2ca79,1,1,kvasir-seg::cju1c4fcu40hl07992b8gj0c8
train,kvasir-seg::cju784jpdzeae0987q5ypq883,dd4c85c67298a57ab35fae67,2,1,kvasir-seg::cju1c4fcu40hl07992b8gj0c8
train,kvasir-seg::cju784jpdzeae0987q5ypq883,8016858b8cdce4a6e72cc87a,3,1,kvasir-seg::cju1c4fcu40hl07992b8gj0c8
train,kvasir-seg::cju784jpdzeae0987q5ypq883,7d70b62a1f1998471929c5a9,4,1,kvasir-seg::cju1c4fcu40hl07992b8gj0c8
train,kvasir-seg::cju784jpdzeae0987q5ypq883,382d58217abb7d19325c2d47,5,1,kvasir-seg::cju1c4fcu40hl07992b8gj0c8
train,kvasir-seg::cju784jpdzeae0987q5ypq883,ba7a4c59d173cf0105c2e3c9,6,1,kvasir-seg::cju1c4fcu40hl07992b8gj0c8
train,kvasir-seg::cju785htizjzo08017tvlhtg4,871f2b8b27e2599e9bafe88e,0,2,kvasir-seg::cju2pmhtr17a00855cvpelzb0
train,kvasir-seg::cju785htizjzo08017tvlhtg4,92134dc0340eaae93d39252f,1,2,kvasir-seg::cju2pmhtr17a00855cvpelzb0
train,kvasir-seg::cju785htizjzo08017tvlhtg4,741dc656e72b5ba9b8efcc6d,2,2,kvasir-seg::cju2pmhtr17a00855cvpelzb0
train,kvasir-seg::cju785htizjzo08017tvlhtg4,76b3d81c96a8beb67c1a181b,3,2,kvasir-seg::cju2pmhtr17a00855cvpelzb0
train,kvasir-seg::cju785htizjzo08017tvlhtg4,fcedd9b942ecebcac3ca49cd,4,2,kvasir-seg::cju2pmhtr17a00855cvpelzb0
train,kvasir-seg::cju785htizjzo08017tvlhtg4,660ff7b38b588639b5831ec0,5,2,kvasir-seg::cju2pmhtr17a00855cvpelzb0
train,kvasir-seg::cju785htizjzo08017tvlhtg4,a9eefb62a622a138a22cdf70,6,2,kvasir-seg::cju2pmhtr17a00855cvpelzb0
train,kvasir-seg::cju787jnjzjuj0871p94nck9g,7d41c0f98fc6010994db6a36,0,6,kvasir-seg::cju7aklv31h4309871m29l4e7
train,kvasir-seg::cju787jnjzjuj0871p94nck9g,a2cfed8ac6bed64fb83faac2,1,2,kvasir-seg::cju2pmhtr17a00855cvpelzb0
train,kvasir-seg::cju787jnjzjuj0871p94nck9g,b1e68db16f8f626ad5866e93,2,2,kvasir-seg::cju2pmhtr17a00855cvpelzb0
train,kvasir-seg::cju787jnjzjuj0871p94nck9g,9839fbe5e346a9279f939f21,3,6,kvasir-seg::cju7aklv31h4309871m29l4e7
train,kvasir-seg::cju787jnjzjuj0871p94nck9g,9fbb78f2afb114a59e4c2264,4,6,kvasir-seg::cju7aklv31h4309871m29l4e7
train,kvasir-seg::cju787jnjzjuj0871p94nck9g,95a52f35aa8da69a93572bba,5,6,kvasir-seg::cju7aklv31h4309871m29l4e7
train,kvasir-seg::cju787jnjzjuj0871p94nck9g,5c305704df9d1a6b0992d245,6,6,kvasir-seg::cju7aklv31h4309871m29l4e7
train,kvasir-seg::cju7adqyj1jcx08712r1ro5gx,188e74727dc5cf821fddba4f,0,6,kvasir-seg::cju7aklv31h4309871m29l4e7
train,kvasir-seg::cju7adqyj1jcx08712r1ro5gx,a500208c1341eaa3727a43fa,1,6,kvasir-seg::cju7aklv31h4309871m29l4e7
train,kvasir-seg::cju7adqyj1jcx08712r1ro5gx,98bf6a39a81b138fda69364b,2,6,kvasir-seg::cju7aklv31h4309871m29l4e7
train,kvasir-seg::cju7adqyj1jcx08712r1ro5gx,59acc535df339dc90c8448a1,3,6,kvasir-seg::cju7aklv31h4309871m29l4e7
train,kvasir-seg::cju7adqyj1jcx08712r1ro5gx,e9e432727a05cf2c605120fc,4,6,kvasir-seg::cju7aklv31h4309871m29l4e7
train,kvasir-seg::cju7adqyj1jcx08712r1ro5gx,3c094cf959709a3fdb5fc5a7,5,6,kvasir-seg::cju7aklv31h4309871m29l4e7
train,kvasir-seg::cju7adqyj1jcx08712r1ro5gx,098257c00265cdecb7f4b043,6,6,kvasir-seg::cju7aklv31h4309871m29l4e7
train,kvasir-seg::cju7ae7bq1f820987toc8si1d,a9b10f17d83159caf327dbe8,0,1,kvasir-seg::cju1c4fcu40hl07992b8gj0c8
train,kvasir-seg::cju7ae7bq1f820987toc8si1d,2b03a596ccf7f55bb172892e,1,1,kvasir-seg::cju1c4fcu40hl07992b8gj0c8
train,kvasir-seg::cju7ae7bq1f820987toc8si1d,e4d91d72c71b22e58a23b9f3,2,1,kvasir-seg::cju1c4fcu40hl07992b8gj0c8
train,kvasir-seg::cju7ae7bq1f820987toc8si1d,abf29dc565fc57b488bfae1b,3,1,kvasir-seg::cju1c4fcu40hl07992b8gj0c8
train,kvasir-seg::cju7ae7bq1f820987toc8si1d,16ec14c8e0d4c777e6bbf37d,4,1,kvasir-seg::cju1c4fcu40hl07992b8gj0c8
train,kvasir-seg::cju7ae7bq1f820987toc8si1d,51cb8e1d17d49a3ef2b07fb9,5,1,kvasir-seg::cju1c4fcu40hl07992b8gj0c8
train,kvasir-seg::cju7ae7bq1f820987toc8si1d,87ccee8536745e1f12f79900,6,1,kvasir-seg::cju1c4fcu40hl07992b8gj0c8
train,kvasir-seg::cju7aez2x1jtj0871ztezs3oi,c8c16d2c3fd789946306e1ed,0,1,kvasir-seg::cju1c4fcu40hl07992b8gj0c8
train,kvasir-seg::cju7aez2x1jtj0871ztezs3oi,41384595f2f521add4fe436e,1,1,kvasir-seg::cju1c4fcu40hl07992b8gj0c8
train,kvasir-seg::cju7aez2x1jtj0871ztezs3oi,dd40143bc0dda3c71357081d,2,1,kvasir-seg::cju1c4fcu40hl07992b8gj0c8
train,kvasir-seg::cju7aez2x1jtj0871ztezs3oi,3fec3ee375f35e195aa798c2,3,1,kvasir-seg::cju1c4fcu40hl07992b8gj0c8
train,kvasir-seg::cju7aez2x1jtj0871ztezs3oi,08de137ecb49029af5d6cc9e,4,1,kvasir-seg::cju1c4fcu40hl07992b8gj0c8
train,kvasir-seg::cju7aez2x1jtj0871ztezs3oi,b8aa1ecc00a514bc56588883,5,1,kvasir-seg::cju1c4fcu40hl07992b8gj0c8
train,kvasir-seg::cju7aez2x1jtj0871ztezs3oi,14e8b25e2eebbdc42b88bca6,6,1,kvasir-seg::cju1c4fcu40hl07992b8gj0c8
train,kvasir-seg::cju7ahtkb1jr90801jck4kbds,98ffc362aea0f50c5f3852b5,0,6,kvasir-seg::cju7aklv31h4309871m29l4e7
train,kvasir-seg::cju7ahtkb1jr90801jck4kbds,8b63c21f7565150048ed0620,1,6,kvasir-seg::cju7aklv31h4309871m29l4e7
train,kvasir-seg::cju7ahtkb1jr90801jck4kbds,6e65db975e4ce22192d4875a,2,6,kvasir-seg::cju7aklv31h4309871m29l4e7
train,kvasir-seg::cju7ahtkb1jr90801jck4kbds,8af1b8e3dc638ffd693e7c0c,3,6,kvasir-seg::cju7aklv31h4309871m29l4e7
train,kvasir-seg::cju7ahtkb1jr90801jck4kbds,ace2817f98a2c2494df063e2,4,6,kvasir-seg::cju7aklv31h4309871m29l4e7
train,kvasir-seg::cju7ahtkb1jr90801jck4kbds,af423f7c3a8eef8b80f41674,5,6,kvasir-seg::cju7aklv31h4309871m29l4e7
train,kvasir-seg::cju7ahtkb1jr90801jck4kbds,48f45398bd0e877751ad948d,6,6,kvasir-seg::cju7aklv31h4309871m29l4e7
train,kvasir-seg::cju7aifyo1p3n07552nxjx51f,27241e47e47dff211d703a19,0,6,kvasir-seg::cju7aklv31h4309871m29l4e7
train,kvasir-seg::cju7aifyo1p3n07552nxjx51f,7bf979936986b9b3de1bb802,1,6,kvasir-seg::cju7aklv31h4309871m29l4e7
train,kvasir-seg::cju7aifyo1p3n07552nxjx51f,247f7c7574b1f095b03a149b,2,6,kvasir-seg::cju7aklv31h4309871m29l4e7
train,kvasir-seg::cju7aifyo1p3n07552nxjx51f,75dd5cfa928663548e16bc3f,3,6,kvasir-seg::cju7aklv31h4309871m29l4e7
train,kvasir-seg::cju7aifyo1p3n07552nxjx51f,40326bc5c4b6ceb053567656,4,6,kvasir-seg::cju7aklv31h4309871m29l4e7
train,kvasir-seg::cju7aifyo1p3n07552nxjx51f,c4e816643208fb5252bb3041,5,6,kvasir-seg::cju7aklv31h4309871m29l4e7
train,kvasir-seg::cju7aifyo1p3n07552nxjx51f,896e51502c4684bfbd7b994c,6,6,kvasir-seg::cju7aklv31h4309871m29l4e7
train,kvasir-seg::cju7ajnbo1gvm098749rdouk0,3c329854a28e497f541f9bb7,0,1,kvasir-seg::cju1c4fcu40hl07992b8gj0c8
train,kvasir-seg::cju7ajnbo1gvm098749rdouk0,606e5e74e1c696ffd8284310,1,1,kvasir-seg::cju1c4fcu40hl07992b8gj0c8
train,kvasir-seg::cju7ajnbo1gvm098749rdouk0,1662289045a1128e712cc1e2,2,1,kvasir-seg::cju1c4fcu40hl07992b8gj0c8
train,kvasir-seg::cju7ajnbo1gvm098749rdouk0,bab2c13f5a9a08f28b9b97b5,3,1,kvasir-seg::cju1c4fcu40hl07992b8gj0c8
train,kvasir-seg::cju7ajnbo1gvm098749rdouk0,139a040e41551ebde7b4a687,4,1,kvasir-seg::cju1c4fcu40hl07992b8gj0c8
train,kvasir-seg::cju7ajnbo1gvm098749rdouk0,81e7c78f87ab92bc674ed634,5,1,kvasir-seg::cju1c4fcu40hl07992b8gj0c8
train,kvasir-seg::cju7ajnbo1gvm098749rdouk0,9585fc4e27cc686c8427de43,6,1,kvasir-seg::cju1c4fcu40hl07992b8gj0c8
train,kvasir-seg::cju7alcgr1lsr0871riqk84z7,7b085dff6e177ebcc0b14699,0,6,kvasir-seg::cju7aklv31h4309871m29l4e7
train,kvasir-seg::cju7alcgr1lsr0871riqk84z7,a78920fe5af9431f33316329,1,6,kvasir-seg::cju7aklv31h4309871m29l4e7
train,kvasir-seg::cju7alcgr1lsr0871riqk84z7,232091432678ec53a8feb3dc,2,6,kvasir-seg::cju7aklv31h4309871m29l4e7
train,kvasir-seg::cju7alcgr1lsr0871riqk84z7,594bf94a8edc1b457292852e,3,6,kvasir-seg::cju7aklv31h4309871m29l4e7
train,kvasir-seg::cju7alcgr1lsr0871riqk84z7,538d1e9a75fba6f2d24a2b09,4,6,kvasir-seg::cju7aklv31h4309871m29l4e7
train,kvasir-seg::cju7alcgr1lsr0871riqk84z7,3f1b77ac74fcd863bb4915c8,5,6,kvasir-seg::cju7aklv31h4309871m29l4e7
train,kvasir-seg::cju7alcgr1lsr0871riqk84z7,e5ad7959ca7505667a15c6ff,6,6,kvasir-seg::cju7aklv31h4309871m29l4e7
train,kvasir-seg::cju7amjna1ly40871ugiokehb,72905e4b1ced3f21353c2c79,0,1,kvasir-seg::cju1c4fcu40hl07992b8gj0c8
train,kvasir-seg::cju7amjna1ly40871ugiokehb,eef411bedaeef290af8b5d58,1,1,kvasir-seg::cju1c4fcu40hl07992b8gj0c8
train,kvasir-seg::cju7amjna1ly40871ugiokehb,b491818912543b003d24ecb8,2,1,kvasir-seg::cju1c4fcu40hl07992b8gj0c8
train,kvasir-seg::cju7amjna1ly40871ugiokehb,370e46ffca24b859a515613b,3,1,kvasir-seg::cju1c4fcu40hl07992b8gj0c8
train,kvasir-seg::cju7amjna1ly40871ugiokehb,d1235db422a0f8215f634b30,4,1,kvasir-seg::cju1c4fcu40hl07992b8gj0c8
train,kvasir-seg::cju7amjna1ly40871ugiokehb,a8614b0321a0adda047dac86,5,1,kvasir-seg::cju1c4fcu40hl07992b8gj0c8
train,kvasir-seg::cju7amjna1ly40871ugiokehb,903b3a8a5fa3ff0a4b9b6216,6,1,kvasir-seg::cju1c4fcu40hl07992b8gj0c8
train,kvasir-seg::cju7apr0c1qqm0755s7msqot4,d46895b3596e3319bbcee891,0,6,kvasir-seg::cju7aklv31h4309871m29l4e7
train,kvasir-seg::cju7apr0c1qqm0755s7msqot4,4c0643dc4e3fe28e2eae4374,1,6,kvasir-seg::cju7aklv31h4309871m29l4e7
train,kvasir-seg::cju7apr0c1qqm0755s7msqot4,c18bede05895674ef4ceac83,2,6,kvasir-seg::cju7aklv31h4309871m29l4e7
train,kvasir-seg::cju7apr0c1qqm0755s7msqot4,733665090a53586795107187,3,6,kvasir-seg::cju7aklv31h4309871m29l4e7
train,kvasir-seg::cju7apr0c1qqm0755s7msqot4,20f1f78f1f86414e25aae8cb,4,6,kvasir-seg::cju7aklv31h4309871m29l4e7
train,kvasir-seg::cju7apr0c1qqm0755s7msqot4,4f63dae0a87421cb4b7c9ddc,5,6,kvasir-seg::cju7aklv31h4309871m29l4e7
train,kvasir-seg::cju7apr0c1qqm0755s7msqot4,7e495d7a11ec803d8a3504a4,6,6,kvasir-seg::cju7aklv31h4309871m29l4e7
train,kvasir-seg::cju7aqkue1i2k09879uzcpt8r,371ef1cd4455076af642a81d,0,1,kvasir-seg::cju1c4fcu40hl07992b8gj0c8
train,kvasir-seg::cju7aqkue1i2k09879uzcpt8r,d7e5fe2f584765ba34c820b4,1,1,kvasir-seg::cju1c4fcu40hl07992b8gj0c8
train,kvasir-seg::cju7aqkue1i2k09879uzcpt8r,a0dc37c2dcf2cae75156ba52,2,1,kvasir-seg::cju1c4fcu40hl07992b8gj0c8
train,kvasir-seg::cju7aqkue1i2k09879uzcpt8r,d4ecdb94ce7c4165617eecfb,3,1,kvasir-seg::cju1c4fcu40hl07992b8gj0c8
train,kvasir-seg::cju7aqkue1i2k09879uzcpt8r,82cdd0635660b6770ba063e1,4,1,kvasir-seg::cju1c4fcu40hl07992b8gj0c8
train,kvasir-seg::cju7aqkue1i2k09879uzcpt8r,afb533f1655c9a37c7d6ccee,5,1,kvasir-seg::cju1c4fcu40hl07992b8gj0c8
train,kvasir-seg::cju7aqkue1i2k09879uzcpt8r,e542dcba01c9ba3fd93a9093,6,1,kvasir-seg::cju1c4fcu40hl07992b8gj0c8
train,kvasir-seg::cju7arvfe1ldu0850erdmphgj,80d73fbb5e084f0eb2d75119,0,6,kvasir-seg::cju7aklv31h4309871m29l4e7
train,kvasir-seg::cju7arvfe1ldu0850erdmphgj,7a87794c1fadc630c97c712f,1,6,kvasir-seg::cju7aklv31h4309871m29l4e7
train,kvasir-seg::cju7arvfe1ldu0850erdmphgj,7aff358dee617315e4f1a8d8,2,6,kvasir-seg::cju7aklv31h4309871m29l4e7
train,kvasir-seg::cju7arvfe1ldu0850erdmphgj,64a0fce4eaddc8ab1e7c60f2,3,6,kvasir-seg::cju7aklv31h4309871m29l4e7
train,kvasir-seg::cju7arvfe1ldu0850erdmphgj,a754a0619e69acae796e7fcf,4,6,kvasir-seg::cju7aklv31h4309871m29l4e7
train,kvasir-seg::cju7arvfe1ldu0850erdmphgj,abd20aa8309677fcbce1c869,5,6,kvasir-seg::cju7aklv31h4309871m29l4e7
train,kvasir-seg::cju7arvfe1ldu0850erdmphgj,157ad42b7e2c45605cdaf84d,6,6,kvasir-seg::cju7aklv31h4309871m29l4e7
train,kvasir-seg::cju7avvi51iox0817ym55y6tt,1f6be6c3b44664705fce2b5f,0,1,kvasir-seg::cju1c4fcu40hl07992b8gj0c8
train,kvasir-seg::cju7avvi51iox0817ym55y6tt,d9c9d69965f4e5cdbe78b21a,1,1,kvasir-seg::cju1c4fcu40hl07992b8gj0c8
train,kvasir-seg::cju7avvi51iox0817ym55y6tt,d85459fb7692ec5906ab03d5,2,1,kvasir-seg::cju1c4fcu40hl07992b8gj0c8
train,kvasir-seg::cju7avvi51iox0817ym55y6tt,f2dda551e95966a409535fad,3,1,kvasir-seg::cju1c4fcu40hl07992b8gj0c8
train,kvasir-seg::cju7avvi51iox0817ym55y6tt,ecf6fa2f69a63a09effd7a0e,4,1,kvasir-seg::cju1c4fcu40hl07992b8gj0c8
train,kvasir-seg::cju7avvi51iox0817ym55y6tt,c8aaea37916519aeac696e6b,5,1,kvasir-seg::cju1c4fcu40hl07992b8gj0c8
train,kvasir-seg::cju7avvi51iox0817ym55y6tt,6c46f0e1e1abdb2f8ae0ec21,6,1,kvasir-seg::cju1c4fcu40hl07992b8gj0c8
train,kvasir-seg::cju7awzmu1ncs0871hziy65zx,499fb4e877fb8a40200d2524,0,2,kvasir-seg::cju2pmhtr17a00855cvpelzb0
train,kvasir-seg::cju7awzmu1ncs0871hziy65zx,8ab52e47993b51bb8feaa8b0,1,2,kvasir-seg::cju2pmhtr17a00855cvpelzb0
train,kvasir-seg::cju7awzmu1ncs0871hziy65zx,78d4847a93818968dd5bf1c0,2,2,kvasir-seg::cju2pmhtr17a00855cvpelzb0
train,kvasir-seg::cju7awzmu1ncs0871hziy65zx,94265967b551224b4a301efb,3,6,kvasir-seg::cju7aklv31h4309871m29l4e7
train,kvasir-seg::cju7awzmu1ncs0871hziy65zx,254f703c76cffeaad560649d,4,6,kvasir-seg::cju7aklv31h4309871m29l4e7
train,kvasir-seg::cju7awzmu1ncs0871hziy65zx,432f6dff87810efec0119e36,5,6,kvasir-seg::cju7aklv31h4309871m29l4e7
train,kvasir-seg::cju7awzmu1ncs0871hziy65zx,6424806bc833fd72228d27a4,6,6,kvasir-seg::cju7aklv31h4309871m29l4e7
train,kvasir-seg::cju7azuu31mia0801pf9ib5ed,89c3f2bc2fe0cb226be8452a,0,6,kvasir-seg::cju7aklv31h4309871m29l4e7
train,kvasir-seg::cju7azuu31mia0801pf9ib5ed,5cba0373c8e3101819049a66,1,6,kvasir-seg::cju7aklv31h4309871m29l4e7
train,kvasir-seg::cju7azuu31mia0801pf9ib5ed,f76d5bf3e22adf2fa2db6c99,2,6,kvasir-seg::cju7aklv31h4309871m29l4e7
train,kvasir-seg::cju7azuu31mia0801pf9ib5ed,b8b5f7ab827645dc058a2876,3,6,kvasir-seg::cju7aklv31h4309871m29l4e7
train,kvasir-seg::cju7azuu31mia0801pf9ib5ed,12655b79666e58f38f63d9b1,4,6,kvasir-seg::cju7aklv31h4309871m29l4e7
train,kvasir-seg::cju7azuu31mia0801pf9ib5ed,0b62c3f206f636acb22835c7,5,6,kvasir-seg::cju7aklv31h4309871m29l4e7
train,kvasir-seg::cju7azuu31mia0801pf9ib5ed,a783cd53ff2d722ed0e6d568,6,6,kvasir-seg::cju7aklv31h4309871m29l4e7
train,kvasir-seg::cju7b10ce1mnm08011c5bwyr4,5ac24808636f57068cf41be8,0,6,kvasir-seg::cju7aklv31h4309871m29l4e7
train,kvasir-seg::cju7b10ce1mnm08011c5bwyr4,83eb9b4b46137c7794346e3e,1,6,kvasir-seg::cju7aklv31h4309871m29l4e7
train,kvasir-seg::cju7b10ce1mnm08011c5bwyr4,b8becf1a3b20a62eb7fcd0b5,2,6,kvasir-seg::cju7aklv31h4309871m29l4e7
train,kvasir-seg::cju7b10ce1mnm08011c5bwyr4,cfc8ca81b57750bd651f72e4,3,6,kvasir-seg::cju7aklv31h4309871m29l4e7
train,kvasir-seg::cju7b10ce1mnm08011c5bwyr4,99890e60375ec72b83324c62,4,6,kvasir-seg::cju7aklv31h4309871m29l4e7
train,kvasir-seg::cju7b10ce1mnm08011c5bwyr4,d9d34cddfaf86e516eb09177,5,6,kvasir-seg::cju7aklv31h4309871m29l4e7
train,kvasir-seg::cju7b10ce1mnm08011c5bwyr4,468c18395d0d3a1161a30f89,6,6,kvasir-seg::cju7aklv31h4309871m29l4e7
train,kvasir-seg::cju7b2l561oas0871decgslaf,36e279695ccd4ed15359872e,0,6,kvasir-seg::cju7aklv31h4309871m29l4e7
train,kvasir-seg::cju7b2l561oas0871decgslaf,f2a2d4003f1fcd1b1e13bc12,1,6,kvasir-seg::cju7aklv31h4309871m29l4e7
train,kvasir-seg::cju7b2l561oas0871decgslaf,cdb9950a5d7c1b62642f9c7c,2,6,kvasir-seg::cju7aklv31h4309871m29l4e7
train,kvasir-seg::cju7b2l561oas0871decgslaf,ce1965450d2d16c1c4043a9b,3,6,kvasir-seg::cju7aklv31h4309871m29l4e7
train,kvasir-seg::cju7b2l561oas0871decgslaf,f318a6659457e542c49b3b04,4,6,kvasir-seg::cju7aklv31h4309871m29l4e7
train,kvasir-seg::cju7b2l561oas0871decgslaf,22c2cba9972e98dc58b49626,5,6,kvasir-seg::cju7aklv31h4309871m29l4e7
train,kvasir-seg::cju7b2l561oas0871decgslaf,b155805616da2ae84e013215,6,6,kvasir-seg::cju7aklv31h4309871m29l4e7
train,kvasir-seg::cju7b3f5h1sm40755i572jden,703c9ea222ea82c5d50400ed,0,1,kvasir-seg::cju1c4fcu40hl07992b8gj0c8
train,kvasir-seg::cju7b3f5h1sm40755i572jden,911d57a894886fab355706f7,1,1,kvasir-seg::cju1c4fcu40hl07992b8gj0c8
train,kvasir-seg::cju7b3f5h1sm40755i572jden,4fcd38cedebb29db7a547725,2,1,kvasir-seg::cju1c4fcu40hl07992b8gj0c8
train,kvasir-seg::cju7b3f5h1sm40755i572jden,958b71c90e80d7804d9f30ec,3,1,kvasir-seg::cju1c4fcu40hl07992b8gj0c8
train,kvasir-seg::cju7b3f5h1sm40755i572jden,6a21e43ed414180022570986,4,1,kvasir-seg::cju1c4fcu40hl07992b8gj0c8
train,kvasir-seg::cju7b3f5h1sm40755i572jden,be6859172e44c4d279e14857,5,1,kvasir-seg::cju1c4fcu40hl07992b8gj0c8
train,kvasir-seg::cju7b3f5h1sm40755i572jden,600754a5807f2987e95b34a6,6,1,kvasir-seg::cju1c4fcu40hl07992b8gj0c8
train,kvasir-seg::cju7b4mtw1n9n080186209f3d,e1489ffd76316e68ebd0ccdc,0,1,kvasir-seg::cju1c4fcu40hl07992b8gj0c8
train,kvasir-seg::cju7b4mtw1n9n080186209f3d,b386e04e6245f7600266c68e,1,1,kvasir-seg::cju1c4fcu40hl07992b8gj0c8
train,kvasir-seg::cju7b4mtw1n9n080186209f3d,8f102961950b4ebf1f116aaf,2,1,kvasir-seg::cju1c4fcu40hl07992b8gj0c8
train,kvasir-seg::cju7b4mtw1n9n080186209f3d,d40c617a0863eea414732dee,3,1,kvasir-seg::cju1c4fcu40hl07992b8gj0c8
train,kvasir-seg::cju7b4mtw1n9n080186209f3d,c9c45e26ef838e20a1e02743,4,1,kvasir-seg::cju1c4fcu40hl07992b8gj0c8
train,kvasir-seg::cju7b4mtw1n9n080186209f3d,9ee59aa47dad9fca7b93f477,5,1,kvasir-seg::cju1c4fcu40hl07992b8gj0c8
train,kvasir-seg::cju7b4mtw1n9n080186209f3d,95d6ca89c8eccfc0ae89adb6,6,1,kvasir-seg::cju1c4fcu40hl07992b8gj0c8
train,kvasir-seg::cju7b5afm1nfw0801xqm8bf8q,29c5a65322ac87e70021f20d,0,4,kvasir-seg::cju3v72v5h1qz0818fggilwtq
train,kvasir-seg::cju7b5afm1nfw0801xqm8bf8q,9ec595c0387d894a793af3e5,1,4,kvasir-seg::cju3v72v5h1qz0818fggilwtq
train,kvasir-seg::cju7b5afm1nfw0801xqm8bf8q,e3c1a4179d2471ed0321a41a,2,4,kvasir-seg::cju3v72v5h1qz0818fggilwtq
train,kvasir-seg::cju7b5afm1nfw0801xqm8bf8q,36056a547a5fe2ae3abfa71f,3,4,kvasir-seg::cju3v72v5h1qz0818fggilwtq
train,kvasir-seg::cju7b5afm1nfw0801xqm8bf8q,8ce65c055a37346bf7137d5b,4,4,kvasir-seg::cju3v72v5h1qz0818fggilwtq
train,kvasir-seg::cju7b5afm1nfw0801xqm8bf8q,a051653a5e3a92c6eec7b2b0,5,4,kvasir-seg::cju3v72v5h1qz0818fggilwtq
train,kvasir-seg::cju7b5afm1nfw0801xqm8bf8q,b9999f3e2f05473c33735af8,6,4,kvasir-seg::cju3v72v5h1qz0818fggilwtq
train,kvasir-seg::cju7b9vcs1luz0987ta60j1dy,dfd7172db091efd889003cc6,0,6,kvasir-seg::cju7aklv31h4309871m29l4e7
train,kvasir-seg::cju7b9vcs1luz0987ta60j1dy,e9372ede67972083065887fc,1,6,kvasir-seg::cju7aklv31h4309871m29l4e7
train,kvasir-seg::cju7b9vcs1luz0987ta60j1dy,7fba9714ca6624e7521cb295,2,6,kvasir-seg::cju7aklv31h4309871m29l4e7
train,kvasir-seg::cju7b9vcs1luz0987ta60j1dy,93205eae1b24ea9859b4f173,3,6,kvasir-seg::cju7aklv31h4309871m29l4e7
train,kvasir-seg::cju7b9vcs1luz0987ta60j1dy,3df319ab33d351778d2fa0bd,4,6,kvasir-seg::cju7aklv31h4309871m29l4e7
train,kvasir-seg::cju7b9vcs1luz0987ta60j1dy,ea9e20e8474932c9d4e14ceb,5,6,kvasir-seg::cju7aklv31h4309871m29l4e7
train,kvasir-seg::cju7b9vcs1luz0987ta60j1dy,3b2efde5324dbd007ce2542d,6,6,kvasir-seg::cju7aklv31h4309871m29l4e7
train,kvasir-seg::cju7bb3ss1uoo0755pmhyco7t,600c41b8acea52e2012f36eb,0,1,kvasir-seg::cju1c4fcu40hl07992b8gj0c8
train,kvasir-seg::cju7bb3ss1uoo0755pmhyco7t,6a4e4ada362a93718d9c23a4,1,1,kvasir-seg::cju1c4fcu40hl07992b8gj0c8
train,kvasir-seg::cju7bb3ss1uoo0755pmhyco7t,1f8d7f0a18825ff1e52713ff,2,1,kvasir-seg::cju1c4fcu40hl07992b8gj0c8
train,kvasir-seg::cju7bb3ss1uoo0755pmhyco7t,b7fced019722f5162ecf64ce,3,1,kvasir-seg::cju1c4fcu40hl07992b8gj0c8
train,kvasir-seg::cju7bb3ss1uoo0755pmhyco7t,28c3b616e7242d5d729fc0b4,4,1,kvasir-seg::cju1c4fcu40hl07992b8gj0c8
train,kvasir-seg::cju7bb3ss1uoo0755pmhyco7t,35003b8fca683737a8298c3c,5,1,kvasir-seg::cju1c4fcu40hl07992b8gj0c8
train,kvasir-seg::cju7bb3ss1uoo0755pmhyco7t,00d92fd2259e3d9451e6abb4,6,1,kvasir-seg::cju1c4fcu40hl07992b8gj0c8
train,kvasir-seg::cju7bc95p1mdm0817yqj5jc6j,12f4fa8ef6592ccd6b966aba,0,1,kvasir-seg::cju1c4fcu40hl07992b8gj0c8
train,kvasir-seg::cju7bc95p1mdm0817yqj5jc6j,fbe48d3ba9dcba57298ffece,1,1,kvasir-seg::cju1c4fcu40hl07992b8gj0c8
train,kvasir-seg::cju7bc95p1mdm0817yqj5jc6j,95065eb2dbf8a94c2ad0cdf4,2,1,kvasir-seg::cju1c4fcu40hl07992b8gj0c8
train,kvasir-seg::cju7bc95p1mdm0817yqj5jc6j,e4f4881fd0901f3b78555922,3,1,kvasir-seg::cju1c4fcu40hl07992b8gj0c8
train,kvasir-seg::cju7bc95p1mdm0817yqj5jc6j,3e9d346d7c34a968ccd51743,4,1,kvasir-seg::cju1c4fcu40hl07992b8gj0c8
train,kvasir-seg::cju7bc95p1mdm0817yqj5jc6j,e927a300da5d9700a3a53415,5,1,kvasir-seg::cju1c4fcu40hl07992b8gj0c8
train,kvasir-seg::cju7bc95p1mdm0817yqj5jc6j,286768dd5745ff30c1867a17,6,1,kvasir-seg::cju1c4fcu40hl07992b8gj0c8
train,kvasir-seg::cju7bduyq1rjf08719giru9ho,ba1aa01ef7e70d7bbe585dd8,0,1,kvasir-seg::cju1c4fcu40hl07992b8gj0c8
train,kvasir-seg::cju7bduyq1rjf08719giru9ho,848c9e3a0f896c34cb43e5d3,1,1,kvasir-seg::cju1c4fcu40hl07992b8gj0c8
train,kvasir-seg::cju7bduyq1rjf08719giru9ho,7ed985e0413a33d9dfaa1c66,2,1,kvasir-seg::cju1c4fcu40hl07992b8gj0c8
train,kvasir-seg::cju7bduyq1rjf08719giru9ho,099b3142b8456c3061455520,3,1,kvasir-seg::cju1c4fcu40hl07992b8gj0c8
train,kvasir-seg::cju7bduyq1rjf08719giru9ho,43bc79a528cd92818dfe75b8,4,1,kvasir-seg::cju1c4fcu40hl07992b8gj0c8
train,kvasir-seg::cju7bduyq1rjf08719giru9ho,9ef609a8bb431371e0c2c1a9,5,1,kvasir-seg::cju1c4fcu40hl07992b8gj0c8
train,kvasir-seg::cju7bduyq1rjf08719giru9ho,75ce180d1bac8fa38fa87f9b,6,1,kvasir-seg::cju1c4fcu40hl07992b8gj0c8
train,kvasir-seg::cju7bf1lp1shi081835vs84lc,d35978c7e1e18349da805177,0,1,kvasir-seg::cju1c4fcu40hl07992b8gj0c8
train,kvasir-seg::cju7bf1lp1shi081835vs84lc,4ac580de6f5e6f0e5188acaa,1,1,kvasir-seg::cju1c4fcu40hl07992b8gj0c8
train,kvasir-seg::cju7bf1lp1shi081835vs84lc,c73c9d11638bee8d216e88cd,2,1,kvasir-seg::cju1c4fcu40hl07992b8gj0c8
train,kvasir-seg::cju7bf1lp1shi081835vs84lc,5af43d63ec4f4a2d14c8a61b,3,1,kvasir-seg::cju1c4fcu40hl07992b8gj0c8
train,kvasir-seg::cju7bf1lp1shi081835vs84lc,30979140d87d8f144d086229,4,1,kvasir-seg::cju1c4fcu40hl07992b8gj0c8
train,kvasir-seg::cju7bf1lp1shi081835vs84lc,ce6577c6095c5e7e9b21ba26,5,1,kvasir-seg::cju1c4fcu40hl07992b8gj0c8
train,kvasir-seg::cju7bf1lp1shi081835vs84lc,1c7712c78f353a0baa96aee4,6,1,kvasir-seg::cju1c4fcu40hl07992b8gj0c8
train,kvasir-seg::cju7bfx651qr80801cs7epotb,06fe4ffa8e7180a59d394920,0,1,kvasir-seg::cju1c4fcu40hl07992b8gj0c8
train,kvasir-seg::cju7bfx651qr80801cs7epotb,40fc65444e206c9a1f24f8d6,1,1,kvasir-seg::cju1c4fcu40hl07992b8gj0c8
train,kvasir-seg::cju7bfx651qr80801cs7epotb,0aa169cbfb486824348857cb,2,1,kvasir-seg::cju1c4fcu40hl07992b8gj0c8
train,kvasir-seg::cju7bfx651qr80801cs7epotb,6dec696cd2720d146db9263a,3,1,kvasir-seg::cju1c4fcu40hl07992b8gj0c8
train,kvasir-seg::cju7bfx651qr80801cs7epotb,6ab5a34762993ea002daeefa,4,1,kvasir-seg::cju1c4fcu40hl07992b8gj0c8
train,kvasir-seg::cju7bfx651qr80801cs7epotb,1deba7d8a4b8c3ffefcaca80,5,1,kvasir-seg::cju1c4fcu40hl07992b8gj0c8
train,kvasir-seg::cju7bfx651qr80801cs7epotb,9b8bff1fec950ed9a2696864,6,1,kvasir-seg::cju1c4fcu40hl07992b8gj0c8
train,kvasir-seg::cju7bgnvb1sf808717qa799ir,cc1d59c14a9f252d9af9ccf3,0,6,kvasir-seg::cju7aklv31h4309871m29l4e7
train,kvasir-seg::cju7bgnvb1sf808717qa799ir,68f2d9f7dfc59bae0280b7b8,1,6,kvasir-seg::cju7aklv31h4309871m29l4e7
train,kvasir-seg::cju7bgnvb1sf808717qa799ir,944f375351600f096ab7ce05,2,6,kvasir-seg::cju7aklv31h4309871m29l4e7
train,kvasir-seg::cju7bgnvb1sf808717qa799ir,c763774bfb4383c53bc59de5,3,6,kvasir-seg::cju7aklv31h4309871m29l4e7
train,kvasir-seg::cju7bgnvb1sf808717qa799ir,de4d92454763d568864ddbe8,4,6,kvasir-seg::cju7aklv31h4309871m29l4e7
train,kvasir-seg::cju7bgnvb1sf808717qa799ir,f823a9a0c2f02a7de7165853,5,6,kvasir-seg::cju7aklv31h4309871m29l4e7
train,kvasir-seg::cju7bgnvb1sf808717qa799ir,10e4707837410e3af2cb147e,6,6,kvasir-seg::cju7aklv31h4309871m29l4e7
train,kvasir-seg::cju7bmi1v1pnj0987pa52jjok,4e9ffb0a0718a2191123160f,0,6,kvasir-seg::cju7aklv31h4309871m29l4e7
train,kvasir-seg::cju7bmi1v1pnj0987pa52jjok,18c02098f7fb6a5453e180d5,1,6,kvasir-seg::cju7aklv31h4309871m29l4e7
train,kvasir-seg::cju7bmi1v1pnj0987pa52jjok,9840d378365945bd1a18bca9,2,6,kvasir-seg::cju7aklv31h4309871m29l4e7
train,kvasir-seg::cju7bmi1v1pnj0987pa52jjok,7846be15676bdd30db121041,3,6,kvasir-seg::cju7aklv31h4309871m29l4e7
train,kvasir-seg::cju7bmi1v1pnj0987pa52jjok,397503fbe09c3e22e55066df,4,6,kvasir-seg::cju7aklv31h4309871m29l4e7
train,kvasir-seg::cju7bmi1v1pnj0987pa52jjok,12bc5a934e38ae11c4270920,5,6,kvasir-seg::cju7aklv31h4309871m29l4e7
train,kvasir-seg::cju7bmi1v1pnj0987pa52jjok,ae75d841dffda9d5ae2445c4,6,6,kvasir-seg::cju7aklv31h4309871m29l4e7
train,kvasir-seg::cju7cl8zm1xcu0817ado0jpas,7735db0ddc8e8569534eba47,0,1,kvasir-seg::cju1c4fcu40hl07992b8gj0c8
train,kvasir-seg::cju7cl8zm1xcu0817ado0jpas,a31a6532ccdd047b15ed09fa,1,1,kvasir-seg::cju1c4fcu40hl07992b8gj0c8
train,kvasir-seg::cju7cl8zm1xcu0817ado0jpas,5377b0d135911afaca5fb2a1,2,1,kvasir-seg::cju1c4fcu40hl07992b8gj0c8
train,kvasir-seg::cju7cl8zm1xcu0817ado0jpas,47801f12d701f284bb7eff81,3,1,kvasir-seg::cju1c4fcu40hl07992b8gj0c8
train,kvasir-seg::cju7cl8zm1xcu0817ado0jpas,e028ecfef162bd424da4134e,4,1,kvasir-seg::cju1c4fcu40hl07992b8gj0c8
train,kvasir-seg::cju7cl8zm1xcu0817ado0jpas,1fa00503482528c0f4ba7d33,5,1,kvasir-seg::cju1c4fcu40hl07992b8gj0c8
train,kvasir-seg::cju7cl8zm1xcu0817ado0jpas,92f2cdd5ab9d41036b96b5bf,6,1,kvasir-seg::cju1c4fcu40hl07992b8gj0c8
train,kvasir-seg::cju7cp6dw244p0818gncdol4m,f4b2fd6a9bd6b85cebb85873,0,2,kvasir-seg::cju2pmhtr17a00855cvpelzb0
train,kvasir-seg::cju7cp6dw244p0818gncdol4m,4de13353fc80f5c52fe63565,1,2,kvasir-seg::cju2pmhtr17a00855cvpelzb0
train,kvasir-seg::cju7cp6dw244p0818gncdol4m,50d7f4269301dd4708be00dd,2,2,kvasir-seg::cju2pmhtr17a00855cvpelzb0
train,kvasir-seg::cju7cp6dw244p0818gncdol4m,5c89ff42d6c99c529a9834e1,3,2,kvasir-seg::cju2pmhtr17a00855cvpelzb0
train,kvasir-seg::cju7cp6dw244p0818gncdol4m,7a7c03f23dcbcf4ba13ad726,4,2,kvasir-seg::cju2pmhtr17a00855cvpelzb0
train,kvasir-seg::cju7cp6dw244p0818gncdol4m,2c809d9741a478fc3e919ced,5,2,kvasir-seg::cju2pmhtr17a00855cvpelzb0
train,kvasir-seg::cju7cp6dw244p0818gncdol4m,4b182f63b22f84704d9a6c7b,6,2,kvasir-seg::cju2pmhtr17a00855cvpelzb0
train,kvasir-seg::cju7cq6su27qv075574dir0r3,5fe7fa8f29b472a939795329,0,6,kvasir-seg::cju7aklv31h4309871m29l4e7
train,kvasir-seg::cju7cq6su27qv075574dir0r3,b3ce58ec16b3d7bf77f4f1bb,1,6,kvasir-seg::cju7aklv31h4309871m29l4e7
train,kvasir-seg::cju7cq6su27qv075574dir0r3,d12f6e377fa2aa4dee77f238,2,6,kvasir-seg::cju7aklv31h4309871m29l4e7
train,kvasir-seg::cju7cq6su27qv075574dir0r3,132b959dd9513af52831e964,3,6,kvasir-seg::cju7aklv31h4309871m29l4e7
train,kvasir-seg::cju7cq6su27qv075574dir0r3,2f1b1e14a6df13561b749c92,4,6,kvasir-seg::cju7aklv31h4309871m29l4e7
train,kvasir-seg::cju7cq6su27qv075574dir0r3,71c7641d1c48c937fa729e5a,5,6,kvasir-seg::cju7aklv31h4309871m29l4e7
train,kvasir-seg::cju7cq6su27qv075574dir0r3,9776342ce24cdac3c16d2302,6,6,kvasir-seg::cju7aklv31h4309871m29l4e7
train,kvasir-seg::cju7crgxa28550755wbsgqkel,395a267603c00e96a8c6fff5,0,6,kvasir-seg::cju7aklv31h4309871m29l4e7
train,kvasir-seg::cju7crgxa28550755wbsgqkel,081b7d3df11164b9cce74b14,1,2,kvasir-seg::cju2pmhtr17a00855cvpelzb0
train,kvasir-seg::cju7crgxa28550755wbsgqkel,0d0dbdc53f0438fb4a44034a,2,6,kvasir-seg::cju7aklv31h4309871m29l4e7
train,kvasir-seg::cju7crgxa28550755wbsgqkel,fb8791fc805fb30f261aa17c,3,6,kvasir-seg::cju7aklv31h4309871m29l4e7
train,kvasir-seg::cju7crgxa28550755wbsgqkel,bccfe33c8b0c24cd56b7b2ec,4,6,kvasir-seg::cju7aklv31h4309871m29l4e7
train,kvasir-seg::cju7crgxa28550755wbsgqkel,d0d5c8c41f34905577b32fa9,5,6,kvasir-seg::cju7aklv31h4309871m29l4e7
train,kvasir-seg::cju7crgxa28550755wbsgqkel,b5227a07a2a0b106f60bff06,6,6,kvasir-seg::cju7aklv31h4309871m29l4e7
train,kvasir-seg::cju7csvlb22fr0850lvm45n3x,041df1f22609788f605f6220,0,1,kvasir-seg::cju1c4fcu40hl07992b8gj0c8
train,kvasir-seg::cju7csvlb22fr0850lvm45n3x,f2f555ed7a1b74fcb649c1de,1,1,kvasir-seg::cju1c4fcu40hl07992b8gj0c8
train,kvasir-seg::cju7csvlb22fr0850lvm45n3x,1af1b629f35d8aba4e5900ed,2,1,kvasir-seg::cju1c4fcu40hl07992b8gj0c8
train,kvasir-seg::cju7csvlb22fr0850lvm45n3x,0d85053ba3cc7f27522d41ea,3,1,kvasir-seg::cju1c4fcu40hl07992b8gj0c8
train,kvasir-seg::cju7csvlb22fr0850lvm45n3x,a2dca1e089a6d181b1f7cdbe,4,1,kvasir-seg::cju1c4fcu40hl07992b8gj0c8
train,kvasir-seg::cju7csvlb22fr0850lvm45n3x,589a5a747712f230009a3f00,5,1,kvasir-seg::cju1c4fcu40hl07992b8gj0c8
train,kvasir-seg::cju7csvlb22fr0850lvm45n3x,f6073f6eaae1fbf79f553999,6,1,kvasir-seg::cju1c4fcu40hl07992b8gj0c8
train,kvasir-seg::cju7cue9b232j0801qdzk1ykj,acfa63237585f5cf3000a028,0,1,kvasir-seg::cju1c4fcu40hl07992b8gj0c8
train,kvasir-seg::cju7cue9b232j0801qdzk1ykj,d9fdf17c361f5736af5fd88b,1,1,kvasir-seg::cju1c4fcu40hl07992b8gj0c8
train,kvasir-seg::cju7cue9b232j0801qdzk1ykj,710f84756f009dce6e027ef2,2,1,kvasir-seg::cju1c4fcu40hl07992b8gj0c8
train,kvasir-seg::cju7cue9b232j0801qdzk1ykj,31aff98929bb8ed3171fa938,3,1,kvasir-seg::cju1c4fcu40hl07992b8gj0c8
train,kvasir-seg::cju7cue9b232j0801qdzk1ykj,b695b36e3ab9f1997cf1c5cf,4,1,kvasir-seg::cju1c4fcu40hl07992b8gj0c8
train,kvasir-seg::cju7cue9b232j0801qdzk1ykj,c12b0b332894f6de3339da4c,5,1,kvasir-seg::cju1c4fcu40hl07992b8gj0c8
train,kvasir-seg::cju7cue9b232j0801qdzk1ykj,287c05b7b1ad2801711cb6ab,6,1,kvasir-seg::cju1c4fcu40hl07992b8gj0c8
train,kvasir-seg::cju7d1tvt25bu08019dvw3uff,84c344de040678956a0144b9,0,1,kvasir-seg::cju1c4fcu40hl07992b8gj0c8
train,kvasir-seg::cju7d1tvt25bu08019dvw3uff,7c1ecb5ff67ddf8e1bf8b04b,1,1,kvasir-seg::cju1c4fcu40hl07992b8gj0c8
train,kvasir-seg::cju7d1tvt25bu08019dvw3uff,76708bf4a5dffa994fae8f55,2,1,kvasir-seg::cju1c4fcu40hl07992b8gj0c8
train,kvasir-seg::cju7d1tvt25bu08019dvw3uff,2d115953ac077a635e45dc65,3,1,kvasir-seg::cju1c4fcu40hl07992b8gj0c8
train,kvasir-seg::cju7d1tvt25bu08019dvw3uff,2209e1f15b5b848873116dd8,4,1,kvasir-seg::cju1c4fcu40hl07992b8gj0c8
train,kvasir-seg::cju7d1tvt25bu08019dvw3uff,a2aaef18d78b1a1f21547019,5,1,kvasir-seg::cju1c4fcu40hl07992b8gj0c8
train,kvasir-seg::cju7d1tvt25bu08019dvw3uff,358d6d6d7af48a93ad3eb23d,6,1,kvasir-seg::cju1c4fcu40hl07992b8gj0c8
train,kvasir-seg::cju7d3oc82cho0755dajlwldz,a58db08a8a306ab3941be09a,0,6,kvasir-seg::cju7aklv31h4309871m29l4e7
train,kvasir-seg::cju7d3oc82cho0755dajlwldz,18c577888a7d0d101e655318,1,6,kvasir-seg::cju7aklv31h4309871m29l4e7
train,kvasir-seg::cju7d3oc82cho0755dajlwldz,773ba0388014b43413f4ee20,2,6,kvasir-seg::cju7aklv31h4309871m29l4e7
train,kvasir-seg::cju7d3oc82cho0755dajlwldz,ad8330f2445f6da0df8f42ae,3,6,kvasir-seg::cju7aklv31h4309871m29l4e7
train,kvasir-seg::cju7d3oc82cho0755dajlwldz,2e7c0b4d0b624dbd4cfb16fd,4,6,kvasir-seg::cju7aklv31h4309871m29l4e7
train,kvasir-seg::cju7d3oc82cho0755dajlwldz,c4b056e50408388bdfbf2708,5,6,kvasir-seg::cju7aklv31h4309871m29l4e7
train,kvasir-seg::cju7d3oc82cho0755dajlwldz,5409530b4995bb8f85b3b5ef,6,6,kvasir-seg::cju7aklv31h4309871m29l4e7
train,kvasir-seg::cju7d4jk723eu0817bqz2n39m,399d4631a4810e44a664b413,0,1,kvasir-seg::cju1c4fcu40hl07992b8gj0c8
train,kvasir-seg::cju7d4jk723eu0817bqz2n39m,64e7303dc0b25356b437ab26,1,1,kvasir-seg::cju1c4fcu40hl07992b8gj0c8
train,kvasir-seg::cju7d4jk723eu0817bqz2n39m,4bef016b3dd32b0c73104a05,2,1,kvasir-seg::cju1c4fcu40hl07992b8gj0c8
train,kvasir-seg::cju7d4jk723eu0817bqz2n39m,534bc332bb125bd4bab27cb7,3,1,kvasir-seg::cju1c4fcu40hl07992b8gj0c8
train,kvasir-seg::cju7d4jk723eu0817bqz2n39m,55c59ebe1e64b32a10ccaf06,4,1,kvasir-seg::cju1c4fcu40hl07992b8gj0c8
train,kvasir-seg::cju7d4jk723eu0817bqz2n39m,333d94c4c8cecf90944cb86d,5,1,kvasir-seg::cju1c4fcu40hl07992b8gj0c8
train,kvasir-seg::cju7d4jk723eu0817bqz2n39m,2e613d9d8762ede20f5e8818,6,1,kvasir-seg::cju1c4fcu40hl07992b8gj0c8
train,kvasir-seg::cju7d5m0p23kn09871rk7pu3v,f24503bc32b67ab8842b3173,0,1,kvasir-seg::cju1c4fcu40hl07992b8gj0c8
train,kvasir-seg::cju7d5m0p23kn09871rk7pu3v,0178863fc2d1de67a18de313,1,1,kvasir-seg::cju1c4fcu40hl07992b8gj0c8
train,kvasir-seg::cju7d5m0p23kn09871rk7pu3v,e0c526869e652272b41c32da,2,1,kvasir-seg::cju1c4fcu40hl07992b8gj0c8
train,kvasir-seg::cju7d5m0p23kn09871rk7pu3v,aa2442f6ab9ec647531dc954,3,1,kvasir-seg::cju1c4fcu40hl07992b8gj0c8
train,kvasir-seg::cju7d5m0p23kn09871rk7pu3v,5d648d257a02e0085b42f098,4,1,kvasir-seg::cju1c4fcu40hl07992b8gj0c8
train,kvasir-seg::cju7d5m0p23kn09871rk7pu3v,598a41113844b3351e91815a,5,1,kvasir-seg::cju1c4fcu40hl07992b8gj0c8
train,kvasir-seg::cju7d5m0p23kn09871rk7pu3v,2b443a086a5c5913f693dd86,6,1,kvasir-seg::cju1c4fcu40hl07992b8gj0c8
train,kvasir-seg::cju7d6ux323ze0987xos3srkx,ee10ed179864f70095b9a449,0,1,kvasir-seg::cju1c4fcu40hl07992b8gj0c8
train,kvasir-seg::cju7d6ux323ze0987xos3srkx,f5b5647d695e2e41cb5e0080,1,1,kvasir-seg::cju1c4fcu40hl07992b8gj0c8
train,kvasir-seg::cju7d6ux323ze0987xos3srkx,a3bc26da8955f31348e89e63,2,1,kvasir-seg::cju1c4fcu40hl07992b8gj0c8
train,kvasir-seg::cju7d6ux323ze0987xos3srkx,1c7fd2bf0990585298fc3e69,3,1,kvasir-seg::cju1c4fcu40hl07992b8gj0c8
train,kvasir-seg::cju7d6ux323ze0987xos3srkx,f65fb98e05674e9674cd5af0,4,1,kvasir-seg::cju1c4fcu40hl07992b8gj0c8
train,kvasir-seg::cju7d6ux323ze0987xos3srkx,b9041f4f6041520752f8e180,5,1,kvasir-seg::cju1c4fcu40hl07992b8gj0c8
train,kvasir-seg::cju7d6ux323ze0987xos3srkx,16e532ab01f60cd13fd22604,6,1,kvasir-seg::cju1c4fcu40hl07992b8gj0c8
train,kvasir-seg::cju7d7tly27h408016fyp5nr7,5e71621edcaec3c509f4be73,0,6,kvasir-seg::cju7aklv31h4309871m29l4e7
train,kvasir-seg::cju7d7tly27h408016fyp5nr7,3da0ddb55a6c51db1875fed2,1,6,kvasir-seg::cju7aklv31h4309871m29l4e7
train,kvasir-seg::cju7d7tly27h408016fyp5nr7,8b1371be091c85e0990bc3e9,2,6,kvasir-seg::cju7aklv31h4309871m29l4e7
train,kvasir-seg::cju7d7tly27h408016fyp5nr7,663b736167c2781c85e8a0ee,3,6,kvasir-seg::cju7aklv31h4309871m29l4e7
train,kvasir-seg::cju7d7tly27h408016fyp5nr7,c5b7c3f94c5604655e7a0db6,4,6,kvasir-seg::cju7aklv31h4309871m29l4e7
train,kvasir-seg::cju7d7tly27h408016fyp5nr7,58aca24d4db03e1d1f1b82f2,5,6,kvasir-seg::cju7aklv31h4309871m29l4e7
train,kvasir-seg::cju7d7tly27h408016fyp5nr7,0dce45ce20fadc8db3704513,6,6,kvasir-seg::cju7aklv31h4309871m29l4e7
train,kvasir-seg::cju7d8m3b2e210755l8fj1yph,5bbb1ae8d245eb63acf1e4a8,0,8,kvasir-seg::cjyzkpsbjdsjq07211dfi4sru
train,kvasir-seg::cju7d8m3b2e210755l8fj1yph,8954f28c5fcb3cc42b92cea5,1,1,kvasir-seg::cju1c4fcu40hl07992b8gj0c8
train,kvasir-seg::cju7d8m3b2e210755l8fj1yph,43b58cff1f76360cfe495fb3,2,1,kvasir-seg::cju1c4fcu40hl07992b8gj0c8
train,kvasir-seg::cju7d8m3b2e210755l8fj1yph,367c78e3784b3da827a29850,3,1,kvasir-seg::cju1c4fcu40hl07992b8gj0c8
train,kvasir-seg::cju7d8m3b2e210755l8fj1yph,794aa19a3c626fdccbe089de,4,1,kvasir-seg::cju1c4fcu40hl07992b8gj0c8
train,kvasir-seg::cju7d8m3b2e210755l8fj1yph,21dea803309b2d30a7ae1f98,5,1,kvasir-seg::cju1c4fcu40hl07992b8gj0c8
train,kvasir-seg::cju7d8m3b2e210755l8fj1yph,75d252fea94534441199db30,6,1,kvasir-seg::cju1c4fcu40hl07992b8gj0c8
train,kvasir-seg::cju7d9seq29zd0871nzl2uu5m,d0fdaefbedd81edc5a36182f,0,6,kvasir-seg::cju7aklv31h4309871m29l4e7
train,kvasir-seg::cju7d9seq29zd0871nzl2uu5m,47a5a2939065291f8c6b816c,1,6,kvasir-seg::cju7aklv31h4309871m29l4e7
train,kvasir-seg::cju7d9seq29zd0871nzl2uu5m,d78b5443c2e40d94340b3a70,2,6,kvasir-seg::cju7aklv31h4309871m29l4e7
train,kvasir-seg::cju7d9seq29zd0871nzl2uu5m,ee163a91164cd454a5a6ed30,3,6,kvasir-seg::cju7aklv31h4309871m29l4e7
train,kvasir-seg::cju7d9seq29zd0871nzl2uu5m,ae5c78d6af986f41c1a4418c,4,6,kvasir-seg::cju7aklv31h4309871m29l4e7
train,kvasir-seg::cju7d9seq29zd0871nzl2uu5m,8b3cf7aed6a7d90e35966019,5,6,kvasir-seg::cju7aklv31h4309871m29l4e7
train,kvasir-seg::cju7d9seq29zd0871nzl2uu5m,5059035c553548390fc8a9a4,6,6,kvasir-seg::cju7aklv31h4309871m29l4e7
train,kvasir-seg::cju7da88w2eod0755wejzynvt,2d7f5eb46f459b290461fbae,0,1,kvasir-seg::cju1c4fcu40hl07992b8gj0c8
train,kvasir-seg::cju7da88w2eod0755wejzynvt,91550cc049d025ac406bdc2f,1,1,kvasir-seg::cju1c4fcu40hl07992b8gj0c8
train,kvasir-seg::cju7da88w2eod0755wejzynvt,96eb959ac4657fa53f5c6c8e,2,1,kvasir-seg::cju1c4fcu40hl07992b8gj0c8
train,kvasir-seg::cju7da88w2eod0755wejzynvt,2d189f0684ca2330b37e2039,3,1,kvasir-seg::cju1c4fcu40hl07992b8gj0c8
train,kvasir-seg::cju7da88w2eod0755wejzynvt,d388f5a4bed77c5ae59a97c2,4,1,kvasir-seg::cju1c4fcu40hl07992b8gj0c8
train,kvasir-seg::cju7da88w2eod0755wejzynvt,94b8dca86336039c75ff49bd,5,1,kvasir-seg::cju1c4fcu40hl07992b8gj0c8
train,kvasir-seg::cju7da88w2eod0755wejzynvt,1de511394f00abf54d3e170c,6,1,kvasir-seg::cju1c4fcu40hl07992b8gj0c8
train,kvasir-seg::cju7db7lp2f400755tntd1ohf,9549a0d060f4c7f67639614b,0,1,kvasir-seg::cju1c4fcu40hl07992b8gj0c8
train,kvasir-seg::cju7db7lp2f400755tntd1ohf,c8268d83cd69f4b9e1ff536a,1,1,kvasir-seg::cju1c4fcu40hl07992b8gj0c8
train,kvasir-seg::cju7db7lp2f400755tntd1ohf,6ecf45957f7b8e1fdfcc789f,2,1,kvasir-seg::cju1c4fcu40hl07992b8gj0c8
train,kvasir-seg::cju7db7lp2f400755tntd1ohf,aaadebb6b46dc19a8014b7d0,3,1,kvasir-seg::cju1c4fcu40hl07992b8gj0c8
train,kvasir-seg::cju7db7lp2f400755tntd1ohf,8c2443c52c59d3240704ad1a,4,1,kvasir-seg::cju1c4fcu40hl07992b8gj0c8
train,kvasir-seg::cju7db7lp2f400755tntd1ohf,c6677aec71bc1d5c701a9e73,5,1,kvasir-seg::cju1c4fcu40hl07992b8gj0c8
train,kvasir-seg::cju7db7lp2f400755tntd1ohf,5b9c7331b6d3f0d16a34665f,6,1,kvasir-seg::cju1c4fcu40hl07992b8gj0c8
train,kvasir-seg::cju7dbppn28nx085097654msi,77c01ad012af3465a92a6a43,0,1,kvasir-seg::cju1c4fcu40hl07992b8gj0c8
train,kvasir-seg::cju7dbppn28nx085097654msi,e4e1ba81a65f3cd42effd712,1,1,kvasir-seg::cju1c4fcu40hl07992b8gj0c8
train,kvasir-seg::cju7dbppn28nx085097654msi,afab6ed3039d0e1d2947a5bb,2,1,kvasir-seg::cju1c4fcu40hl07992b8gj0c8
train,kvasir-seg::cju7dbppn28nx085097654msi,99c1a83b018ddd19ef833efe,3,1,kvasir-seg::cju1c4fcu40hl07992b8gj0c8
train,kvasir-seg::cju7dbppn28nx085097654msi,9df50d96efbd21e6485a3c0d,4,1,kvasir-seg::cju1c4fcu40hl07992b8gj0c8
train,kvasir-seg::cju7dbppn28nx085097654msi,9f8bb301d35042b7362eb457,5,1,kvasir-seg::cju1c4fcu40hl07992b8gj0c8
train,kvasir-seg::cju7dbppn28nx085097654msi,fc9ac3ccb57f5ec6a185a594,6,1,kvasir-seg::cju1c4fcu40hl07992b8gj0c8
train,kvasir-seg::cju7ddtz729960801uazp1knc,aef2c3d27bc7bd455d7af1e9,0,1,kvasir-seg::cju1c4fcu40hl07992b8gj0c8
train,kvasir-seg::cju7ddtz729960801uazp1knc,34917c0076f8332ae4e316cf,1,1,kvasir-seg::cju1c4fcu40hl07992b8gj0c8
train,kvasir-seg::cju7ddtz729960801uazp1knc,78f573e181ca74a92506f80d,2,1,kvasir-seg::cju1c4fcu40hl07992b8gj0c8
train,kvasir-seg::cju7ddtz729960801uazp1knc,15b23fa272025bc31a126224,3,1,kvasir-seg::cju1c4fcu40hl07992b8gj0c8
train,kvasir-seg::cju7ddtz729960801uazp1knc,72573dad50d310acd60d37bf,4,1,kvasir-seg::cju1c4fcu40hl07992b8gj0c8
train,kvasir-seg::cju7ddtz729960801uazp1knc,e1541ed3106608d02df7c52f,5,1,kvasir-seg::cju1c4fcu40hl07992b8gj0c8
train,kvasir-seg::cju7ddtz729960801uazp1knc,e30659afd63e46d5078fa970,6,1,kvasir-seg::cju1c4fcu40hl07992b8gj0c8
train,kvasir-seg::cju7deifq2fzn0755lc8idyh8,6140a2203ef504c4490e50fd,0,6,kvasir-seg::cju7aklv31h4309871m29l4e7
train,kvasir-seg::cju7deifq2fzn0755lc8idyh8,b534393dea14a43bc5a4798b,1,6,kvasir-seg::cju7aklv31h4309871m29l4e7
train,kvasir-seg::cju7deifq2fzn0755lc8idyh8,460f87753455a073f8687e6f,2,6,kvasir-seg::cju7aklv31h4309871m29l4e7
train,kvasir-seg::cju7deifq2fzn0755lc8idyh8,b63393c8b992b607957215c2,3,6,kvasir-seg::cju7aklv31h4309871m29l4e7
train,kvasir-seg::cju7deifq2fzn0755lc8idyh8,5343c28737737bd6384e18aa,4,6,kvasir-seg::cju7aklv31h4309871m29l4e7
train,kvasir-seg::cju7deifq2fzn0755lc8idyh8,4331e0bfa2ac7e2736056b16,5,6,kvasir-seg::cju7aklv31h4309871m29l4e7
train,kvasir-seg::cju7deifq2fzn0755lc8idyh8,07ca7cac3e79aca865da8f3e,6,6,kvasir-seg::cju7aklv31h4309871m29l4e7
train,kvasir-seg::cju7dff9529h208503w60lbil,6dec83ea781d9322bd450261,0,1,kvasir-seg::cju1c4fcu40hl07992b8gj0c8
train,kvasir-seg::cju7dff9529h208503w60lbil,5a19bea18742d7dc0b6a5779,1,1,kvasir-seg::cju1c4fcu40hl07992b8gj0c8
train,kvasir-seg::cju7dff9529h208503w60lbil,9fd0907794117acf366594be,2,1,kvasir-seg::cju1c4fcu40hl07992b8gj0c8
train,kvasir-seg::cju7dff9529h208503w60lbil,c32ae6d5bf3a5b2509a3af68,3,1,kvasir-seg::cju1c4fcu40hl07992b8gj0c8
train,kvasir-seg::cju7dff9529h208503w60lbil,68e1a0866251be18410a97dc,4,1,kvasir-seg::cju1c4fcu40hl07992b8gj0c8
train,kvasir-seg::cju7dff9529h208503w60lbil,60e903ff89fad2f77bdb6529,5,1,kvasir-seg::cju1c4fcu40hl07992b8gj0c8
train,kvasir-seg::cju7dff9529h208503w60lbil,6fadbaa3bfe659b453b623bb,6,1,kvasir-seg::cju1c4fcu40hl07992b8gj0c8
train,kvasir-seg::cju7dglf226g50987ohbthl19,142d57c6da1563397ea98f53,0,1,kvasir-seg::cju1c4fcu40hl07992b8gj0c8
train,kvasir-seg::cju7dglf226g50987ohbthl19,dc67fc1202fa2b0f4e9c8027,1,1,kvasir-seg::cju1c4fcu40hl07992b8gj0c8
train,kvasir-seg::cju7dglf226g50987ohbthl19,0bc20c976e07600611ca74d1,2,1,kvasir-seg::cju1c4fcu40hl07992b8gj0c8
train,kvasir-seg::cju7dglf226g50987ohbthl19,b162ba0cf31c097af3d7be9f,3,1,kvasir-seg::cju1c4fcu40hl07992b8gj0c8
train,kvasir-seg::cju7dglf226g50987ohbthl19,727fd7e634bf668547c82d59,4,1,kvasir-seg::cju1c4fcu40hl07992b8gj0c8
train,kvasir-seg::cju7dglf226g50987ohbthl19,baec6156744bd79b6ce3be09,5,1,kvasir-seg::cju1c4fcu40hl07992b8gj0c8
train,kvasir-seg::cju7dglf226g50987ohbthl19,314f467d57bde4c927295052,6,1,kvasir-seg::cju1c4fcu40hl07992b8gj0c8
train,kvasir-seg::cju7dhpsc2dnn0818025m6857,c7a3d162fea1d00b04986296,0,1,kvasir-seg::cju1c4fcu40hl07992b8gj0c8
train,kvasir-seg::cju7dhpsc2dnn0818025m6857,77157b2c18bcbbb643a5f0dc,1,1,kvasir-seg::cju1c4fcu40hl07992b8gj0c8
train,kvasir-seg::cju7dhpsc2dnn0818025m6857,836a267703f91a3be04bd5c0,2,1,kvasir-seg::cju1c4fcu40hl07992b8gj0c8
train,kvasir-seg::cju7dhpsc2dnn0818025m6857,27fa96dc7455637be8801883,3,1,kvasir-seg::cju1c4fcu40hl07992b8gj0c8
train,kvasir-seg::cju7dhpsc2dnn0818025m6857,fe4eefd3f049606ee72ea417,4,1,kvasir-seg::cju1c4fcu40hl07992b8gj0c8
train,kvasir-seg::cju7dhpsc2dnn0818025m6857,200159cbb7874ee290129cf3,5,1,kvasir-seg::cju1c4fcu40hl07992b8gj0c8
train,kvasir-seg::cju7dhpsc2dnn0818025m6857,259645d449d7df8cbe5a83f3,6,1,kvasir-seg::cju1c4fcu40hl07992b8gj0c8
train,kvasir-seg::cju7dizi82h2i0755doucgnt3,fd6e14cc1a66493323e3e396,0,6,kvasir-seg::cju7aklv31h4309871m29l4e7
train,kvasir-seg::cju7dizi82h2i0755doucgnt3,06af651cf553185edb773fea,1,6,kvasir-seg::cju7aklv31h4309871m29l4e7
train,kvasir-seg::cju7dizi82h2i0755doucgnt3,2d944417036ee70447e9be00,2,6,kvasir-seg::cju7aklv31h4309871m29l4e7
train,kvasir-seg::cju7dizi82h2i0755doucgnt3,2728d69f066c9394acdcd8c1,3,6,kvasir-seg::cju7aklv31h4309871m29l4e7
train,kvasir-seg::cju7dizi82h2i0755doucgnt3,5cdba574e23afcd5b996356b,4,6,kvasir-seg::cju7aklv31h4309871m29l4e7
train,kvasir-seg::cju7dizi82h2i0755doucgnt3,487a0bd54ce1650488180f07,5,6,kvasir-seg::cju7aklv31h4309871m29l4e7
train,kvasir-seg::cju7dizi82h2i0755doucgnt3,6ff899d4acea4b183d53268f,6,6,kvasir-seg::cju7aklv31h4309871m29l4e7
train,kvasir-seg::cju7dlk532dsh0871zvr6qz0r,2d8621503e3b7c0ab90679af,0,1,kvasir-seg::cju1c4fcu40hl07992b8gj0c8
train,kvasir-seg::cju7dlk532dsh0871zvr6qz0r,6e5d7c02e020fd5e21dd89d8,1,1,kvasir-seg::cju1c4fcu40hl07992b8gj0c8
train,kvasir-seg::cju7dlk532dsh0871zvr6qz0r,fa11382da29374847fc5b8de,2,1,kvasir-seg::cju1c4fcu40hl07992b8gj0c8
train,kvasir-seg::cju7dlk532dsh0871zvr6qz0r,b63c7b62b752e9750a912db1,3,1,kvasir-seg::cju1c4fcu40hl07992b8gj0c8
train,kvasir-seg::cju7dlk532dsh0871zvr6qz0r,35897ef2815c0de3031b05e1,4,1,kvasir-seg::cju1c4fcu40hl07992b8gj0c8
train,kvasir-seg::cju7dlk532dsh0871zvr6qz0r,d2612e8e392fbebd5fb50aeb,5,1,kvasir-seg::cju1c4fcu40hl07992b8gj0c8
train,kvasir-seg::cju7dlk532dsh0871zvr6qz0r,e0713a66a78f2333a4567f6d,6,1,kvasir-seg::cju1c4fcu40hl07992b8gj0c8
train,kvasir-seg::cju7dmlgf2ebw0871ieqas5fh,4b5375c6375ed7a8ac57d2d4,0,6,kvasir-seg::cju7aklv31h4309871m29l4e7
train,kvasir-seg::cju7dmlgf2ebw0871ieqas5fh,7304927deae894aba559b893,1,6,kvasir-seg::cju7aklv31h4309871m29l4e7
train,kvasir-seg::cju7dmlgf2ebw0871ieqas5fh,3316aa740012b780254d0178,2,6,kvasir-seg::cju7aklv31h4309871m29l4e7
train,kvasir-seg::cju7dmlgf2ebw0871ieqas5fh,0550281cefd5803bbaadfed0,3,6,kvasir-seg::cju7aklv31h4309871m29l4e7
train,kvasir-seg::cju7dmlgf2ebw0871ieqas5fh,093db812670e9d45ffddf5d5,4,6,kvasir-seg::cju7aklv31h4309871m29l4e7
train,kvasir-seg::cju7dmlgf2ebw0871ieqas5fh,e51e818ee56159ec2d55ef96,5,6,kvasir-seg::cju7aklv31h4309871m29l4e7
train,kvasir-seg::cju7dmlgf2ebw0871ieqas5fh,f237a9f347e76156b35b39cf,6,6,kvasir-seg::cju7aklv31h4309871m29l4e7
train,kvasir-seg::cju7dn24o296i09871qfxb8s2,c11c83d8386012e6e9f661b8,0,1,kvasir-seg::cju1c4fcu40hl07992b8gj0c8
train,kvasir-seg::cju7dn24o296i09871qfxb8s2,0fe1d4af493f74dfaaea49ad,1,1,kvasir-seg::cju1c4fcu40hl07992b8gj0c8
train,kvasir-seg::cju7dn24o296i09871qfxb8s2,d9cde7ebcb6b5367a1aa8755,2,1,kvasir-seg::cju1c4fcu40hl07992b8gj0c8
train,kvasir-seg::cju7dn24o296i09871qfxb8s2,347c5a2e6c28944d371de2dc,3,1,kvasir-seg::cju1c4fcu40hl07992b8gj0c8
train,kvasir-seg::cju7dn24o296i09871qfxb8s2,e67e31a77ceeb02a2e821206,4,1,kvasir-seg::cju1c4fcu40hl07992b8gj0c8
train,kvasir-seg::cju7dn24o296i09871qfxb8s2,0c80183b9982fdb67d93a46e,5,1,kvasir-seg::cju1c4fcu40hl07992b8gj0c8
train,kvasir-seg::cju7dn24o296i09871qfxb8s2,b260098c9cfac3bb9402c954,6,1,kvasir-seg::cju1c4fcu40hl07992b8gj0c8
train,kvasir-seg::cju7do8c72dbo0801vxfzxdc4,250e3ab2d87ca7dc18764fe0,0,1,kvasir-seg::cju1c4fcu40hl07992b8gj0c8
train,kvasir-seg::cju7do8c72dbo0801vxfzxdc4,db7ff119f95023b6c3c03cd1,1,1,kvasir-seg::cju1c4fcu40hl07992b8gj0c8
train,kvasir-seg::cju7do8c72dbo0801vxfzxdc4,a5a07e23c070154d66198049,2,1,kvasir-seg::cju1c4fcu40hl07992b8gj0c8
train,kvasir-seg::cju7do8c72dbo0801vxfzxdc4,dfc3ddd3c6fa42cf30b7b2be,3,1,kvasir-seg::cju1c4fcu40hl07992b8gj0c8
train,kvasir-seg::cju7do8c72dbo0801vxfzxdc4,17e0ec8e88ee13bafba1ca53,4,1,kvasir-seg::cju1c4fcu40hl07992b8gj0c8
train,kvasir-seg::cju7do8c72dbo0801vxfzxdc4,dadf6fa27ba836dabe0c693d,5,1,kvasir-seg::cju1c4fcu40hl07992b8gj0c8
train,kvasir-seg::cju7do8c72dbo0801vxfzxdc4,9c58b7b27687f5d56b2cf218,6,1,kvasir-seg::cju1c4fcu40hl07992b8gj0c8
train,kvasir-seg::cju7dp3dw2k4n0755zhe003ad,9008fd51775e7ed381be1228,0,6,kvasir-seg::cju7aklv31h4309871m29l4e7
train,kvasir-seg::cju7dp3dw2k4n0755zhe003ad,14f2fbad4a494700c520b782,1,6,kvasir-seg::cju7aklv31h4309871m29l4e7
train,kvasir-seg::cju7dp3dw2k4n0755zhe003ad,9bfff505fe9d2c18ab1b4b99,2,6,kvasir-seg::cju7aklv31h4309871m29l4e7
train,kvasir-seg::cju7dp3dw2k4n0755zhe003ad,e2c501ea66f499765bafdee7,3,6,kvasir-seg::cju7aklv31h4309871m29l4e7
train,kvasir-seg::cju7dp3dw2k4n0755zhe003ad,a61b5ba4c31fc0d6a1ab6b49,4,6,kvasir-seg::cju7aklv31h4309871m29l4e7
train,kvasir-seg::cju7dp3dw2k4n0755zhe003ad,b378779b8d048849129ebe6b,5,6,kvasir-seg::cju7aklv31h4309871m29l4e7
train,kvasir-seg::cju7dp3dw2k4n0755zhe003ad,03405633da84af963fc0e45c,6,6,kvasir-seg::cju7aklv31h4309871m29l4e7
train,kvasir-seg::cju7dqcwi2dz00850gcmr2ert,cf0a91d559de6eeb25696d06,0,1,kvasir-seg::cju1c4fcu40hl07992b8gj0c8
train,kvasir-seg::cju7dqcwi2dz00850gcmr2ert,803989ee127b491911a41bbc,1,1,kvasir-seg::cju1c4fcu40hl07992b8gj0c8
train,kvasir-seg::cju7dqcwi2dz00850gcmr2ert,4224fde4ab58afcaf4445797,2,1,kvasir-seg::cju1c4fcu40hl07992b8gj0c8
train,kvasir-seg::cju7dqcwi2dz00850gcmr2ert,68b01a9a50133f13b9fc7afb,3,1,kvasir-seg::cju1c4fcu40hl07992b8gj0c8
train,kvasir-seg::cju7dqcwi2dz00850gcmr2ert,0d914fbe580e4564b71bccb0,4,1,kvasir-seg::cju1c4fcu40hl07992b8gj0c8
train,kvasir-seg::cju7dqcwi2dz00850gcmr2ert,93ba5bb65a66b84d59b50e18,5,1,kvasir-seg::cju1c4fcu40hl07992b8gj0c8
train,kvasir-seg::cju7dqcwi2dz00850gcmr2ert,91b9ed34e028cf00172e3950,6,1,kvasir-seg::cju1c4fcu40hl07992b8gj0c8
train,kvasir-seg::cju7druhp2gp308715i6km7be,ce5a73ad5108b171d46f4a9b,0,1,kvasir-seg::cju1c4fcu40hl07992b8gj0c8
train,kvasir-seg::cju7druhp2gp308715i6km7be,be73158d3076ef3887307ca2,1,1,kvasir-seg::cju1c4fcu40hl07992b8gj0c8
train,kvasir-seg::cju7druhp2gp308715i6km7be,7938bd20085dc0cab6f6e52c,2,1,kvasir-seg::cju1c4fcu40hl07992b8gj0c8
train,kvasir-seg::cju7druhp2gp308715i6km7be,221bae908ba4ad35f4a4bff2,3,1,kvasir-seg::cju1c4fcu40hl07992b8gj0c8
train,kvasir-seg::cju7druhp2gp308715i6km7be,6b94e873df48fa14f9e2d5f5,4,1,kvasir-seg::cju1c4fcu40hl07992b8gj0c8
train,kvasir-seg::cju7druhp2gp308715i6km7be,5ea00714e6416f3f96ef9e6b,5,1,kvasir-seg::cju1c4fcu40hl07992b8gj0c8
train,kvasir-seg::cju7druhp2gp308715i6km7be,c73f0a50c7496a547adfb883,6,1,kvasir-seg::cju1c4fcu40hl07992b8gj0c8
train,kvasir-seg::cju7dsrtb2f8i085064kwugfk,9b74df519ea34bfc12ba4563,0,6,kvasir-seg::cju7aklv31h4309871m29l4e7
train,kvasir-seg::cju7dsrtb2f8i085064kwugfk,e6eb1813f99733e9dc98b6f8,1,6,kvasir-seg::cju7aklv31h4309871m29l4e7
train,kvasir-seg::cju7dsrtb2f8i085064kwugfk,a0abc2460a35525da3379845,2,6,kvasir-seg::cju7aklv31h4309871m29l4e7
train,kvasir-seg::cju7dsrtb2f8i085064kwugfk,5961ae9cecf8e69f09f1b6d1,3,6,kvasir-seg::cju7aklv31h4309871m29l4e7
train,kvasir-seg::cju7dsrtb2f8i085064kwugfk,c933d91689f8563b7afb0241,4,6,kvasir-seg::cju7aklv31h4309871m29l4e7
train,kvasir-seg::cju7dsrtb2f8i085064kwugfk,422b5e95f228f8aaf7a8a160,5,6,kvasir-seg::cju7aklv31h4309871m29l4e7
train,kvasir-seg::cju7dsrtb2f8i085064kwugfk,a66af1e5b8d5da42da9cd2ab,6,6,kvasir-seg::cju7aklv31h4309871m29l4e7
train,kvasir-seg::cju7dtb1e2j0t0818deq51ib3,95989e22c40fa2d48b51ed69,0,6,kvasir-seg::cju7aklv31h4309871m29l4e7
train,kvasir-seg::cju7dtb1e2j0t0818deq51ib3,f78b8d2939d9cd5d1c0ee60c,1,6,kvasir-seg::cju7aklv31h4309871m29l4e7
train,kvasir-seg::cju7dtb1e2j0t0818deq51ib3,7726188f94f99aa9831683ed,2,6,kvasir-seg::cju7aklv31h4309871m29l4e7
train,kvasir-seg::cju7dtb1e2j0t0818deq51ib3,00ddb9e3672057cd8ae590e9,3,6,kvasir-seg::cju7aklv31h4309871m29l4e7
train,kvasir-seg::cju7dtb1e2j0t0818deq51ib3,ecc19c54927646b9d53857e2,4,6,kvasir-seg::cju7aklv31h4309871m29l4e7
train,kvasir-seg::cju7dtb1e2j0t0818deq51ib3,52a976fe46db6d7939db7c5c,5,6,kvasir-seg::cju7aklv31h4309871m29l4e7
train,kvasir-seg::cju7dtb1e2j0t0818deq51ib3,0a9967596c239930548db742,6,6,kvasir-seg::cju7aklv31h4309871m29l4e7
train,kvasir-seg::cju7dubap2g0w0801fgl42mg9,5c8ef17a3dbb52035980f461,0,1,kvasir-seg::cju1c4fcu40hl07992b8gj0c8
train,kvasir-seg::cju7dubap2g0w0801fgl42mg9,b1e9f9edc99ac2f5b5f1fdb8,1,1,kvasir-seg::cju1c4fcu40hl07992b8gj0c8
train,kvasir-seg::cju7dubap2g0w0801fgl42mg9,a9b037a6ff0bef763edf221a,2,1,kvasir-seg::cju1c4fcu40hl07992b8gj0c8
train,kvasir-seg::cju7dubap2g0w0801fgl42mg9,8394b0763ad2e312c4bf6340,3,1,kvasir-seg::cju1c4fcu40hl07992b8gj0c8
train,kvasir-seg::cju7dubap2g0w0801fgl42mg9,e3667cf127ded54a0e8f2823,4,1,kvasir-seg::cju1c4fcu40hl07992b8gj0c8
train,kvasir-seg::cju7dubap2g0w0801fgl42mg9,f9da1a8f122dd9ae154210e5,5,1,kvasir-seg::cju1c4fcu40hl07992b8gj0c8
train,kvasir-seg::cju7dubap2g0w0801fgl42mg9,eb411b0be27641f8889ec391,6,1,kvasir-seg::cju1c4fcu40hl07992b8gj0c8
train,kvasir-seg::cju7dwe282dc309876rco45ts,d88241163d77c277e7fd1395,0,1,kvasir-seg::cju1c4fcu40hl07992b8gj0c8
train,kvasir-seg::cju7dwe282dc309876rco45ts,f65a04013ee819216add73a8,1,1,kvasir-seg::cju1c4fcu40hl07992b8gj0c8
train,kvasir-seg::cju7dwe282dc309876rco45ts,e7378750e76251e2438dc6b7,2,1,kvasir-seg::cju1c4fcu40hl07992b8gj0c8
train,kvasir-seg::cju7dwe282dc309876rco45ts,123039934bd2094d28726c17,3,1,kvasir-seg::cju1c4fcu40hl07992b8gj0c8
train,kvasir-seg::cju7dwe282dc309876rco45ts,300efc79ed78cb69532eeadd,4,1,kvasir-seg::cju1c4fcu40hl07992b8gj0c8
train,kvasir-seg::cju7dwe282dc309876rco45ts,abbded7744fb15686e2deae6,5,1,kvasir-seg::cju1c4fcu40hl07992b8gj0c8
train,kvasir-seg::cju7dwe282dc309876rco45ts,72c528e23a9a5c3fd24d53ff,6,1,kvasir-seg::cju1c4fcu40hl07992b8gj0c8
train,kvasir-seg::cju7dxffn2eam0817qxosfwch,5198d23e5c74d0a744bd3d7a,0,1,kvasir-seg::cju1c4fcu40hl07992b8gj0c8
train,kvasir-seg::cju7dxffn2eam0817qxosfwch,fe7128af7be1f962c2324ad9,1,1,kvasir-seg::cju1c4fcu40hl07992b8gj0c8
train,kvasir-seg::cju7dxffn2eam0817qxosfwch,72a1f30205635e1fd845e932,2,1,kvasir-seg::cju1c4fcu40hl07992b8gj0c8
train,kvasir-seg::cju7dxffn2eam0817qxosfwch,4ba1e1338e1f2171e3a43c89,3,1,kvasir-seg::cju1c4fcu40hl07992b8gj0c8
train,kvasir-seg::cju7dxffn2eam0817qxosfwch,396874eececc8e51ddc46693,4,1,kvasir-seg::cju1c4fcu40hl07992b8gj0c8
train,kvasir-seg::cju7dxffn2eam0817qxosfwch,963ca5231563870832499114,5,1,kvasir-seg::cju1c4fcu40hl07992b8gj0c8
train,kvasir-seg::cju7dxffn2eam0817qxosfwch,ae25a41c1b4c43fc39447d7e,6,1,kvasir-seg::cju1c4fcu40hl07992b8gj0c8
train,kvasir-seg::cju7dymur2od30755eg8yv2ht,2680f79b12eebf1b918b2aa0,0,1,kvasir-seg::cju1c4fcu40hl07992b8gj0c8
train,kvasir-seg::cju7dymur2od30755eg8yv2ht,89e6bc39942d8c7cb533b195,1,1,kvasir-seg::cju1c4fcu40hl07992b8gj0c8
train,kvasir-seg::cju7dymur2od30755eg8yv2ht,141edcac2e5ccfeaaca75fc5,2,1,kvasir-seg::cju1c4fcu40hl07992b8gj0c8
train,kvasir-seg::cju7dymur2od30755eg8yv2ht,261dc3d8607db73af80ba1aa,3,1,kvasir-seg::cju1c4fcu40hl07992b8gj0c8
train,kvasir-seg::cju7dymur2od30755eg8yv2ht,a3c73f441aa153f89bc81a1a,4,1,kvasir-seg::cju1c4fcu40hl07992b8gj0c8
train,kvasir-seg::cju7dymur2od30755eg8yv2ht,c3e8df223bd5d6592ae2cfb5,5,1,kvasir-seg::cju1c4fcu40hl07992b8gj0c8
train,kvasir-seg::cju7dymur2od30755eg8yv2ht,7a12c1c6ab7130fe77df355c,6,1,kvasir-seg::cju1c4fcu40hl07992b8gj0c8
train,kvasir-seg::cju7dz5yy2i7z0801ausi7rna,85675943c6d61fc1154de525,0,4,kvasir-seg::cju3v72v5h1qz0818fggilwtq
train,kvasir-seg::cju7dz5yy2i7z0801ausi7rna,ce5e6140351c4910e109753c,1,4,kvasir-seg::cju3v72v5h1qz0818fggilwtq
train,kvasir-seg::cju7dz5yy2i7z0801ausi7rna,f33f783b7e13f85e813278a0,2,4,kvasir-seg::cju3v72v5h1qz0818fggilwtq
train,kvasir-seg::cju7dz5yy2i7z0801ausi7rna,5a4c9093945d3a2b2bda5103,3,4,kvasir-seg::cju3v72v5h1qz0818fggilwtq
train,kvasir-seg::cju7dz5yy2i7z0801ausi7rna,54785c8dfcc21a634c489f0a,4,4,kvasir-seg::cju3v72v5h1qz0818fggilwtq
train,kvasir-seg::cju7dz5yy2i7z0801ausi7rna,fb8ba710d549be836a027f6d,5,4,kvasir-seg::cju3v72v5h1qz0818fggilwtq
train,kvasir-seg::cju7dz5yy2i7z0801ausi7rna,344856e54d8b679f43332814,6,4,kvasir-seg::cju3v72v5h1qz0818fggilwtq
train,kvasir-seg::cju7ea4om2l910801bohqjccy,7dbd144795712aa7d237a3b6,0,1,kvasir-seg::cju1c4fcu40hl07992b8gj0c8
train,kvasir-seg::cju7ea4om2l910801bohqjccy,eab596232cd84678f7857f7a,1,1,kvasir-seg::cju1c4fcu40hl07992b8gj0c8
train,kvasir-seg::cju7ea4om2l910801bohqjccy,5a009831bdb82c672533c8bb,2,1,kvasir-seg::cju1c4fcu40hl07992b8gj0c8
train,kvasir-seg::cju7ea4om2l910801bohqjccy,481b2cdccb0c5735ce78831e,3,1,kvasir-seg::cju1c4fcu40hl07992b8gj0c8
train,kvasir-seg::cju7ea4om2l910801bohqjccy,b789c35c8bb65202e71e74fb,4,1,kvasir-seg::cju1c4fcu40hl07992b8gj0c8
train,kvasir-seg::cju7ea4om2l910801bohqjccy,6bc8dcaccdddf41b83fe1f32,5,1,kvasir-seg::cju1c4fcu40hl07992b8gj0c8
train,kvasir-seg::cju7ea4om2l910801bohqjccy,3e1e4d714b2ab3444fc3fcb7,6,1,kvasir-seg::cju1c4fcu40hl07992b8gj0c8
train,kvasir-seg::cju7ecl9i2i060987xawjp4l0,8482115de5c63f9ddbc934ac,0,1,kvasir-seg::cju1c4fcu40hl07992b8gj0c8
train,kvasir-seg::cju7ecl9i2i060987xawjp4l0,bfa269fe9e7d90febe7af265,1,1,kvasir-seg::cju1c4fcu40hl07992b8gj0c8
train,kvasir-seg::cju7ecl9i2i060987xawjp4l0,8b13d4d24cf787bfbf216fab,2,1,kvasir-seg::cju1c4fcu40hl07992b8gj0c8
train,kvasir-seg::cju7ecl9i2i060987xawjp4l0,fef1d227d28ac6bd63f64b2c,3,1,kvasir-seg::cju1c4fcu40hl07992b8gj0c8
train,kvasir-seg::cju7ecl9i2i060987xawjp4l0,aaa2fdbcc74e0d445bfb0888,4,1,kvasir-seg::cju1c4fcu40hl07992b8gj0c8
train,kvasir-seg::cju7ecl9i2i060987xawjp4l0,d3145875c04ee4ed1fccc7eb,5,1,kvasir-seg::cju1c4fcu40hl07992b8gj0c8
train,kvasir-seg::cju7ecl9i2i060987xawjp4l0,79928462eafcb861a9a6d62b,6,1,kvasir-seg::cju1c4fcu40hl07992b8gj0c8
train,kvasir-seg::cju7ejm2l2ncl0801wq6y84nw,46876d86612e25fdabc1263d,0,1,kvasir-seg::cju1c4fcu40hl07992b8gj0c8
train,kvasir-seg::cju7ejm2l2ncl0801wq6y84nw,9b68628c880188a9dee776fc,1,1,kvasir-seg::cju1c4fcu40hl07992b8gj0c8
train,kvasir-seg::cju7ejm2l2ncl0801wq6y84nw,1f90955f93b0bb723d051345,2,1,kvasir-seg::cju1c4fcu40hl07992b8gj0c8
train,kvasir-seg::cju7ejm2l2ncl0801wq6y84nw,dee0b44c4ec9a0a9ac2512b5,3,1,kvasir-seg::cju1c4fcu40hl07992b8gj0c8
train,kvasir-seg::cju7ejm2l2ncl0801wq6y84nw,eb2707f6cc39091aa8dd59ba,4,1,kvasir-seg::cju1c4fcu40hl07992b8gj0c8
train,kvasir-seg::cju7ejm2l2ncl0801wq6y84nw,237284e96af577e8af5615bf,5,1,kvasir-seg::cju1c4fcu40hl07992b8gj0c8
train,kvasir-seg::cju7ejm2l2ncl0801wq6y84nw,549840ef878d21cc382a3f9b,6,1,kvasir-seg::cju1c4fcu40hl07992b8gj0c8
train,kvasir-seg::cju7el6xv2k520817qxx9wdr5,d33bc88ec4c38b5811e1c577,0,1,kvasir-seg::cju1c4fcu40hl07992b8gj0c8
train,kvasir-seg::cju7el6xv2k520817qxx9wdr5,6c3201943ce3756616dc0e25,1,1,kvasir-seg::cju1c4fcu40hl07992b8gj0c8
train,kvasir-seg::cju7el6xv2k520817qxx9wdr5,fdc3c08f3ceea2e98eaca4f1,2,1,kvasir-seg::cju1c4fcu40hl07992b8gj0c8
train,kvasir-seg::cju7el6xv2k520817qxx9wdr5,f839827ad5c69615c9431247,3,1,kvasir-seg::cju1c4fcu40hl07992b8gj0c8
train,kvasir-seg::cju7el6xv2k520817qxx9wdr5,34bf50a2cabc333bd2526d8b,4,1,kvasir-seg::cju1c4fcu40hl07992b8gj0c8
train,kvasir-seg::cju7el6xv2k520817qxx9wdr5,deeb6258780701e417609f86,5,1,kvasir-seg::cju1c4fcu40hl07992b8gj0c8
train,kvasir-seg::cju7el6xv2k520817qxx9wdr5,aff6ae7f3dfc7ed1dcb6968b,6,1,kvasir-seg::cju1c4fcu40hl07992b8gj0c8
train,kvasir-seg::cju7emdni2py40871ivhxjtut,622cc23014743f9010230cc7,0,1,kvasir-seg::cju1c4fcu40hl07992b8gj0c8
train,kvasir-seg::cju7emdni2py40871ivhxjtut,e7eaffdd7cf92be18c0f6051,1,1,kvasir-seg::cju1c4fcu40hl07992b8gj0c8
train,kvasir-seg::cju7emdni2py40871ivhxjtut,e527df7545dd4d4aae5f5126,2,1,kvasir-seg::cju1c4fcu40hl07992b8gj0c8
train,kvasir-seg::cju7emdni2py40871ivhxjtut,dd02204dd28fb96f3b828fc0,3,1,kvasir-seg::cju1c4fcu40hl07992b8gj0c8
train,kvasir-seg::cju7emdni2py40871ivhxjtut,7387946501ee736b1e77baed,4,1,kvasir-seg::cju1c4fcu40hl07992b8gj0c8
train,kvasir-seg::cju7emdni2py40871ivhxjtut,0675d0cae3e06ff93c0a956a,5,1,kvasir-seg::cju1c4fcu40hl07992b8gj0c8
train,kvasir-seg::cju7emdni2py40871ivhxjtut,66332b62c88ebe1d0b7b63a8,6,1,kvasir-seg::cju1c4fcu40hl07992b8gj0c8
train,kvasir-seg::cju7epwj82koz098713apjnzo,548d5ac36fe86cd63c5dde5b,0,1,kvasir-seg::cju1c4fcu40hl07992b8gj0c8
train,kvasir-seg::cju7epwj82koz098713apjnzo,cade1b161ab96511fe2c262a,1,1,kvasir-seg::cju1c4fcu40hl07992b8gj0c8
train,kvasir-seg::cju7epwj82koz098713apjnzo,2aaa66302be891f07a0a71a6,2,1,kvasir-seg::cju1c4fcu40hl07992b8gj0c8
train,kvasir-seg::cju7epwj82koz098713apjnzo,8c2670f1b7c7e5431c3b5d8b,3,1,kvasir-seg::cju1c4fcu40hl07992b8gj0c8
train,kvasir-seg::cju7epwj82koz098713apjnzo,414eda813cd8530f1679bca8,4,1,kvasir-seg::cju1c4fcu40hl07992b8gj0c8
train,kvasir-seg::cju7epwj82koz098713apjnzo,b1053f04960c9844cc4203ba,5,1,kvasir-seg::cju1c4fcu40hl07992b8gj0c8
train,kvasir-seg::cju7epwj82koz098713apjnzo,e45863123ee8248f07a4f0a3,6,1,kvasir-seg::cju1c4fcu40hl07992b8gj0c8
train,kvasir-seg::cju7er4kc2opa0801anuxc0eb,af7427a84e80cc582f3da7f5,0,6,kvasir-seg::cju7aklv31h4309871m29l4e7
train,kvasir-seg::cju7er4kc2opa0801anuxc0eb,ff2f6ce723484edb0a490241,1,6,kvasir-seg::cju7aklv31h4309871m29l4e7
train,kvasir-seg::cju7er4kc2opa0801anuxc0eb,8e55e64ff5c4ec7303eb93ca,2,6,kvasir-seg::cju7aklv31h4309871m29l4e7
train,kvasir-seg::cju7er4kc2opa0801anuxc0eb,4bae0a8ec008012a31098edf,3,6,kvasir-seg::cju7aklv31h4309871m29l4e7
train,kvasir-seg::cju7er4kc2opa0801anuxc0eb,497f007462f5173676e13c09,4,6,kvasir-seg::cju7aklv31h4309871m29l4e7
train,kvasir-seg::cju7er4kc2opa0801anuxc0eb,17b04d6fddf51a8fb09fd690,5,6,kvasir-seg::cju7aklv31h4309871m29l4e7
train,kvasir-seg::cju7er4kc2opa0801anuxc0eb,17c8b5fd76e66e321bcd9c78,6,6,kvasir-seg::cju7aklv31h4309871m29l4e7
train,kvasir-seg::cju7es23b2vcp0755gpbm9s7v,f6fb9537d839ecf97f9a438d,0,1,kvasir-seg::cju1c4fcu40hl07992b8gj0c8
train,kvasir-seg::cju7es23b2vcp0755gpbm9s7v,9e5fec6fb0cc9c4cac9081ca,1,1,kvasir-seg::cju1c4fcu40hl07992b8gj0c8
train,kvasir-seg::cju7es23b2vcp0755gpbm9s7v,89486fe7a6265fb4fcb833b9,2,1,kvasir-seg::cju1c4fcu40hl07992b8gj0c8
train,kvasir-seg::cju7es23b2vcp0755gpbm9s7v,e64505ceb5b0691a24ad97d4,3,1,kvasir-seg::cju1c4fcu40hl07992b8gj0c8
train,kvasir-seg::cju7es23b2vcp0755gpbm9s7v,03a7620b5285007bad00362b,4,1,kvasir-seg::cju1c4fcu40hl07992b8gj0c8
train,kvasir-seg::cju7es23b2vcp0755gpbm9s7v,bbbd2f99c49ad9e4c607ce48,5,1,kvasir-seg::cju1c4fcu40hl07992b8gj0c8
train,kvasir-seg::cju7es23b2vcp0755gpbm9s7v,c2a2f704d817ab2d2753d3c9,6,1,kvasir-seg::cju1c4fcu40hl07992b8gj0c8
train,kvasir-seg::cju7et17a2vjk0755e743npl1,5f5eb01d9ef815ef67a6ad89,0,1,kvasir-seg::cju1c4fcu40hl07992b8gj0c8
train,kvasir-seg::cju7et17a2vjk0755e743npl1,71e667e33e383e1c79015962,1,1,kvasir-seg::cju1c4fcu40hl07992b8gj0c8
train,kvasir-seg::cju7et17a2vjk0755e743npl1,7d2c9af59be187fd20a30ee8,2,1,kvasir-seg::cju1c4fcu40hl07992b8gj0c8
train,kvasir-seg::cju7et17a2vjk0755e743npl1,2a9b46e10301e69a1acc9e02,3,1,kvasir-seg::cju1c4fcu40hl07992b8gj0c8
train,kvasir-seg::cju7et17a2vjk0755e743npl1,afe65226252a420b41c1fbbf,4,1,kvasir-seg::cju1c4fcu40hl07992b8gj0c8
train,kvasir-seg::cju7et17a2vjk0755e743npl1,64dc4d9a876f57b5ae235a12,5,1,kvasir-seg::cju1c4fcu40hl07992b8gj0c8
train,kvasir-seg::cju7et17a2vjk0755e743npl1,86177c4a4ade07fda91c49ae,6,1,kvasir-seg::cju1c4fcu40hl07992b8gj0c8
train,kvasir-seg::cju7etr3y2p4t0801cdzjj8ab,f9762bbc2b88918657c9dd41,0,1,kvasir-seg::cju1c4fcu40hl07992b8gj0c8
train,kvasir-seg::cju7etr3y2p4t0801cdzjj8ab,b8f5cee77acf3b1e57446941,1,1,kvasir-seg::cju1c4fcu40hl07992b8gj0c8
train,kvasir-seg::cju7etr3y2p4t0801cdzjj8ab,138b4d78bdf6f288847d0e70,2,1,kvasir-seg::cju1c4fcu40hl07992b8gj0c8
train,kvasir-seg::cju7etr3y2p4t0801cdzjj8ab,51c047a5190609dea2e691ba,3,1,kvasir-seg::cju1c4fcu40hl07992b8gj0c8
train,kvasir-seg::cju7etr3y2p4t0801cdzjj8ab,a5b149274fb223f133be0572,4,1,kvasir-seg::cju1c4fcu40hl07992b8gj0c8
train,kvasir-seg::cju7etr3y2p4t0801cdzjj8ab,1445d930ff6cdb75a740fe9d,5,1,kvasir-seg::cju1c4fcu40hl07992b8gj0c8
train,kvasir-seg::cju7etr3y2p4t0801cdzjj8ab,eb0ef7e5b43fa76cdedd50a2,6,1,kvasir-seg::cju1c4fcu40hl07992b8gj0c8
train,kvasir-seg::cju7eueum2oqn0850rodmx8zo,8fda568868e378d1bcc20d5a,0,2,kvasir-seg::cju2pmhtr17a00855cvpelzb0
train,kvasir-seg::cju7eueum2oqn0850rodmx8zo,092f83caddaf1460b2b4b4be,1,2,kvasir-seg::cju2pmhtr17a00855cvpelzb0
train,kvasir-seg::cju7eueum2oqn0850rodmx8zo,f1155c201a202bd3eae207df,2,2,kvasir-seg::cju2pmhtr17a00855cvpelzb0
train,kvasir-seg::cju7eueum2oqn0850rodmx8zo,f3cefc2b1553a4ad4cede9b5,3,2,kvasir-seg::cju2pmhtr17a00855cvpelzb0
train,kvasir-seg::cju7eueum2oqn0850rodmx8zo,c479ce452113ea856e5c9c82,4,2,kvasir-seg::cju2pmhtr17a00855cvpelzb0
train,kvasir-seg::cju7eueum2oqn0850rodmx8zo,011adafecd9ba4fd359ccba5,5,2,kvasir-seg::cju2pmhtr17a00855cvpelzb0
train,kvasir-seg::cju7eueum2oqn0850rodmx8zo,c220a6238f94a0f446c89216,6,2,kvasir-seg::cju2pmhtr17a00855cvpelzb0
train,kvasir-seg::cju7ev2b12owa08500bpfpwyw,7106b7aa9f80b581125be50f,0,1,kvasir-seg::cju1c4fcu40hl07992b8gj0c8
train,kvasir-seg::cju7ev2b12owa08500bpfpwyw,deaf9bc4c88508a0a35f2681,1,1,kvasir-seg::cju1c4fcu40hl07992b8gj0c8
train,kvasir-seg::cju7ev2b12owa08500bpfpwyw,efab8aafbd44a045731e8956,2,1,kvasir-seg::cju1c4fcu40hl07992b8gj0c8
train,kvasir-seg::cju7ev2b12owa08500bpfpwyw,9fc42697115f37f9267535e6,3,1,kvasir-seg::cju1c4fcu40hl07992b8gj0c8
train,kvasir-seg::cju7ev2b12owa08500bpfpwyw,e18525ec252af01522e4fd27,4,1,kvasir-seg::cju1c4fcu40hl07992b8gj0c8
train,kvasir-seg::cju7ev2b12owa08500bpfpwyw,cc74d977bd050231224f9998,5,1,kvasir-seg::cju1c4fcu40hl07992b8gj0c8
train,kvasir-seg::cju7ev2b12owa08500bpfpwyw,8561e84b24291ce0e8e87007,6,1,kvasir-seg::cju1c4fcu40hl07992b8gj0c8
train,kvasir-seg::cju7evxt12m730987rxivne3x,db70c0f5bc027f0314d8d23d,0,1,kvasir-seg::cju1c4fcu40hl07992b8gj0c8
train,kvasir-seg::cju7evxt12m730987rxivne3x,92eebcaf3d4fce295dff14d7,1,1,kvasir-seg::cju1c4fcu40hl07992b8gj0c8
train,kvasir-seg::cju7evxt12m730987rxivne3x,d87d698c71c4cf55bfba307b,2,1,kvasir-seg::cju1c4fcu40hl07992b8gj0c8
train,kvasir-seg::cju7evxt12m730987rxivne3x,9f9e85ac3afb6d4071fd4758,3,1,kvasir-seg::cju1c4fcu40hl07992b8gj0c8
train,kvasir-seg::cju7evxt12m730987rxivne3x,6182b4a7f547ee839f93c4c5,4,1,kvasir-seg::cju1c4fcu40hl07992b8gj0c8
train,kvasir-seg::cju7evxt12m730987rxivne3x,d833f6bceb7941f4f8c1d57f,5,1,kvasir-seg::cju1c4fcu40hl07992b8gj0c8
train,kvasir-seg::cju7evxt12m730987rxivne3x,57da48dda3627ed5dcb73237,6,1,kvasir-seg::cju1c4fcu40hl07992b8gj0c8
train,kvasir-seg::cju7ey10f2rvf0871bwbi9x82,d97d4efb9e8078f02cd7e85a,0,6,kvasir-seg::cju7aklv31h4309871m29l4e7
train,kvasir-seg::cju7ey10f2rvf0871bwbi9x82,67711adee5cdff68838538c9,1,6,kvasir-seg::cju7aklv31h4309871m29l4e7
train,kvasir-seg::cju7ey10f2rvf0871bwbi9x82,54cc004587643b635253caa3,2,6,kvasir-seg::cju7aklv31h4309871m29l4e7
train,kvasir-seg::cju7ey10f2rvf0871bwbi9x82,0bd3e4052c58c45a8c5f77ce,3,6,kvasir-seg::cju7aklv31h4309871m29l4e7
train,kvasir-seg::cju7ey10f2rvf0871bwbi9x82,6eed59873872f528e90f1aa9,4,6,kvasir-seg::cju7aklv31h4309871m29l4e7
train,kvasir-seg::cju7ey10f2rvf0871bwbi9x82,be46f1393bd11107d2a0bd00,5,6,kvasir-seg::cju7aklv31h4309871m29l4e7
train,kvasir-seg::cju7ey10f2rvf0871bwbi9x82,d38a78a2ae2ae1b5f88cb34e,6,6,kvasir-seg::cju7aklv31h4309871m29l4e7
train,kvasir-seg::cju7f5ghb2r5s0801chwkxxh9,f406b59e47baeb4437fba057,0,6,kvasir-seg::cju7aklv31h4309871m29l4e7
train,kvasir-seg::cju7f5ghb2r5s0801chwkxxh9,82e790b10af51d3411f1ae37,1,6,kvasir-seg::cju7aklv31h4309871m29l4e7
train,kvasir-seg::cju7f5ghb2r5s0801chwkxxh9,e1840dd824b2da6003f8c292,2,6,kvasir-seg::cju7aklv31h4309871m29l4e7
train,kvasir-seg::cju7f5ghb2r5s0801chwkxxh9,b3bb5f116a126051f9a57aac,3,6,kvasir-seg::cju7aklv31h4309871m29l4e7
train,kvasir-seg::cju7f5ghb2r5s0801chwkxxh9,0a5a9f471453480918690fd6,4,6,kvasir-seg::cju7aklv31h4309871m29l4e7
train,kvasir-seg::cju7f5ghb2r5s0801chwkxxh9,08b411a1e11a5211c8075bf3,5,6,kvasir-seg::cju7aklv31h4309871m29l4e7
train,kvasir-seg::cju7f5ghb2r5s0801chwkxxh9,e158210e6fe4a94d7ec67705,6,6,kvasir-seg::cju7aklv31h4309871m29l4e7
train,kvasir-seg::cju7f6cqy2ur20818t1saazbm,05aa3095a5900fb98f9152aa,0,1,kvasir-seg::cju1c4fcu40hl07992b8gj0c8
train,kvasir-seg::cju7f6cqy2ur20818t1saazbm,37c3a50ac24513056799cdd6,1,1,kvasir-seg::cju1c4fcu40hl07992b8gj0c8
train,kvasir-seg::cju7f6cqy2ur20818t1saazbm,7faa0d41f12e5cef99fe6126,2,1,kvasir-seg::cju1c4fcu40hl07992b8gj0c8
train,kvasir-seg::cju7f6cqy2ur20818t1saazbm,9787d171eebb87ad114aacd9,3,1,kvasir-seg::cju1c4fcu40hl07992b8gj0c8
train,kvasir-seg::cju7f6cqy2ur20818t1saazbm,1ad7c5b5c830b523f9841a82,4,1,kvasir-seg::cju1c4fcu40hl07992b8gj0c8
train,kvasir-seg::cju7f6cqy2ur20818t1saazbm,43d573ef15b011a04b73dfa4,5,1,kvasir-seg::cju1c4fcu40hl07992b8gj0c8
train,kvasir-seg::cju7f6cqy2ur20818t1saazbm,3f07d2a22f79c6ce9f30fabc,6,1,kvasir-seg::cju1c4fcu40hl07992b8gj0c8
train,kvasir-seg::cju7f900s2o0k08175gl1giid,7f287dcd10205d3af8c76a49,0,1,kvasir-seg::cju1c4fcu40hl07992b8gj0c8
train,kvasir-seg::cju7f900s2o0k08175gl1giid,3c31e3fe1aa08b79c2cfcb7d,1,1,kvasir-seg::cju1c4fcu40hl07992b8gj0c8
train,kvasir-seg::cju7f900s2o0k08175gl1giid,6a9238b2432464e08426b879,2,1,kvasir-seg::cju1c4fcu40hl07992b8gj0c8
train,kvasir-seg::cju7f900s2o0k08175gl1giid,4f06eafb7d76888b6ac3b76a,3,1,kvasir-seg::cju1c4fcu40hl07992b8gj0c8
train,kvasir-seg::cju7f900s2o0k08175gl1giid,bdbdd149a80c4c158e1d6efb,4,1,kvasir-seg::cju1c4fcu40hl07992b8gj0c8
train,kvasir-seg::cju7f900s2o0k08175gl1giid,e704e0e422dee65b1b20fd89,5,1,kvasir-seg::cju1c4fcu40hl07992b8gj0c8
train,kvasir-seg::cju7f900s2o0k08175gl1giid,6e37676a28f380f6017dceed,6,1,kvasir-seg::cju1c4fcu40hl07992b8gj0c8
train,kvasir-seg::cju7f9umg2olj0987fj5y285w,81e20d675d176e1a18df919b,0,6,kvasir-seg::cju7aklv31h4309871m29l4e7
train,kvasir-seg::cju7f9umg2olj0987fj5y285w,7b027e64ff0976f43b4ddacc,1,6,kvasir-seg::cju7aklv31h4309871m29l4e7
train,kvasir-seg::cju7f9umg2olj0987fj5y285w,a626cb231722b14f49cf52f1,2,6,kvasir-seg::cju7aklv31h4309871m29l4e7
train,kvasir-seg::cju7f9umg2olj0987fj5y285w,35ffbf709bafeb120f985460,3,6,kvasir-seg::cju7aklv31h4309871m29l4e7
train,kvasir-seg::cju7f9umg2olj0987fj5y285w,782e2a4abeaa935ff67cc038,4,6,kvasir-seg::cju7aklv31h4309871m29l4e7
train,kvasir-seg::cju7f9umg2olj0987fj5y285w,2569521be886c831a85a1cd9,5,6,kvasir-seg::cju7aklv31h4309871m29l4e7
train,kvasir-seg::cju7f9umg2olj0987fj5y285w,daaf8ac491332eaebc2059c1,6,6,kvasir-seg::cju7aklv31h4309871m29l4e7
train,kvasir-seg::cju7fazv92ywx0755xov2erga,040bddabbe2cd116236a4682,0,1,kvasir-seg::cju1c4fcu40hl07992b8gj0c8
train,kvasir-seg::cju7fazv92ywx0755xov2erga,606ef42f4297c66180cb0817,1,1,kvasir-seg::cju1c4fcu40hl07992b8gj0c8
train,kvasir-seg::cju7fazv92ywx0755xov2erga,ab7c3f1498227a3be43eac81,2,1,kvasir-seg::cju1c4fcu40hl07992b8gj0c8
train,kvasir-seg::cju7fazv92ywx0755xov2erga,3bd0f830121b922143c2dd06,3,1,kvasir-seg::cju1c4fcu40hl07992b8gj0c8
train,kvasir-seg::cju7fazv92ywx0755xov2erga,4f5259bdeb91ffdadc0c0e39,4,1,kvasir-seg::cju1c4fcu40hl07992b8gj0c8
train,kvasir-seg::cju7fazv92ywx0755xov2erga,0e23a592d07e329c1c1a4a36,5,1,kvasir-seg::cju1c4fcu40hl07992b8gj0c8
train,kvasir-seg::cju7fazv92ywx0755xov2erga,ef9981cef0518790f9ea8cb6,6,1,kvasir-seg::cju1c4fcu40hl07992b8gj0c8
train,kvasir-seg::cju7fcgbe2z3p07550vaflqdb,e704cba4d760180e4217286d,0,6,kvasir-seg::cju7aklv31h4309871m29l4e7
train,kvasir-seg::cju7fcgbe2z3p07550vaflqdb,f41bcf69a487dea922449acb,1,6,kvasir-seg::cju7aklv31h4309871m29l4e7
train,kvasir-seg::cju7fcgbe2z3p07550vaflqdb,278343ae320aa5a4fa9cb4dd,2,6,kvasir-seg::cju7aklv31h4309871m29l4e7
train,kvasir-seg::cju7fcgbe2z3p07550vaflqdb,365003868c1e0f18b1a27d80,3,6,kvasir-seg::cju7aklv31h4309871m29l4e7
train,kvasir-seg::cju7fcgbe2z3p07550vaflqdb,43951fa85c0b0d4eb39ce441,4,6,kvasir-seg::cju7aklv31h4309871m29l4e7
train,kvasir-seg::cju7fcgbe2z3p07550vaflqdb,6f1cd7bf9d3cfb61ab3736d9,5,6,kvasir-seg::cju7aklv31h4309871m29l4e7
train,kvasir-seg::cju7fcgbe2z3p07550vaflqdb,00bc04a0f03bac05c7d1be80,6,6,kvasir-seg::cju7aklv31h4309871m29l4e7
train,kvasir-seg::cju7fd6yt2p740987wkr8exo1,5b3f18366a464874723d4285,0,1,kvasir-seg::cju1c4fcu40hl07992b8gj0c8
train,kvasir-seg::cju7fd6yt2p740987wkr8exo1,826623c44e74df808f4c68ad,1,1,kvasir-seg::cju1c4fcu40hl07992b8gj0c8
train,kvasir-seg::cju7fd6yt2p740987wkr8exo1,374ade990acffc4b4b3396e8,2,1,kvasir-seg::cju1c4fcu40hl07992b8gj0c8
train,kvasir-seg::cju7fd6yt2p740987wkr8exo1,e8814a9004f3b697a535a52d,3,1,kvasir-seg::cju1c4fcu40hl07992b8gj0c8
train,kvasir-seg::cju7fd6yt2p740987wkr8exo1,d6dc2c82b71a2d117e11dde3,4,1,kvasir-seg::cju1c4fcu40hl07992b8gj0c8
train,kvasir-seg::cju7fd6yt2p740987wkr8exo1,35f55669446d23a93320eb69,5,1,kvasir-seg::cju1c4fcu40hl07992b8gj0c8
train,kvasir-seg::cju7fd6yt2p740987wkr8exo1,9cc02bfcdd8d1eb721175b4c,6,1,kvasir-seg::cju1c4fcu40hl07992b8gj0c8
train,kvasir-seg::cju7fen322ou10817ziqkob4k,a662a91255f9ee53101837c4,0,1,kvasir-seg::cju1c4fcu40hl07992b8gj0c8
train,kvasir-seg::cju7fen322ou10817ziqkob4k,343ef1603c181ecf55fbcb6b,1,1,kvasir-seg::cju1c4fcu40hl07992b8gj0c8
train,kvasir-seg::cju7fen322ou10817ziqkob4k,4c17fc10593dab6e15f0a03a,2,1,kvasir-seg::cju1c4fcu40hl07992b8gj0c8
train,kvasir-seg::cju7fen322ou10817ziqkob4k,f94590f5a2048876cd0eb12a,3,1,kvasir-seg::cju1c4fcu40hl07992b8gj0c8
train,kvasir-seg::cju7fen322ou10817ziqkob4k,2d274097c9ec2ee61dee640d,4,1,kvasir-seg::cju1c4fcu40hl07992b8gj0c8
train,kvasir-seg::cju7fen322ou10817ziqkob4k,e77a66525d9b2789a057a8b3,5,1,kvasir-seg::cju1c4fcu40hl07992b8gj0c8
train,kvasir-seg::cju7fen322ou10817ziqkob4k,664da34ed0c6b1378e607577,6,1,kvasir-seg::cju1c4fcu40hl07992b8gj0c8
train,kvasir-seg::cju7ff97z2ow40817u2r83my5,2710a647121840a879dc8ef1,0,1,kvasir-seg::cju1c4fcu40hl07992b8gj0c8
train,kvasir-seg::cju7ff97z2ow40817u2r83my5,55726b9882e6ed9040ab64db,1,1,kvasir-seg::cju1c4fcu40hl07992b8gj0c8
train,kvasir-seg::cju7ff97z2ow40817u2r83my5,6ddaa77865b02453dbba8822,2,1,kvasir-seg::cju1c4fcu40hl07992b8gj0c8
train,kvasir-seg::cju7ff97z2ow40817u2r83my5,48ef7e203b3cf88cda7c95d2,3,1,kvasir-seg::cju1c4fcu40hl07992b8gj0c8
train,kvasir-seg::cju7ff97z2ow40817u2r83my5,fc339d4b271c6e5a18a4d578,4,1,kvasir-seg::cju1c4fcu40hl07992b8gj0c8
train,kvasir-seg::cju7ff97z2ow40817u2r83my5,e35697c3ed06ade9fd810369,5,1,kvasir-seg::cju1c4fcu40hl07992b8gj0c8
train,kvasir-seg::cju7ff97z2ow40817u2r83my5,014b162678090ed171ffe053,6,1,kvasir-seg::cju1c4fcu40hl07992b8gj0c8
train,kvasir-seg::cju7flevb2wii08188otgs9p2,9efe862d8de42b7e2a3d2109,0,1,kvasir-seg::cju1c4fcu40hl07992b8gj0c8
train,kvasir-seg::cju7flevb2wii08188otgs9p2,3f5a7527cbea7386197cae3b,1,1,kvasir-seg::cju1c4fcu40hl07992b8gj0c8
train,kvasir-seg::cju7flevb2wii08188otgs9p2,88176bab7e0c9c17e3587436,2,1,kvasir-seg::cju1c4fcu40hl07992b8gj0c8
train,kvasir-seg::cju7flevb2wii08188otgs9p2,a6189d579a04d0de3f285425,3,1,kvasir-seg::cju1c4fcu40hl07992b8gj0c8
train,kvasir-seg::cju7flevb2wii08188otgs9p2,dafb649dc2f1248c557b9908,4,1,kvasir-seg::cju1c4fcu40hl07992b8gj0c8
train,kvasir-seg::cju7flevb2wii08188otgs9p2,127d178e544054260004425a,5,1,kvasir-seg::cju1c4fcu40hl07992b8gj0c8
train,kvasir-seg::cju7flevb2wii08188otgs9p2,b876109f7ccea8591ca6babc,6,1,kvasir-seg::cju1c4fcu40hl07992b8gj0c8
train,kvasir-seg::cju7fmvpk2q170987v6i3ola8,973015019f9b985198530e84,0,1,kvasir-seg::cju1c4fcu40hl07992b8gj0c8
train,kvasir-seg::cju7fmvpk2q170987v6i3ola8,07a29a143932bf57647caf91,1,1,kvasir-seg::cju1c4fcu40hl07992b8gj0c8
train,kvasir-seg::cju7fmvpk2q170987v6i3ola8,f72300b6a9304642780bfab4,2,1,kvasir-seg::cju1c4fcu40hl07992b8gj0c8
train,kvasir-seg::cju7fmvpk2q170987v6i3ola8,23fd1c4df68e1fc69190b1ad,3,1,kvasir-seg::cju1c4fcu40hl07992b8gj0c8
train,kvasir-seg::cju7fmvpk2q170987v6i3ola8,76f7a8208f98f999e325f566,4,1,kvasir-seg::cju1c4fcu40hl07992b8gj0c8
train,kvasir-seg::cju7fmvpk2q170987v6i3ola8,3a70b95ff4b54177770530f1,5,1,kvasir-seg::cju1c4fcu40hl07992b8gj0c8
train,kvasir-seg::cju7fmvpk2q170987v6i3ola8,fc43d9bdf1d3fe3f95347d9c,6,1,kvasir-seg::cju1c4fcu40hl07992b8gj0c8
train,kvasir-seg::cju7fnfv02tt90801djnix9m8,64b40c77eec82f342a0867ef,0,3,kvasir-seg::cju34ymm8d6700799uop0cw33
train,kvasir-seg::cju7fnfv02tt90801djnix9m8,65c6085ed1f6109edee7f69b,1,3,kvasir-seg::cju34ymm8d6700799uop0cw33
train,kvasir-seg::cju7fnfv02tt90801djnix9m8,ca9246587118d096bdf990de,2,3,kvasir-seg::cju34ymm8d6700799uop0cw33
train,kvasir-seg::cju7fnfv02tt90801djnix9m8,8927117b4a8976cc74469c4c,3,3,kvasir-seg::cju34ymm8d6700799uop0cw33
train,kvasir-seg::cju7fnfv02tt90801djnix9m8,2ae161643157e1c9096fd035,4,3,kvasir-seg::cju34ymm8d6700799uop0cw33
train,kvasir-seg::cju7fnfv02tt90801djnix9m8,842bfa4e855dd2da82d63b36,5,3,kvasir-seg::cju34ymm8d6700799uop0cw33
train,kvasir-seg::cju7fnfv02tt90801djnix9m8,6258038bb8967919ecde56a4,6,3,kvasir-seg::cju34ymm8d6700799uop0cw33
train,kvasir-seg::cju7fob3x301u0755x985pmmq,8e15682e74abc316a1438a6d,0,1,kvasir-seg::cju1c4fcu40hl07992b8gj0c8
train,kvasir-seg::cju7fob3x301u0755x985pmmq,1dbd7f151a5b3fb57ebda560,1,1,kvasir-seg::cju1c4fcu40hl07992b8gj0c8
train,kvasir-seg::cju7fob3x301u0755x985pmmq,b180abeaa1febb2dd142e722,2,1,kvasir-seg::cju1c4fcu40hl07992b8gj0c8
train,kvasir-seg::cju7fob3x301u0755x985pmmq,28882f8d47abc35ca42efaea,3,1,kvasir-seg::cju1c4fcu40hl07992b8gj0c8
train,kvasir-seg::cju7fob3x301u0755x985pmmq,89f455bf8496425ff7643724,4,1,kvasir-seg::cju1c4fcu40hl07992b8gj0c8
train,kvasir-seg::cju7fob3x301u0755x985pmmq,082703c38211d7fda3ed6e67,5,1,kvasir-seg::cju1c4fcu40hl07992b8gj0c8
train,kvasir-seg::cju7fob3x301u0755x985pmmq,d8bf4991651dd7966890487c,6,1,kvasir-seg::cju1c4fcu40hl07992b8gj0c8
train,kvasir-seg::cju7fpfzq2wyf0818xxd1oziv,7d481ba6070019aaf0b227fc,0,1,kvasir-seg::cju1c4fcu40hl07992b8gj0c8
train,kvasir-seg::cju7fpfzq2wyf0818xxd1oziv,cec16112ad0d8dcb37e616dd,1,1,kvasir-seg::cju1c4fcu40hl07992b8gj0c8
train,kvasir-seg::cju7fpfzq2wyf0818xxd1oziv,25ee938d0ff6bd6545abc744,2,1,kvasir-seg::cju1c4fcu40hl07992b8gj0c8
train,kvasir-seg::cju7fpfzq2wyf0818xxd1oziv,aa687a1e85d634c9bfb51158,3,1,kvasir-seg::cju1c4fcu40hl07992b8gj0c8
train,kvasir-seg::cju7fpfzq2wyf0818xxd1oziv,cb2161d6b3bec5692558803b,4,1,kvasir-seg::cju1c4fcu40hl07992b8gj0c8
train,kvasir-seg::cju7fpfzq2wyf0818xxd1oziv,86cddd19767f886164fec3b5,5,1,kvasir-seg::cju1c4fcu40hl07992b8gj0c8
train,kvasir-seg::cju7fpfzq2wyf0818xxd1oziv,336cd54dae2c82456082360b,6,1,kvasir-seg::cju1c4fcu40hl07992b8gj0c8
train,kvasir-seg::cju7frtqu2xa20818wq8r9fzf,b16a6457614aff2fce5ff12a,0,1,kvasir-seg::cju1c4fcu40hl07992b8gj0c8
train,kvasir-seg::cju7frtqu2xa20818wq8r9fzf,891414257cb3e5c7107d821b,1,1,kvasir-seg::cju1c4fcu40hl07992b8gj0c8
train,kvasir-seg::cju7frtqu2xa20818wq8r9fzf,49867382fc71b9f74bd038ac,2,1,kvasir-seg::cju1c4fcu40hl07992b8gj0c8
train,kvasir-seg::cju7frtqu2xa20818wq8r9fzf,e183169f81a59670a1c42406,3,1,kvasir-seg::cju1c4fcu40hl07992b8gj0c8
train,kvasir-seg::cju7frtqu2xa20818wq8r9fzf,ea99ab8efa98ea193f32c666,4,1,kvasir-seg::cju1c4fcu40hl07992b8gj0c8
train,kvasir-seg::cju7frtqu2xa20818wq8r9fzf,9c8e39df34651beaae54584f,5,1,kvasir-seg::cju1c4fcu40hl07992b8gj0c8
train,kvasir-seg::cju7frtqu2xa20818wq8r9fzf,cf8acf8136ccb242136e273a,6,1,kvasir-seg::cju1c4fcu40hl07992b8gj0c8
train,kvasir-seg::cju7g7ba42z310987bqzbi2bq,1a005f21a88ef4e791fb5b09,0,1,kvasir-seg::cju1c4fcu40hl07992b8gj0c8
train,kvasir-seg::cju7g7ba42z310987bqzbi2bq,cdc6c4dae89cf0138d6584c2,1,1,kvasir-seg::cju1c4fcu40hl07992b8gj0c8
train,kvasir-seg::cju7g7ba42z310987bqzbi2bq,6d1f3af78ff97d46c817ed81,2,1,kvasir-seg::cju1c4fcu40hl07992b8gj0c8
train,kvasir-seg::cju7g7ba42z310987bqzbi2bq,4489be30ca97b13005013174,3,1,kvasir-seg::cju1c4fcu40hl07992b8gj0c8
train,kvasir-seg::cju7g7ba42z310987bqzbi2bq,21e70f4be8adfb631980b8d0,4,1,kvasir-seg::cju1c4fcu40hl07992b8gj0c8
train,kvasir-seg::cju7g7ba42z310987bqzbi2bq,5e4320d871facd59554c8a5a,5,1,kvasir-seg::cju1c4fcu40hl07992b8gj0c8
train,kvasir-seg::cju7g7ba42z310987bqzbi2bq,8d208516e951882383f2550f,6,1,kvasir-seg::cju1c4fcu40hl07992b8gj0c8
train,kvasir-seg::cju83h9ysjwe808716nt35oah,47f82dfdff714114459c368e,0,5,kvasir-seg::cju5cu8qkb84x08186jwo8yin
train,kvasir-seg::cju83h9ysjwe808716nt35oah,ed2c72d32d6c3b0a429cdb96,1,5,kvasir-seg::cju5cu8qkb84x08186jwo8yin
train,kvasir-seg::cju83h9ysjwe808716nt35oah,d1bd12e9c250e02b8e6e363b,2,5,kvasir-seg::cju5cu8qkb84x08186jwo8yin
train,kvasir-seg::cju83h9ysjwe808716nt35oah,8b53cffc0e38d1e75fa2751e,3,5,kvasir-seg::cju5cu8qkb84x08186jwo8yin
train,kvasir-seg::cju83h9ysjwe808716nt35oah,9f096b8a35516aad85558034,4,5,kvasir-seg::cju5cu8qkb84x08186jwo8yin
train,kvasir-seg::cju83h9ysjwe808716nt35oah,4569a8c57de1c86e5e6188ab,5,5,kvasir-seg::cju5cu8qkb84x08186jwo8yin
train,kvasir-seg::cju83h9ysjwe808716nt35oah,d28861cc91f5f832de6024a6,6,5,kvasir-seg::cju5cu8qkb84x08186jwo8yin
train,kvasir-seg::cju83ipu3jwpx0801z5pvguf8,358af5e7279e2aebb49df497,0,3,kvasir-seg::cju34ymm8d6700799uop0cw33
train,kvasir-seg::cju83ipu3jwpx0801z5pvguf8,43040a0a214975df333480a8,1,3,kvasir-seg::cju34ymm8d6700799uop0cw33
train,kvasir-seg::cju83ipu3jwpx0801z5pvguf8,f8971b0f0640b551fa1fb341,2,3,kvasir-seg::cju34ymm8d6700799uop0cw33
train,kvasir-seg::cju83ipu3jwpx0801z5pvguf8,a6ec0efd49a8bff052c0d48b,3,3,kvasir-seg::cju34ymm8d6700799uop0cw33
train,kvasir-seg::cju83ipu3jwpx0801z5pvguf8,07b062372703279b22547b1a,4,3,kvasir-seg::cju34ymm8d6700799uop0cw33
train,kvasir-seg::cju83ipu3jwpx0801z5pvguf8,f8f052c14a6e461530bb757b,5,3,kvasir-seg::cju34ymm8d6700799uop0cw33
train,kvasir-seg::cju83ipu3jwpx0801z5pvguf8,fccdc2d452d2d894d8784100,6,3,kvasir-seg::cju34ymm8d6700799uop0cw33
train,kvasir-seg::cju83mki1jv5w0817kubxm31r,140576b6c4df07fbe98f7534,0,1,kvasir-seg::cju1c4fcu40hl07992b8gj0c8
train,kvasir-seg::cju83mki1jv5w0817kubxm31r,fc296854c6bfc69ed76f590e,1,1,kvasir-seg::cju1c4fcu40hl07992b8gj0c8
train,kvasir-seg::cju83mki1jv5w0817kubxm31r,ef252a73e6dfd4cd8d005606,2,1,kvasir-seg::cju1c4fcu40hl07992b8gj0c8
train,kvasir-seg::cju83mki1jv5w0817kubxm31r,9e31982107b29cc78678f19b,3,1,kvasir-seg::cju1c4fcu40hl07992b8gj0c8
train,kvasir-seg::cju83mki1jv5w0817kubxm31r,0f361034f6b3a0c8e8920574,4,1,kvasir-seg::cju1c4fcu40hl07992b8gj0c8
train,kvasir-seg::cju83mki1jv5w0817kubxm31r,2a6898b9c56ea484bb4939b6,5,1,kvasir-seg::cju1c4fcu40hl07992b8gj0c8
train,kvasir-seg::cju83mki1jv5w0817kubxm31r,842cb1729f22622e4e0fb555,6,1,kvasir-seg::cju1c4fcu40hl07992b8gj0c8
train,kvasir-seg::cju83rcnzkbsj0755x5anfrcg,7cc479baff9b9935ca795976,0,2,kvasir-seg::cju2pmhtr17a00855cvpelzb0
train,kvasir-seg::cju83rcnzkbsj0755x5anfrcg,618bcac452da0bfdc44bd7f4,1,2,kvasir-seg::cju2pmhtr17a00855cvpelzb0
train,kvasir-seg::cju83rcnzkbsj0755x5anfrcg,8402545611a675255fb8f8ce,2,2,kvasir-seg::cju2pmhtr17a00855cvpelzb0
train,kvasir-seg::cju83rcnzkbsj0755x5anfrcg,19cb5928b41c10085fdfeba6,3,2,kvasir-seg::cju2pmhtr17a00855cvpelzb0
train,kvasir-seg::cju83rcnzkbsj0755x5anfrcg,f8377b62734ca5b60d8b1f15,4,2,kvasir-seg::cju2pmhtr17a00855cvpelzb0
train,kvasir-seg::cju83rcnzkbsj0755x5anfrcg,9832f1afcbdfd7351baae612,5,2,kvasir-seg::cju2pmhtr17a00855cvpelzb0
train,kvasir-seg::cju83rcnzkbsj0755x5anfrcg,ef2ef32fca8def84fee61f4b,6,2,kvasir-seg::cju2pmhtr17a00855cvpelzb0
train,kvasir-seg::cju83syhdk6gs0801rf1rekdl,a78553dc43c04620913d21c4,0,6,kvasir-seg::cju7aklv31h4309871m29l4e7
train,kvasir-seg::cju83syhdk6gs0801rf1rekdl,3604902d30d492197195e514,1,6,kvasir-seg::cju7aklv31h4309871m29l4e7
train,kvasir-seg::cju83syhdk6gs0801rf1rekdl,457eda3cca35ac71897fd4b3,2,6,kvasir-seg::cju7aklv31h4309871m29l4e7
train,kvasir-seg::cju83syhdk6gs0801rf1rekdl,8e761c9e11fd1278715889d1,3,6,kvasir-seg::cju7aklv31h4309871m29l4e7
train,kvasir-seg::cju83syhdk6gs0801rf1rekdl,9ba26e8834f5dbc3f81d4351,4,6,kvasir-seg::cju7aklv31h4309871m29l4e7
train,kvasir-seg::cju83syhdk6gs0801rf1rekdl,129fb4c05d82180591ceb489,5,6,kvasir-seg::cju7aklv31h4309871m29l4e7
train,kvasir-seg::cju83syhdk6gs0801rf1rekdl,213635ffd1510b171aee2330,6,6,kvasir-seg::cju7aklv31h4309871m29l4e7
train,kvasir-seg::cju83u9ftk3ni0987qnhlcinv,d9a5662bf4b9576f39cdb0c7,0,1,kvasir-seg::cju1c4fcu40hl07992b8gj0c8
train,kvasir-seg::cju83u9ftk3ni0987qnhlcinv,a328b96e7ed456404aeffd75,1,1,kvasir-seg::cju1c4fcu40hl07992b8gj0c8
train,kvasir-seg::cju83u9ftk3ni0987qnhlcinv,1bc45ee95cf10e4ac24aad89,2,1,kvasir-seg::cju1c4fcu40hl07992b8gj0c8
train,kvasir-seg::cju83u9ftk3ni0987qnhlcinv,312ed2e02f0e94985b02b654,3,1,kvasir-seg::cju1c4fcu40hl07992b8gj0c8
train,kvasir-seg::cju83u9ftk3ni0987qnhlcinv,2a4fb97a6e0588461d8b77e6,4,1,kvasir-seg::cju1c4fcu40hl07992b8gj0c8
train,kvasir-seg::cju83u9ftk3ni0987qnhlcinv,ae5776de2dc55ab3c4302668,5,1,kvasir-seg::cju1c4fcu40hl07992b8gj0c8
train,kvasir-seg::cju83u9ftk3ni0987qnhlcinv,de2bc0c4c9c2ddfc99022caa,6,1,kvasir-seg::cju1c4fcu40hl07992b8gj0c8
train,kvasir-seg::cju83vvmik9wa08710yeh7cuk,c2b022f7287029a73ec0af77,0,6,kvasir-seg::cju7aklv31h4309871m29l4e7
train,kvasir-seg::cju83vvmik9wa08710yeh7cuk,a10048f940df5c114156cfbf,1,6,kvasir-seg::cju7aklv31h4309871m29l4e7
train,kvasir-seg::cju83vvmik9wa08710yeh7cuk,2a9c673164499c8200b836e2,2,6,kvasir-seg::cju7aklv31h4309871m29l4e7
train,kvasir-seg::cju83vvmik9wa08710yeh7cuk,ba2d54b410871a8ff67a3d99,3,6,kvasir-seg::cju7aklv31h4309871m29l4e7
train,kvasir-seg::cju83vvmik9wa08710yeh7cuk,ccc96b2beb1bafc5abd82b1c,4,6,kvasir-seg::cju7aklv31h4309871m29l4e7
train,kvasir-seg::cju83vvmik9wa08710yeh7cuk,a4b44a6edab6fff61b28a258,5,6,kvasir-seg::cju7aklv31h4309871m29l4e7
train,kvasir-seg::cju83vvmik9wa08710yeh7cuk,28da35b110f30b734d2e9713,6,6,kvasir-seg::cju7aklv31h4309871m29l4e7
train,kvasir-seg::cju83wwn1k55e0850kw6i2d81,d970b46c4ebc23f51002fb52,0,6,kvasir-seg::cju7aklv31h4309871m29l4e7
train,kvasir-seg::cju83wwn1k55e0850kw6i2d81,1485434a73491ab3c358881f,1,6,kvasir-seg::cju7aklv31h4309871m29l4e7
train,kvasir-seg::cju83wwn1k55e0850kw6i2d81,432d61541afd7f2daa23cc9e,2,6,kvasir-seg::cju7aklv31h4309871m29l4e7
train,kvasir-seg::cju83wwn1k55e0850kw6i2d81,20f9d2244fdcecbe36746b38,3,6,kvasir-seg::cju7aklv31h4309871m29l4e7
train,kvasir-seg::cju83wwn1k55e0850kw6i2d81,ceec2a4b3ea3edc46aa0865b,4,6,kvasir-seg::cju7aklv31h4309871m29l4e7
train,kvasir-seg::cju83wwn1k55e0850kw6i2d81,ee874d30cbd2344ef6e9d9c0,5,6,kvasir-seg::cju7aklv31h4309871m29l4e7
train,kvasir-seg::cju83wwn1k55e0850kw6i2d81,381fa6a2b5a1ce1e6aca1cc7,6,6,kvasir-seg::cju7aklv31h4309871m29l4e7
train,kvasir-seg::cju83yddek68q0850d2x7zfkm,6b5fe4a2b4851c18672fa242,0,6,kvasir-seg::cju7aklv31h4309871m29l4e7
train,kvasir-seg::cju83yddek68q0850d2x7zfkm,7fbd6fef8c1565d291aa2f6f,1,6,kvasir-seg::cju7aklv31h4309871m29l4e7
train,kvasir-seg::cju83yddek68q0850d2x7zfkm,78250fcfd4f74bfcd9dc398d,2,6,kvasir-seg::cju7aklv31h4309871m29l4e7
train,kvasir-seg::cju83yddek68q0850d2x7zfkm,8212d964f93c96aa28ecd381,3,6,kvasir-seg::cju7aklv31h4309871m29l4e7
train,kvasir-seg::cju83yddek68q0850d2x7zfkm,b0ea44d0ff3c4bb4278f4d20,4,6,kvasir-seg::cju7aklv31h4309871m29l4e7
train,kvasir-seg::cju83yddek68q0850d2x7zfkm,034d8fcc0a0422ecb2635bac,5,6,kvasir-seg::cju7aklv31h4309871m29l4e7
train,kvasir-seg::cju83yddek68q0850d2x7zfkm,cfaa6bc8e786846003f0f119,6,6,kvasir-seg::cju7aklv31h4309871m29l4e7
train,kvasir-seg::cju8402x1kcy70801t6kz6bdi,474eef3537d0b731ddf99e5f,0,6,kvasir-seg::cju7aklv31h4309871m29l4e7
train,kvasir-seg::cju8402x1kcy70801t6kz6bdi,8a75b9b9bd3b98a338b1e8af,1,6,kvasir-seg::cju7aklv31h4309871m29l4e7
train,kvasir-seg::cju8402x1kcy70801t6kz6bdi,6351eb14926aeb143094b472,2,6,kvasir-seg::cju7aklv31h4309871m29l4e7
train,kvasir-seg::cju8402x1kcy70801t6kz6bdi,9aeb5673e6ba33e5175ea29f,3,6,kvasir-seg::cju7aklv31h4309871m29l4e7
train,kvasir-seg::cju8402x1kcy70801t6kz6bdi,0c90c596ccf06ae602fff234,4,6,kvasir-seg::cju7aklv31h4309871m29l4e7
train,kvasir-seg::cju8402x1kcy70801t6kz6bdi,dd050e3400040f8cbcf0e304,5,6,kvasir-seg::cju7aklv31h4309871m29l4e7
train,kvasir-seg::cju8402x1kcy70801t6kz6bdi,653c6ee6e2d1857b04713149,6,6,kvasir-seg::cju7aklv31h4309871m29l4e7
train,kvasir-seg::cju8418jhkf7d0818ga2v0xq0,ee6f3ccd7ce18289742e4462,0,1,kvasir-seg::cju1c4fcu40hl07992b8gj0c8
train,kvasir-seg::cju8418jhkf7d0818ga2v0xq0,13d0f89db1ece061e7882d79,1,1,kvasir-seg::cju1c4fcu40hl07992b8gj0c8
train,kvasir-seg::cju8418jhkf7d0818ga2v0xq0,79f1ea93af4537fe4abbbc14,2,1,kvasir-seg::cju1c4fcu40hl07992b8gj0c8
train,kvasir-seg::cju8418jhkf7d0818ga2v0xq0,0215f147cdc5db4d5f4f6ea3,3,1,kvasir-seg::cju1c4fcu40hl07992b8gj0c8
train,kvasir-seg::cju8418jhkf7d0818ga2v0xq0,e0461a2f731b43a5fddee84f,4,1,kvasir-seg::cju1c4fcu40hl07992b8gj0c8
train,kvasir-seg::cju8418jhkf7d0818ga2v0xq0,b0e51748c13908bb2eac2569,5,1,kvasir-seg::cju1c4fcu40hl07992b8gj0c8
train,kvasir-seg::cju8418jhkf7d0818ga2v0xq0,179e3d0b5f2aac0133bacc87,6,1,kvasir-seg::cju1c4fcu40hl07992b8gj0c8
train,kvasir-seg::cju8432cmkgq90871cxe4iptl,f5871986c07e013a59261cd8,0,6,kvasir-seg::cju7aklv31h4309871m29l4e7
train,kvasir-seg::cju8432cmkgq90871cxe4iptl,3ef31448f506f9aa8ae36cbd,1,6,kvasir-seg::cju7aklv31h4309871m29l4e7
train,kvasir-seg::cju8432cmkgq90871cxe4iptl,cf5b6d0357de7702b7554050,2,6,kvasir-seg::cju7aklv31h4309871m29l4e7
train,kvasir-seg::cju8432cmkgq90871cxe4iptl,d24a3ee276be405001fc959e,3,6,kvasir-seg::cju7aklv31h4309871m29l4e7
train,kvasir-seg::cju8432cmkgq90871cxe4iptl,b53fc6a1ac4268ad38ef4449,4,6,kvasir-seg::cju7aklv31h4309871m29l4e7
train,kvasir-seg::cju8432cmkgq90871cxe4iptl,2ab7a861e0010bb2052fcc7a,5,6,kvasir-seg::cju7aklv31h4309871m29l4e7
train,kvasir-seg::cju8432cmkgq90871cxe4iptl,f745f621d3ff7871bfb00def,6,6,kvasir-seg::cju7aklv31h4309871m29l4e7
train,kvasir-seg::cju843yjskhq30818qre4rwm2,20328581d6f5821f84997e88,0,7,kvasir-seg::cju8bj2ssrmlm0871gc2ug2rs
train,kvasir-seg::cju843yjskhq30818qre4rwm2,f2901da51e7045612c24e4e5,1,7,kvasir-seg::cju8bj2ssrmlm0871gc2ug2rs
train,kvasir-seg::cju843yjskhq30818qre4rwm2,3552c06902d7b98d08491eca,2,7,kvasir-seg::cju8bj2ssrmlm0871gc2ug2rs
train,kvasir-seg::cju843yjskhq30818qre4rwm2,cafe438c1c88993cca9dfb09,3,7,kvasir-seg::cju8bj2ssrmlm0871gc2ug2rs
train,kvasir-seg::cju843yjskhq30818qre4rwm2,84c1ba52be103516a5d6986a,4,7,kvasir-seg::cju8bj2ssrmlm0871gc2ug2rs
train,kvasir-seg::cju843yjskhq30818qre4rwm2,1ed62048db719cc6f1ae3897,5,7,kvasir-seg::cju8bj2ssrmlm0871gc2ug2rs
train,kvasir-seg::cju843yjskhq30818qre4rwm2,9e38bb07bc4065a9b4506629,6,7,kvasir-seg::cju8bj2ssrmlm0871gc2ug2rs
train,kvasir-seg::cju846ec0kj7z08012o10klrb,c332b579d0818987d78c18a3,0,1,kvasir-seg::cju1c4fcu40hl07992b8gj0c8
train,kvasir-seg::cju846ec0kj7z08012o10klrb,71c02c0bbddf124507ff1854,1,1,kvasir-seg::cju1c4fcu40hl07992b8gj0c8
train,kvasir-seg::cju846ec0kj7z08012o10klrb,4893a693866ce244c2e8784d,2,1,kvasir-seg::cju1c4fcu40hl07992b8gj0c8
train,kvasir-seg::cju846ec0kj7z08012o10klrb,dc6b4b0eec13130fced964fe,3,1,kvasir-seg::cju1c4fcu40hl07992b8gj0c8
train,kvasir-seg::cju846ec0kj7z08012o10klrb,fb11510d62688981c2c4f283,4,1,kvasir-seg::cju1c4fcu40hl07992b8gj0c8
train,kvasir-seg::cju846ec0kj7z08012o10klrb,595ea9979b140761b06e32b2,5,1,kvasir-seg::cju1c4fcu40hl07992b8gj0c8
train,kvasir-seg::cju846ec0kj7z08012o10klrb,729f009045cfa6dfc434160f,6,1,kvasir-seg::cju1c4fcu40hl07992b8gj0c8
train,kvasir-seg::cju847pxykriq0755268ktrk2,ec8576de39be8ac8c2758d08,0,1,kvasir-seg::cju1c4fcu40hl07992b8gj0c8
train,kvasir-seg::cju847pxykriq0755268ktrk2,e11a4703a4499c75ee486a2e,1,1,kvasir-seg::cju1c4fcu40hl07992b8gj0c8
train,kvasir-seg::cju847pxykriq0755268ktrk2,3487d6ee295c4477a8cd40bc,2,1,kvasir-seg::cju1c4fcu40hl07992b8gj0c8
train,kvasir-seg::cju847pxykriq0755268ktrk2,c52099df8978f294e468cf92,3,1,kvasir-seg::cju1c4fcu40hl07992b8gj0c8
train,kvasir-seg::cju847pxykriq0755268ktrk2,2c7ed66c432d40d6ab96efd9,4,1,kvasir-seg::cju1c4fcu40hl07992b8gj0c8
train,kvasir-seg::cju847pxykriq0755268ktrk2,8feb1a1d081d090472af02ce,5,1,kvasir-seg::cju1c4fcu40hl07992b8gj0c8
train,kvasir-seg::cju847pxykriq0755268ktrk2,001e4fd8867c61c10c781370,6,1,kvasir-seg::cju1c4fcu40hl07992b8gj0c8
train,kvasir-seg::cju84aoa3ktwn0755pfl4gfwd,6bd81fbb7c5fb35358ad7a2e,0,1,kvasir-seg::cju1c4fcu40hl07992b8gj0c8
train,kvasir-seg::cju84aoa3ktwn0755pfl4gfwd,0c33f0da487eb493065a7d3b,1,1,kvasir-seg::cju1c4fcu40hl07992b8gj0c8
train,kvasir-seg::cju84aoa3ktwn0755pfl4gfwd,122201d254fddbc5f7ff902c,2,1,kvasir-seg::cju1c4fcu40hl07992b8gj0c8
train,kvasir-seg::cju84aoa3ktwn0755pfl4gfwd,8c4d619e470bd4b84a460db2,3,1,kvasir-seg::cju1c4fcu40hl07992b8gj0c8
train,kvasir-seg::cju84aoa3ktwn0755pfl4gfwd,feee653128e3394f617acfdc,4,1,kvasir-seg::cju1c4fcu40hl07992b8gj0c8
train,kvasir-seg::cju84aoa3ktwn0755pfl4gfwd,a15d2ba926e0e0f23faef176,5,1,kvasir-seg::cju1c4fcu40hl07992b8gj0c8
train,kvasir-seg::cju84aoa3ktwn0755pfl4gfwd,557018838a12e81d2291a679,6,1,kvasir-seg::cju1c4fcu40hl07992b8gj0c8
train,kvasir-seg::cju84dsvaklpx098750hp83x4,618fbb19b4d895ac0c861350,0,1,kvasir-seg::cju1c4fcu40hl07992b8gj0c8
train,kvasir-seg::cju84dsvaklpx098750hp83x4,7e9f030f034d505d34ed13c4,1,1,kvasir-seg::cju1c4fcu40hl07992b8gj0c8
train,kvasir-seg::cju84dsvaklpx098750hp83x4,0bceb69d0a60283bf3e0f69f,2,1,kvasir-seg::cju1c4fcu40hl07992b8gj0c8
train,kvasir-seg::cju84dsvaklpx098750hp83x4,751b0b2056f438fefa302b37,3,1,kvasir-seg::cju1c4fcu40hl07992b8gj0c8
train,kvasir-seg::cju84dsvaklpx098750hp83x4,14fab35a9d493e46fccf6120,4,1,kvasir-seg::cju1c4fcu40hl07992b8gj0c8
train,kvasir-seg::cju84dsvaklpx098750hp83x4,dc228e1dc0a8da5a8ce228a6,5,1,kvasir-seg::cju1c4fcu40hl07992b8gj0c8
train,kvasir-seg::cju84dsvaklpx098750hp83x4,0d7dba686eee9c37929b6b42,6,1,kvasir-seg::cju1c4fcu40hl07992b8gj0c8
train,kvasir-seg::cju84ffdzkrjn08183jh1fxmb,e60a11aa2fdf2d08e8aee8dd,0,6,kvasir-seg::cju7aklv31h4309871m29l4e7
train,kvasir-seg::cju84ffdzkrjn08183jh1fxmb,89a1977d20205ce80dd6eb09,1,6,kvasir-seg::cju7aklv31h4309871m29l4e7
train,kvasir-seg::cju84ffdzkrjn08183jh1fxmb,76e69c6b738d04deb8292ae7,2,6,kvasir-seg::cju7aklv31h4309871m29l4e7
train,kvasir-seg::cju84ffdzkrjn08183jh1fxmb,8a317aa7acca0b7da6a4ba79,3,6,kvasir-seg::cju7aklv31h4309871m29l4e7
train,kvasir-seg::cju84ffdzkrjn08183jh1fxmb,65713b0d347bcbced9015441,4,6,kvasir-seg::cju7aklv31h4309871m29l4e7
train,kvasir-seg::cju84ffdzkrjn08183jh1fxmb,c0117d6e76d8de648c144544,5,6,kvasir-seg::cju7aklv31h4309871m29l4e7
train,kvasir-seg::cju84ffdzkrjn08183jh1fxmb,913235097327387d156ccfd7,6,6,kvasir-seg::cju7aklv31h4309871m29l4e7
train,kvasir-seg::cju84hibuktj80871u519o71q,bf9d376b041d362318e9ed2e,0,1,kvasir-seg::cju1c4fcu40hl07992b8gj0c8
train,kvasir-seg::cju84hibuktj80871u519o71q,dd0cef246e4134bf8e5c0c5e,1,1,kvasir-seg::cju1c4fcu40hl07992b8gj0c8
train,kvasir-seg::cju84hibuktj80871u519o71q,22ad4b1e2a3cf0729d785af1,2,1,kvasir-seg::cju1c4fcu40hl07992b8gj0c8
train,kvasir-seg::cju84hibuktj80871u519o71q,61d437b04a0278e89d4e3b2f,3,1,kvasir-seg::cju1c4fcu40hl07992b8gj0c8
train,kvasir-seg::cju84hibuktj80871u519o71q,34202138ab48dbcb36601e6a,4,1,kvasir-seg::cju1c4fcu40hl07992b8gj0c8
train,kvasir-seg::cju84hibuktj80871u519o71q,1c2b8f0b68eedd2abbdb82ef,5,1,kvasir-seg::cju1c4fcu40hl07992b8gj0c8
train,kvasir-seg::cju84hibuktj80871u519o71q,3e62824a60de68109b023178,6,1,kvasir-seg::cju1c4fcu40hl07992b8gj0c8
train,kvasir-seg::cju84ih17kp5l09876bkooocl,e76be3670b2237087e847c9a,0,6,kvasir-seg::cju7aklv31h4309871m29l4e7
train,kvasir-seg::cju84ih17kp5l09876bkooocl,9ebbe26fa1af5392057e560e,1,6,kvasir-seg::cju7aklv31h4309871m29l4e7
train,kvasir-seg::cju84ih17kp5l09876bkooocl,72123128163f9b0bea7ecfc2,2,6,kvasir-seg::cju7aklv31h4309871m29l4e7
train,kvasir-seg::cju84ih17kp5l09876bkooocl,468dc0a0d7ac5e5b19163551,3,6,kvasir-seg::cju7aklv31h4309871m29l4e7
train,kvasir-seg::cju84ih17kp5l09876bkooocl,872b507e7426c86a1727be7a,4,6,kvasir-seg::cju7aklv31h4309871m29l4e7
train,kvasir-seg::cju84ih17kp5l09876bkooocl,826672a4cd6832e25b36c5e0,5,6,kvasir-seg::cju7aklv31h4309871m29l4e7
train,kvasir-seg::cju84ih17kp5l09876bkooocl,72d5ebc32c73baf661e25d08,6,6,kvasir-seg::cju7aklv31h4309871m29l4e7
train,kvasir-seg::cju84jdl9kv0i0871eog9b3i9,d1caf59b48b0574fa231fc3f,0,1,kvasir-seg::cju1c4fcu40hl07992b8gj0c8
train,kvasir-seg::cju84jdl9kv0i0871eog9b3i9,f6a56db4c3e4790f995246e4,1,1,kvasir-seg::cju1c4fcu40hl07992b8gj0c8
train,kvasir-seg::cju84jdl9kv0i0871eog9b3i9,956b37c79f08ea8aeb891188,2,1,kvasir-seg::cju1c4fcu40hl07992b8gj0c8
train,kvasir-seg::cju84jdl9kv0i0871eog9b3i9,81d99ff8d45f1fc7faec02cc,3,1,kvasir-seg::cju1c4fcu40hl07992b8gj0c8
train,kvasir-seg::cju84jdl9kv0i0871eog9b3i9,7655c17a1ffcbd0263162c05,4,1,kvasir-seg::cju1c4fcu40hl07992b8gj0c8
train,kvasir-seg::cju84jdl9kv0i0871eog9b3i9,5d50172ade66c02ec6ea084e,5,1,kvasir-seg::cju1c4fcu40hl07992b8gj0c8
train,kvasir-seg::cju84jdl9kv0i0871eog9b3i9,ca157628eb452348da152ea5,6,1,kvasir-seg::cju1c4fcu40hl07992b8gj0c8
train,kvasir-seg::cju84kplnl1y30755ropua1b0,594693a4cdc5960c6b72b10b,0,1,kvasir-seg::cju1c4fcu40hl07992b8gj0c8
train,kvasir-seg::cju84kplnl1y30755ropua1b0,01322c976049fdacaa552dc0,1,1,kvasir-seg::cju1c4fcu40hl07992b8gj0c8
train,kvasir-seg::cju84kplnl1y30755ropua1b0,53e5deb027922221343b0fed,2,1,kvasir-seg::cju1c4fcu40hl07992b8gj0c8
train,kvasir-seg::cju84kplnl1y30755ropua1b0,40f7a557b495c5c2fb073cbe,3,1,kvasir-seg::cju1c4fcu40hl07992b8gj0c8
train,kvasir-seg::cju84kplnl1y30755ropua1b0,e91f8db4d3ab3fd2daef06b6,4,1,kvasir-seg::cju1c4fcu40hl07992b8gj0c8
train,kvasir-seg::cju84kplnl1y30755ropua1b0,bfb8ca91421ab73b5d882b8f,5,1,kvasir-seg::cju1c4fcu40hl07992b8gj0c8
train,kvasir-seg::cju84kplnl1y30755ropua1b0,6583bc4f5c49998601a94894,6,1,kvasir-seg::cju1c4fcu40hl07992b8gj0c8
train,kvasir-seg::cju857ad0l88m0817qx4cwxnf,1f27f5b58afe8ba28ee7d2ae,0,6,kvasir-seg::cju7aklv31h4309871m29l4e7
train,kvasir-seg::cju857ad0l88m0817qx4cwxnf,5bcb1969475b6bb29b3693f0,1,6,kvasir-seg::cju7aklv31h4309871m29l4e7
train,kvasir-seg::cju857ad0l88m0817qx4cwxnf,e07328cb8880c187826d3c68,2,6,kvasir-seg::cju7aklv31h4309871m29l4e7
train,kvasir-seg::cju857ad0l88m0817qx4cwxnf,9227463c9143249fa8c904a9,3,6,kvasir-seg::cju7aklv31h4309871m29l4e7
train,kvasir-seg::cju857ad0l88m0817qx4cwxnf,7c199ae7ee2f426f3473428e,4,6,kvasir-seg::cju7aklv31h4309871m29l4e7
train,kvasir-seg::cju857ad0l88m0817qx4cwxnf,7b06b2a490d075c39469f69f,5,6,kvasir-seg::cju7aklv31h4309871m29l4e7
train,kvasir-seg::cju857ad0l88m0817qx4cwxnf,6a3765883a3b2f7f1aa8237a,6,6,kvasir-seg::cju7aklv31h4309871m29l4e7
train,kvasir-seg::cju85bf1algsq0871y9gtlq97,fc7490e0c6c439bf38caa979,0,4,kvasir-seg::cju3v72v5h1qz0818fggilwtq
train,kvasir-seg::cju85bf1algsq0871y9gtlq97,0e59fa317d494f1bcd567625,1,4,kvasir-seg::cju3v72v5h1qz0818fggilwtq
train,kvasir-seg::cju85bf1algsq0871y9gtlq97,a25195ac12673af6c922fa35,2,3,kvasir-seg::cju34ymm8d6700799uop0cw33
train,kvasir-seg::cju85bf1algsq0871y9gtlq97,b2cbfcffee772cf04bed7c6e,3,3,kvasir-seg::cju34ymm8d6700799uop0cw33
train,kvasir-seg::cju85bf1algsq0871y9gtlq97,7a064daf46439e9256ed15ab,4,3,kvasir-seg::cju34ymm8d6700799uop0cw33
train,kvasir-seg::cju85bf1algsq0871y9gtlq97,86c3cd93f49ebd5ea1d34c83,5,3,kvasir-seg::cju34ymm8d6700799uop0cw33
train,kvasir-seg::cju85bf1algsq0871y9gtlq97,48196def398295b27e667a56,6,3,kvasir-seg::cju34ymm8d6700799uop0cw33
train,kvasir-seg::cju85c2d4ln1b0755zz1z3onx,2471eb4f53c480998560bfad,0,1,kvasir-seg::cju1c4fcu40hl07992b8gj0c8
train,kvasir-seg::cju85c2d4ln1b0755zz1z3onx,2ca4edced17b0e0ed9df7c85,1,1,kvasir-seg::cju1c4fcu40hl07992b8gj0c8
train,kvasir-seg::cju85c2d4ln1b0755zz1z3onx,b72b12909c119daf38c6369a,2,1,kvasir-seg::cju1c4fcu40hl07992b8gj0c8
train,kvasir-seg::cju85c2d4ln1b0755zz1z3onx,c4cc20a488bf4a0a46eca4de,3,1,kvasir-seg::cju1c4fcu40hl07992b8gj0c8
train,kvasir-seg::cju85c2d4ln1b0755zz1z3onx,360b881332492f195b9b6887,4,1,kvasir-seg::cju1c4fcu40hl07992b8gj0c8
train,kvasir-seg::cju85c2d4ln1b0755zz1z3onx,0e04c2e6d4e341a2dd754ff1,5,1,kvasir-seg::cju1c4fcu40hl07992b8gj0c8
train,kvasir-seg::cju85c2d4ln1b0755zz1z3onx,2aaa725018e0861d0ec13a0f,6,1,kvasir-seg::cju1c4fcu40hl07992b8gj0c8
train,kvasir-seg::cju85citjlnfm0755i4rk5tqj,d679b9ba4678cf588620822c,0,1,kvasir-seg::cju1c4fcu40hl07992b8gj0c8
train,kvasir-seg::cju85citjlnfm0755i4rk5tqj,0f4479d1ba094955ce386e67,1,1,kvasir-seg::cju1c4fcu40hl07992b8gj0c8
train,kvasir-seg::cju85citjlnfm0755i4rk5tqj,01b98b288eacebb376aed8d5,2,1,kvasir-seg::cju1c4fcu40hl07992b8gj0c8
train,kvasir-seg::cju85citjlnfm0755i4rk5tqj,6511cefefb57d0baadd26532,3,1,kvasir-seg::cju1c4fcu40hl07992b8gj0c8
train,kvasir-seg::cju85citjlnfm0755i4rk5tqj,6e13a8925dd079fa32264a10,4,1,kvasir-seg::cju1c4fcu40hl07992b8gj0c8
train,kvasir-seg::cju85citjlnfm0755i4rk5tqj,299a3b633d8a1e479edca51f,5,1,kvasir-seg::cju1c4fcu40hl07992b8gj0c8
train,kvasir-seg::cju85citjlnfm0755i4rk5tqj,5a2ac7fa4b8b53f653e167e5,6,1,kvasir-seg::cju1c4fcu40hl07992b8gj0c8
train,kvasir-seg::cju85dx63lic408017f0l0400,0ec4cce0f00c1b49f1b58cc1,0,1,kvasir-seg::cju1c4fcu40hl07992b8gj0c8
train,kvasir-seg::cju85dx63lic408017f0l0400,9068a6b9c6e4bbc7a6bb53b8,1,1,kvasir-seg::cju1c4fcu40hl07992b8gj0c8
train,kvasir-seg::cju85dx63lic408017f0l0400,acd9b5125efb59062a9e20c0,2,1,kvasir-seg::cju1c4fcu40hl07992b8gj0c8
train,kvasir-seg::cju85dx63lic408017f0l0400,8b05f3b431abe23269238f54,3,1,kvasir-seg::cju1c4fcu40hl07992b8gj0c8
train,kvasir-seg::cju85dx63lic408017f0l0400,7acc036e03b6c94b0171da57,4,1,kvasir-seg::cju1c4fcu40hl07992b8gj0c8
train,kvasir-seg::cju85dx63lic408017f0l0400,20cf2f65d7b8784af0a79c9c,5,1,kvasir-seg::cju1c4fcu40hl07992b8gj0c8
train,kvasir-seg::cju85dx63lic408017f0l0400,2d405c8321be2ca26ae02765,6,1,kvasir-seg::cju1c4fcu40hl07992b8gj0c8
train,kvasir-seg::cju85fc11ljr40818edpb0inh,59281ceab3d79181108ee542,0,1,kvasir-seg::cju1c4fcu40hl07992b8gj0c8
train,kvasir-seg::cju85fc11ljr40818edpb0inh,3de404688e14b9a2e42363ea,1,1,kvasir-seg::cju1c4fcu40hl07992b8gj0c8
train,kvasir-seg::cju85fc11ljr40818edpb0inh,b40f197fa3f3e2b0e8c55df1,2,1,kvasir-seg::cju1c4fcu40hl07992b8gj0c8
train,kvasir-seg::cju85fc11ljr40818edpb0inh,834e174063892519af0c9d2b,3,1,kvasir-seg::cju1c4fcu40hl07992b8gj0c8
train,kvasir-seg::cju85fc11ljr40818edpb0inh,bae69c7c22e02ab2d930fc5e,4,1,kvasir-seg::cju1c4fcu40hl07992b8gj0c8
train,kvasir-seg::cju85fc11ljr40818edpb0inh,9a41d61b7ffd8eb95cf47c22,5,1,kvasir-seg::cju1c4fcu40hl07992b8gj0c8
train,kvasir-seg::cju85fc11ljr40818edpb0inh,a0992c11b7eeb6ba8cc8ba76,6,1,kvasir-seg::cju1c4fcu40hl07992b8gj0c8
train,kvasir-seg::cju85hguellg50818kwu3s8d1,275856468c6fdd5d339bc50a,0,1,kvasir-seg::cju1c4fcu40hl07992b8gj0c8
train,kvasir-seg::cju85hguellg50818kwu3s8d1,d87fb569e8dd94fd68a8f2b6,1,1,kvasir-seg::cju1c4fcu40hl07992b8gj0c8
train,kvasir-seg::cju85hguellg50818kwu3s8d1,561817ea699552a0e66b1e8e,2,1,kvasir-seg::cju1c4fcu40hl07992b8gj0c8
train,kvasir-seg::cju85hguellg50818kwu3s8d1,e173193671bac008817b6742,3,1,kvasir-seg::cju1c4fcu40hl07992b8gj0c8
train,kvasir-seg::cju85hguellg50818kwu3s8d1,d266c27b7af6bc908df6cd40,4,1,kvasir-seg::cju1c4fcu40hl07992b8gj0c8
train,kvasir-seg::cju85hguellg50818kwu3s8d1,97356bc1152c429d93fa4584,5,1,kvasir-seg::cju1c4fcu40hl07992b8gj0c8
train,kvasir-seg::cju85hguellg50818kwu3s8d1,f1724c843b615e16f9d33006,6,1,kvasir-seg::cju1c4fcu40hl07992b8gj0c8
train,kvasir-seg::cju85ia1slh220987y7c20sm2,a0eb49bd7b51c7f6ba82fc6f,0,2,kvasir-seg::cju2pmhtr17a00855cvpelzb0
train,kvasir-seg::cju85ia1slh220987y7c20sm2,438f4027b095c2fa83cad566,1,2,kvasir-seg::cju2pmhtr17a00855cvpelzb0
train,kvasir-seg::cju85ia1slh220987y7c20sm2,dec9f85900b6e7453bd10a05,2,2,kvasir-seg::cju2pmhtr17a00855cvpelzb0
train,kvasir-seg::cju85ia1slh220987y7c20sm2,953f9484610ab34daea2d728,3,6,kvasir-seg::cju7aklv31h4309871m29l4e7
train,kvasir-seg::cju85ia1slh220987y7c20sm2,e0849011b394c6ab401ba2ad,4,6,kvasir-seg::cju7aklv31h4309871m29l4e7
train,kvasir-seg::cju85ia1slh220987y7c20sm2,f7e192f69b07b51a9c340d11,5,6,kvasir-seg::cju7aklv31h4309871m29l4e7
train,kvasir-seg::cju85ia1slh220987y7c20sm2,48e7b491529c9f68112d68f4,6,6,kvasir-seg::cju7aklv31h4309871m29l4e7
train,kvasir-seg::cju85je7vlht70817c9jcjwi4,563ee35a5cf0d5c158b85ba2,0,1,kvasir-seg::cju1c4fcu40hl07992b8gj0c8
train,kvasir-seg::cju85je7vlht70817c9jcjwi4,bc9618d4f37f80c2102dd146,1,1,kvasir-seg::cju1c4fcu40hl07992b8gj0c8
train,kvasir-seg::cju85je7vlht70817c9jcjwi4,7d4a21f054c449b9397f7870,2,1,kvasir-seg::cju1c4fcu40hl07992b8gj0c8
train,kvasir-seg::cju85je7vlht70817c9jcjwi4,2d36b00c3ba4deb094254d51,3,1,kvasir-seg::cju1c4fcu40hl07992b8gj0c8
train,kvasir-seg::cju85je7vlht70817c9jcjwi4,ab4128d801ef4cfb92db3e73,4,1,kvasir-seg::cju1c4fcu40hl07992b8gj0c8
train,kvasir-seg::cju85je7vlht70817c9jcjwi4,a658d11cdc2d072eb8382d63,5,1,kvasir-seg::cju1c4fcu40hl07992b8gj0c8
train,kvasir-seg::cju85je7vlht70817c9jcjwi4,30eddebe8944be57678733ef,6,1,kvasir-seg::cju1c4fcu40hl07992b8gj0c8
train,kvasir-seg::cju85l4yjlops0801fvmnwptf,4df57990f3ec3cb037caf2db,0,1,kvasir-seg::cju1c4fcu40hl07992b8gj0c8
train,kvasir-seg::cju85l4yjlops0801fvmnwptf,6e805401e5c8a2785b967bcb,1,1,kvasir-seg::cju1c4fcu40hl07992b8gj0c8
train,kvasir-seg::cju85l4yjlops0801fvmnwptf,0166b45f6f71dcdeb18d152a,2,1,kvasir-seg::cju1c4fcu40hl07992b8gj0c8
train,kvasir-seg::cju85l4yjlops0801fvmnwptf,1b63670f8997b02d61895707,3,1,kvasir-seg::cju1c4fcu40hl07992b8gj0c8
train,kvasir-seg::cju85l4yjlops0801fvmnwptf,c590cb148e3ceff955c65099,4,1,kvasir-seg::cju1c4fcu40hl07992b8gj0c8
train,kvasir-seg::cju85l4yjlops0801fvmnwptf,223e2a5b0803cf46880fb0e7,5,1,kvasir-seg::cju1c4fcu40hl07992b8gj0c8
train,kvasir-seg::cju85l4yjlops0801fvmnwptf,069d1bd8a01ca6b0580c48c2,6,1,kvasir-seg::cju1c4fcu40hl07992b8gj0c8
train,kvasir-seg::cju85nr8elly209872w9n5m0s,4e769ab37f4f5a6aafdda633,0,2,kvasir-seg::cju2pmhtr17a00855cvpelzb0
train,kvasir-seg::cju85nr8elly209872w9n5m0s,c772d0436af896c80097d7af,1,2,kvasir-seg::cju2pmhtr17a00855cvpelzb0
train,kvasir-seg::cju85nr8elly209872w9n5m0s,5ce1296b17310008d31287b3,2,2,kvasir-seg::cju2pmhtr17a00855cvpelzb0
train,kvasir-seg::cju85nr8elly209872w9n5m0s,c7461531e43b4e92b2c59fdb,3,2,kvasir-seg::cju2pmhtr17a00855cvpelzb0
train,kvasir-seg::cju85nr8elly209872w9n5m0s,4ec3c3c0e3dbc0be589c3d75,4,2,kvasir-seg::cju2pmhtr17a00855cvpelzb0
train,kvasir-seg::cju85nr8elly209872w9n5m0s,83d45aec846047c720a455a6,5,2,kvasir-seg::cju2pmhtr17a00855cvpelzb0
train,kvasir-seg::cju85nr8elly209872w9n5m0s,9ef5d2c87be14896a8f6a277,6,2,kvasir-seg::cju2pmhtr17a00855cvpelzb0
train,kvasir-seg::cju85omszllp30850b6rm9mi3,f81d84bea171ea4d0b032bf5,0,1,kvasir-seg::cju1c4fcu40hl07992b8gj0c8
train,kvasir-seg::cju85omszllp30850b6rm9mi3,0587d68f07379ab58ea7fe51,1,1,kvasir-seg::cju1c4fcu40hl07992b8gj0c8
train,kvasir-seg::cju85omszllp30850b6rm9mi3,ee4659d72400d070c14761ef,2,1,kvasir-seg::cju1c4fcu40hl07992b8gj0c8
train,kvasir-seg::cju85omszllp30850b6rm9mi3,2b0d054960dfb5694c6cda6b,3,1,kvasir-seg::cju1c4fcu40hl07992b8gj0c8
train,kvasir-seg::cju85omszllp30850b6rm9mi3,e4cd89d0c90646fde12f59d5,4,1,kvasir-seg::cju1c4fcu40hl07992b8gj0c8
train,kvasir-seg::cju85omszllp30850b6rm9mi3,694ec9ea5ac9910ca5bd5a23,5,1,kvasir-seg::cju1c4fcu40hl07992b8gj0c8
train,kvasir-seg::cju85omszllp30850b6rm9mi3,c3a02b5795a0109c1b4e2beb,6,1,kvasir-seg::cju1c4fcu40hl07992b8gj0c8
train,kvasir-seg::cju85qefyln6v0850szeb9byi,d842466bca0a43e996b53b5b,0,1,kvasir-seg::cju1c4fcu40hl07992b8gj0c8
train,kvasir-seg::cju85qefyln6v0850szeb9byi,ad903e9e2064b2ba58a5df0a,1,1,kvasir-seg::cju1c4fcu40hl07992b8gj0c8
train,kvasir-seg::cju85qefyln6v0850szeb9byi,05c808d5d3c66833913ae2cc,2,1,kvasir-seg::cju1c4fcu40hl07992b8gj0c8
train,kvasir-seg::cju85qefyln6v0850szeb9byi,73def78a85f617a49ddee190,3,1,kvasir-seg::cju1c4fcu40hl07992b8gj0c8
train,kvasir-seg::cju85qefyln6v0850szeb9byi,71e1a19f482040f31468aaa0,4,1,kvasir-seg::cju1c4fcu40hl07992b8gj0c8
train,kvasir-seg::cju85qefyln6v0850szeb9byi,cd9ccedd7d01f26b2b955ff8,5,1,kvasir-seg::cju1c4fcu40hl07992b8gj0c8
train,kvasir-seg::cju85qefyln6v0850szeb9byi,638244b4a9f9251a4a81f1be,6,1,kvasir-seg::cju1c4fcu40hl07992b8gj0c8
train,kvasir-seg::cju87kbcen2av0987usezo8kn,fd4de7af12adad9f23ada7a5,0,1,kvasir-seg::cju1c4fcu40hl07992b8gj0c8
train,kvasir-seg::cju87kbcen2av0987usezo8kn,bec7d33b27f1496abcbdfc03,1,1,kvasir-seg::cju1c4fcu40hl07992b8gj0c8
train,kvasir-seg::cju87kbcen2av0987usezo8kn,6bfd280b1a928bfdf33a2d6c,2,1,kvasir-seg::cju1c4fcu40hl07992b8gj0c8
train,kvasir-seg::cju87kbcen2av0987usezo8kn,3c9b7e4ab0deb27f2eb6e469,3,1,kvasir-seg::cju1c4fcu40hl07992b8gj0c8
train,kvasir-seg::cju87kbcen2av0987usezo8kn,6b991e764f719922c509d518,4,1,kvasir-seg::cju1c4fcu40hl07992b8gj0c8
train,kvasir-seg::cju87kbcen2av0987usezo8kn,ced06a1ecb49dcd3deebbe0c,5,1,kvasir-seg::cju1c4fcu40hl07992b8gj0c8
train,kvasir-seg::cju87kbcen2av0987usezo8kn,19b0cc5bd754f288c9c657b1,6,1,kvasir-seg::cju1c4fcu40hl07992b8gj0c8
train,kvasir-seg::cju87mrypnb1e0818scv1mxxg,a780f872553602256b118d72,0,1,kvasir-seg::cju1c4fcu40hl07992b8gj0c8
train,kvasir-seg::cju87mrypnb1e0818scv1mxxg,6b32c1f7a9e6142484fd1055,1,1,kvasir-seg::cju1c4fcu40hl07992b8gj0c8
train,kvasir-seg::cju87mrypnb1e0818scv1mxxg,a35a1808e5a79d88969c519a,2,1,kvasir-seg::cju1c4fcu40hl07992b8gj0c8
train,kvasir-seg::cju87mrypnb1e0818scv1mxxg,973e5d674288d3351c685a6f,3,1,kvasir-seg::cju1c4fcu40hl07992b8gj0c8
train,kvasir-seg::cju87mrypnb1e0818scv1mxxg,f9de12e1d615b88e3e9f2c75,4,1,kvasir-seg::cju1c4fcu40hl07992b8gj0c8
train,kvasir-seg::cju87mrypnb1e0818scv1mxxg,ffc48a7f695b8bec51f5d90b,5,1,kvasir-seg::cju1c4fcu40hl07992b8gj0c8
train,kvasir-seg::cju87mrypnb1e0818scv1mxxg,1b64fcb90d05707a6b7e5c17,6,1,kvasir-seg::cju1c4fcu40hl07992b8gj0c8
train,kvasir-seg::cju87nkyrnb970801q84m47yt,a458f306b212ef635b5b12c7,0,1,kvasir-seg::cju1c4fcu40hl07992b8gj0c8
train,kvasir-seg::cju87nkyrnb970801q84m47yt,b4995ddbc9ec76e8cb8c18dd,1,1,kvasir-seg::cju1c4fcu40hl07992b8gj0c8
train,kvasir-seg::cju87nkyrnb970801q84m47yt,4d3a6881794d657c229386ee,2,1,kvasir-seg::cju1c4fcu40hl07992b8gj0c8
train,kvasir-seg::cju87nkyrnb970801q84m47yt,c1d0da4604bc422df618ffe5,3,1,kvasir-seg::cju1c4fcu40hl07992b8gj0c8
train,kvasir-seg::cju87nkyrnb970801q84m47yt,ea04c4fd0a8037dbf8abf476,4,1,kvasir-seg::cju1c4fcu40hl07992b8gj0c8
train,kvasir-seg::cju87nkyrnb970801q84m47yt,d577469358d2501e1bbaae61,5,1,kvasir-seg::cju1c4fcu40hl07992b8gj0c8
train,kvasir-seg::cju87nkyrnb970801q84m47yt,660c91e2ebb912ae0b500945,6,1,kvasir-seg::cju1c4fcu40hl07992b8gj0c8
train,kvasir-seg::cju87ox0kncom0801b98hqnd2,dbe4eb158e8418ced5f8d5ea,0,6,kvasir-seg::cju7aklv31h4309871m29l4e7
train,kvasir-seg::cju87ox0kncom0801b98hqnd2,90b66afa791c53ac23a66290,1,6,kvasir-seg::cju7aklv31h4309871m29l4e7
train,kvasir-seg::cju87ox0kncom0801b98hqnd2,507135807c9e4f6d27049758,2,6,kvasir-seg::cju7aklv31h4309871m29l4e7
train,kvasir-seg::cju87ox0kncom0801b98hqnd2,f762b854b5b5bcd35ffe4ea0,3,6,kvasir-seg::cju7aklv31h4309871m29l4e7
train,kvasir-seg::cju87ox0kncom0801b98hqnd2,a4b7615bd280a262f6e46203,4,6,kvasir-seg::cju7aklv31h4309871m29l4e7
train,kvasir-seg::cju87ox0kncom0801b98hqnd2,347e889adea3142e33c3b23c,5,6,kvasir-seg::cju7aklv31h4309871m29l4e7
train,kvasir-seg::cju87ox0kncom0801b98hqnd2,63bc4d191ad41a8020a913ce,6,6,kvasir-seg::cju7aklv31h4309871m29l4e7
train,kvasir-seg::cju87q6yoneim0871dl4phvkd,368c6d186be26590b8168cf4,0,1,kvasir-seg::cju1c4fcu40hl07992b8gj0c8
train,kvasir-seg::cju87q6yoneim0871dl4phvkd,0bff8b06b5dc74e2dd9000e5,1,1,kvasir-seg::cju1c4fcu40hl07992b8gj0c8
train,kvasir-seg::cju87q6yoneim0871dl4phvkd,6860c8abb8fa49290cabc8ba,2,1,kvasir-seg::cju1c4fcu40hl07992b8gj0c8
train,kvasir-seg::cju87q6yoneim0871dl4phvkd,9543c929f96a8f2b2080b65d,3,1,kvasir-seg::cju1c4fcu40hl07992b8gj0c8
train,kvasir-seg::cju87q6yoneim0871dl4phvkd,8324a8e74c3e0d9057cb2417,4,1,kvasir-seg::cju1c4fcu40hl07992b8gj0c8
train,kvasir-seg::cju87q6yoneim0871dl4phvkd,a3937149e8073e04da8e6a8f,5,1,kvasir-seg::cju1c4fcu40hl07992b8gj0c8
train,kvasir-seg::cju87q6yoneim0871dl4phvkd,124c6de1cb6390d741692ea3,6,1,kvasir-seg::cju1c4fcu40hl07992b8gj0c8
train,kvasir-seg::cju87tyddnnad0755bj0wxahe,280a459d1517c7abdee1223f,0,1,kvasir-seg::cju1c4fcu40hl07992b8gj0c8
train,kvasir-seg::cju87tyddnnad0755bj0wxahe,b1846d30209320a9c6734666,1,1,kvasir-seg::cju1c4fcu40hl07992b8gj0c8
train,kvasir-seg::cju87tyddnnad0755bj0wxahe,e7f081cad48ed79cbe966cdd,2,1,kvasir-seg::cju1c4fcu40hl07992b8gj0c8
train,kvasir-seg::cju87tyddnnad0755bj0wxahe,04bb35188a4fb5124792cc18,3,1,kvasir-seg::cju1c4fcu40hl07992b8gj0c8
train,kvasir-seg::cju87tyddnnad0755bj0wxahe,6ffadfeaf86878211dbc6e11,4,1,kvasir-seg::cju1c4fcu40hl07992b8gj0c8
train,kvasir-seg::cju87tyddnnad0755bj0wxahe,0accdfd54f341ee0e6a1117f,5,1,kvasir-seg::cju1c4fcu40hl07992b8gj0c8
train,kvasir-seg::cju87tyddnnad0755bj0wxahe,c1e387537550781d81fa98aa,6,1,kvasir-seg::cju1c4fcu40hl07992b8gj0c8
train,kvasir-seg::cju87vqa0ndwg0850onjdz7ol,2de7d7b5c4532095cd044ab2,0,1,kvasir-seg::cju1c4fcu40hl07992b8gj0c8
train,kvasir-seg::cju87vqa0ndwg0850onjdz7ol,c2483670021b2f292e319184,1,1,kvasir-seg::cju1c4fcu40hl07992b8gj0c8
train,kvasir-seg::cju87vqa0ndwg0850onjdz7ol,627b1ebebae5c72d844f13ab,2,1,kvasir-seg::cju1c4fcu40hl07992b8gj0c8
train,kvasir-seg::cju87vqa0ndwg0850onjdz7ol,aac2d1a955a9e0c448c9bd34,3,1,kvasir-seg::cju1c4fcu40hl07992b8gj0c8
train,kvasir-seg::cju87vqa0ndwg0850onjdz7ol,c8b409a0b321eb1293589ab3,4,1,kvasir-seg::cju1c4fcu40hl07992b8gj0c8
train,kvasir-seg::cju87vqa0ndwg0850onjdz7ol,b6a857352fddda474edf320c,5,1,kvasir-seg::cju1c4fcu40hl07992b8gj0c8
train,kvasir-seg::cju87vqa0ndwg0850onjdz7ol,aa19c41a47cfe5186df258dc,6,1,kvasir-seg::cju1c4fcu40hl07992b8gj0c8
train,kvasir-seg::cju87xn2snfmv0987sc3d9xnq,2ee6d148c2730c31bc452552,0,1,kvasir-seg::cju1c4fcu40hl07992b8gj0c8
train,kvasir-seg::cju87xn2snfmv0987sc3d9xnq,575e4d714e427411539b6055,1,1,kvasir-seg::cju1c4fcu40hl07992b8gj0c8
train,kvasir-seg::cju87xn2snfmv0987sc3d9xnq,5de94642ac70c95e733e0744,2,1,kvasir-seg::cju1c4fcu40hl07992b8gj0c8
train,kvasir-seg::cju87xn2snfmv0987sc3d9xnq,70303c6d1fd23873079b7fdd,3,1,kvasir-seg::cju1c4fcu40hl07992b8gj0c8
train,kvasir-seg::cju87xn2snfmv0987sc3d9xnq,39f9d0da72b3ba0d2129aaf8,4,1,kvasir-seg::cju1c4fcu40hl07992b8gj0c8
train,kvasir-seg::cju87xn2snfmv0987sc3d9xnq,82b1b6582dd3d137bcbe72a9,5,1,kvasir-seg::cju1c4fcu40hl07992b8gj0c8
train,kvasir-seg::cju87xn2snfmv0987sc3d9xnq,7c28a0a816a8dee27f7645e7,6,1,kvasir-seg::cju1c4fcu40hl07992b8gj0c8
train,kvasir-seg::cju87z6o6nh73085045bzsx6o,c1b5581fa11e2c93f2bc3173,0,2,kvasir-seg::cju2pmhtr17a00855cvpelzb0
train,kvasir-seg::cju87z6o6nh73085045bzsx6o,67918f4a76dc641aa4e4d5b5,1,2,kvasir-seg::cju2pmhtr17a00855cvpelzb0
train,kvasir-seg::cju87z6o6nh73085045bzsx6o,5bee04b13446c609a1bd443f,2,2,kvasir-seg::cju2pmhtr17a00855cvpelzb0
train,kvasir-seg::cju87z6o6nh73085045bzsx6o,d9c20037d3be4468e135fcd5,3,2,kvasir-seg::cju2pmhtr17a00855cvpelzb0
train,kvasir-seg::cju87z6o6nh73085045bzsx6o,f462df354e3cab7f02695757,4,2,kvasir-seg::cju2pmhtr17a00855cvpelzb0
train,kvasir-seg::cju87z6o6nh73085045bzsx6o,a9c47130538c9ff6947de146,5,2,kvasir-seg::cju2pmhtr17a00855cvpelzb0
train,kvasir-seg::cju87z6o6nh73085045bzsx6o,868f0f42ef307783347a6a50,6,2,kvasir-seg::cju2pmhtr17a00855cvpelzb0
train,kvasir-seg::cju87zv8lni0o0850hbbecbq6,e57c2ec86e0616d86d798fce,0,1,kvasir-seg::cju1c4fcu40hl07992b8gj0c8
train,kvasir-seg::cju87zv8lni0o0850hbbecbq6,da736644a5ebd0064d5fa427,1,1,kvasir-seg::cju1c4fcu40hl07992b8gj0c8
train,kvasir-seg::cju87zv8lni0o0850hbbecbq6,657c3e59d2d4d6c231731422,2,1,kvasir-seg::cju1c4fcu40hl07992b8gj0c8
train,kvasir-seg::cju87zv8lni0o0850hbbecbq6,9c61fe4ef35cd8dbbe6c34af,3,1,kvasir-seg::cju1c4fcu40hl07992b8gj0c8
train,kvasir-seg::cju87zv8lni0o0850hbbecbq6,c704ce821737c760d451d477,4,1,kvasir-seg::cju1c4fcu40hl07992b8gj0c8
train,kvasir-seg::cju87zv8lni0o0850hbbecbq6,319ed028fa985b8113a6ad15,5,1,kvasir-seg::cju1c4fcu40hl07992b8gj0c8
train,kvasir-seg::cju87zv8lni0o0850hbbecbq6,13919853bf6cfe7cb882b31f,6,1,kvasir-seg::cju1c4fcu40hl07992b8gj0c8
train,kvasir-seg::cju8828oxnool0801qno9luhr,19463c6f0acc9679f8286dc8,0,6,kvasir-seg::cju7aklv31h4309871m29l4e7
train,kvasir-seg::cju8828oxnool0801qno9luhr,1005328d881d24bf622df0b3,1,6,kvasir-seg::cju7aklv31h4309871m29l4e7
train,kvasir-seg::cju8828oxnool0801qno9luhr,c59502bfb10b6cc8e26120f4,2,6,kvasir-seg::cju7aklv31h4309871m29l4e7
train,kvasir-seg::cju8828oxnool0801qno9luhr,3a951fcd7e8a72b86370460d,3,6,kvasir-seg::cju7aklv31h4309871m29l4e7
train,kvasir-seg::cju8828oxnool0801qno9luhr,617c38f35acc56115f044f7b,4,6,kvasir-seg::cju7aklv31h4309871m29l4e7
train,kvasir-seg::cju8828oxnool0801qno9luhr,4f00f22e3bb85ffd186040c4,5,6,kvasir-seg::cju7aklv31h4309871m29l4e7
train,kvasir-seg::cju8828oxnool0801qno9luhr,26231ed86a17a53a9d2c56c6,6,6,kvasir-seg::cju7aklv31h4309871m29l4e7
train,kvasir-seg::cju884985nlmx0817vzpax3y4,98a7051f5c15ddda10b97394,0,1,kvasir-seg::cju1c4fcu40hl07992b8gj0c8
train,kvasir-seg::cju884985nlmx0817vzpax3y4,db7211eb13c1ee88a6708ff6,1,1,kvasir-seg::cju1c4fcu40hl07992b8gj0c8
train,kvasir-seg::cju884985nlmx0817vzpax3y4,c0c1fb766059310c6a397593,2,1,kvasir-seg::cju1c4fcu40hl07992b8gj0c8
train,kvasir-seg::cju884985nlmx0817vzpax3y4,c38ceeccfda8c035e4cff673,3,1,kvasir-seg::cju1c4fcu40hl07992b8gj0c8
train,kvasir-seg::cju884985nlmx0817vzpax3y4,d4ab24b206fe274bd4929ecf,4,1,kvasir-seg::cju1c4fcu40hl07992b8gj0c8
train,kvasir-seg::cju884985nlmx0817vzpax3y4,ff2bd521ce5d836288b2175d,5,1,kvasir-seg::cju1c4fcu40hl07992b8gj0c8
train,kvasir-seg::cju884985nlmx0817vzpax3y4,37fdb3fc71dfb956fc9a9163,6,1,kvasir-seg::cju1c4fcu40hl07992b8gj0c8
train,kvasir-seg::cju885ikhnmkn09878s2lqtuh,1283ac9fd5d9117f81300203,0,6,kvasir-seg::cju7aklv31h4309871m29l4e7
train,kvasir-seg::cju885ikhnmkn09878s2lqtuh,6abfd0d1c9781f8e8f9fdb77,1,6,kvasir-seg::cju7aklv31h4309871m29l4e7
train,kvasir-seg::cju885ikhnmkn09878s2lqtuh,ef3fd00a90e4c5eccbdeed44,2,6,kvasir-seg::cju7aklv31h4309871m29l4e7
train,kvasir-seg::cju885ikhnmkn09878s2lqtuh,30e84dcc48a019491b0149c3,3,6,kvasir-seg::cju7aklv31h4309871m29l4e7
train,kvasir-seg::cju885ikhnmkn09878s2lqtuh,81f6e937d717bd29ae0e2173,4,6,kvasir-seg::cju7aklv31h4309871m29l4e7
train,kvasir-seg::cju885ikhnmkn09878s2lqtuh,a9e7e4e6d327b0360f35d389,5,6,kvasir-seg::cju7aklv31h4309871m29l4e7
train,kvasir-seg::cju885ikhnmkn09878s2lqtuh,4f55aa121115bc5d25b4e04e,6,6,kvasir-seg::cju7aklv31h4309871m29l4e7
train,kvasir-seg::cju886ryxnsl50801r93jai7q,a97f90f2b5fadc5d9945e180,0,1,kvasir-seg::cju1c4fcu40hl07992b8gj0c8
train,kvasir-seg::cju886ryxnsl50801r93jai7q,aa906110785d87826a77f3cc,1,1,kvasir-seg::cju1c4fcu40hl07992b8gj0c8
train,kvasir-seg::cju886ryxnsl50801r93jai7q,54cca4b58a09ec90959f5818,2,1,kvasir-seg::cju1c4fcu40hl07992b8gj0c8
train,kvasir-seg::cju886ryxnsl50801r93jai7q,5503fe3161df6cd7492e41a2,3,1,kvasir-seg::cju1c4fcu40hl07992b8gj0c8
train,kvasir-seg::cju886ryxnsl50801r93jai7q,d88cae929b448562c3eb6f7b,4,1,kvasir-seg::cju1c4fcu40hl07992b8gj0c8
train,kvasir-seg::cju886ryxnsl50801r93jai7q,222cc34e4bab01acf4be0ba8,5,1,kvasir-seg::cju1c4fcu40hl07992b8gj0c8
train,kvasir-seg::cju886ryxnsl50801r93jai7q,71a2d71fb1c5cb7e7a38229b,6,1,kvasir-seg::cju1c4fcu40hl07992b8gj0c8
train,kvasir-seg::cju887ftknop008177nnjt46y,dd31911d100174f7aac62b97,0,1,kvasir-seg::cju1c4fcu40hl07992b8gj0c8
train,kvasir-seg::cju887ftknop008177nnjt46y,a69f6eea0ee0a6e94a3b4bb3,1,1,kvasir-seg::cju1c4fcu40hl07992b8gj0c8
train,kvasir-seg::cju887ftknop008177nnjt46y,5d067b5eb6b7806b575b6b25,2,1,kvasir-seg::cju1c4fcu40hl07992b8gj0c8
train,kvasir-seg::cju887ftknop008177nnjt46y,37dea813ec3a9a4fb000e30d,3,1,kvasir-seg::cju1c4fcu40hl07992b8gj0c8
train,kvasir-seg::cju887ftknop008177nnjt46y,94d2a6d857a8ecb441643be7,4,1,kvasir-seg::cju1c4fcu40hl07992b8gj0c8
train,kvasir-seg::cju887ftknop008177nnjt46y,47481a1c01980d652dc47172,5,1,kvasir-seg::cju1c4fcu40hl07992b8gj0c8
train,kvasir-seg::cju887ftknop008177nnjt46y,e37b900a370f5adfbf3b1224,6,1,kvasir-seg::cju1c4fcu40hl07992b8gj0c8
train,kvasir-seg::cju888fr7nveu0818r9uwtiit,0e43b3586f94373214a1c9ff,0,6,kvasir-seg::cju7aklv31h4309871m29l4e7
train,kvasir-seg::cju888fr7nveu0818r9uwtiit,82b97774fb8b53513b24d91d,1,6,kvasir-seg::cju7aklv31h4309871m29l4e7
train,kvasir-seg::cju888fr7nveu0818r9uwtiit,f19078d243eca46f24b795b0,2,6,kvasir-seg::cju7aklv31h4309871m29l4e7
train,kvasir-seg::cju888fr7nveu0818r9uwtiit,2261ccc4afb1087892a595c2,3,6,kvasir-seg::cju7aklv31h4309871m29l4e7
train,kvasir-seg::cju888fr7nveu0818r9uwtiit,a981ea5f570a7ce0925b87a4,4,6,kvasir-seg::cju7aklv31h4309871m29l4e7
train,kvasir-seg::cju888fr7nveu0818r9uwtiit,7cd9b3739db3b6fc1fd21faf,5,6,kvasir-seg::cju7aklv31h4309871m29l4e7
train,kvasir-seg::cju888fr7nveu0818r9uwtiit,f424f47bc11976649ca96824,6,6,kvasir-seg::cju7aklv31h4309871m29l4e7
train,kvasir-seg::cju88aq6vo1ij0755c2ey7z7n,c597849cf7ad65db8227be1a,0,6,kvasir-seg::cju7aklv31h4309871m29l4e7
train,kvasir-seg::cju88aq6vo1ij0755c2ey7z7n,dfb6a52bac93c0dc7b7f9f0a,1,6,kvasir-seg::cju7aklv31h4309871m29l4e7
train,kvasir-seg::cju88aq6vo1ij0755c2ey7z7n,446c29f176b50a0e9f1b7672,2,6,kvasir-seg::cju7aklv31h4309871m29l4e7
train,kvasir-seg::cju88aq6vo1ij0755c2ey7z7n,2c71b2874324bc6f9a729532,3,6,kvasir-seg::cju7aklv31h4309871m29l4e7
train,kvasir-seg::cju88aq6vo1ij0755c2ey7z7n,9c7e9bd75b11ca6629fe3538,4,6,kvasir-seg::cju7aklv31h4309871m29l4e7
train,kvasir-seg::cju88aq6vo1ij0755c2ey7z7n,b97c5b9c9a206fd2c9791c74,5,6,kvasir-seg::cju7aklv31h4309871m29l4e7
train,kvasir-seg::cju88aq6vo1ij0755c2ey7z7n,c4c81fc25274025c2a468721,6,6,kvasir-seg::cju7aklv31h4309871m29l4e7
train,kvasir-seg::cju88cddensj00987788yotmg,4b0c4e80085befdb232af65f,0,6,kvasir-seg::cju7aklv31h4309871m29l4e7
train,kvasir-seg::cju88cddensj00987788yotmg,d9ba172096c77ddacba6c839,1,6,kvasir-seg::cju7aklv31h4309871m29l4e7
train,kvasir-seg::cju88cddensj00987788yotmg,0f41f36499156bab3df889dc,2,6,kvasir-seg::cju7aklv31h4309871m29l4e7
train,kvasir-seg::cju88cddensj00987788yotmg,8864a9a2af9b2012ab3125f5,3,6,kvasir-seg::cju7aklv31h4309871m29l4e7
train,kvasir-seg::cju88cddensj00987788yotmg,cf8e2118605b06ce228021a9,4,6,kvasir-seg::cju7aklv31h4309871m29l4e7
train,kvasir-seg::cju88cddensj00987788yotmg,08a96e0f1c6203f41052ff92,5,6,kvasir-seg::cju7aklv31h4309871m29l4e7
train,kvasir-seg::cju88cddensj00987788yotmg,20d2680d9155bc85e7f00467,6,6,kvasir-seg::cju7aklv31h4309871m29l4e7
train,kvasir-seg::cju88evxanv9r08176zkeovec,872479c67a6534778a1efd2c,0,1,kvasir-seg::cju1c4fcu40hl07992b8gj0c8
train,kvasir-seg::cju88evxanv9r08176zkeovec,dce565998837070b008334f9,1,1,kvasir-seg::cju1c4fcu40hl07992b8gj0c8
train,kvasir-seg::cju88evxanv9r08176zkeovec,8f49ca2c6e82ca88ced8d66e,2,1,kvasir-seg::cju1c4fcu40hl07992b8gj0c8
train,kvasir-seg::cju88evxanv9r08176zkeovec,af5eac35bd1bf10a2dcd16e7,3,1,kvasir-seg::cju1c4fcu40hl07992b8gj0c8
train,kvasir-seg::cju88evxanv9r08176zkeovec,f328b132286b609dd18c61b5,4,1,kvasir-seg::cju1c4fcu40hl07992b8gj0c8
train,kvasir-seg::cju88evxanv9r08176zkeovec,83284994491950fdb1785522,5,1,kvasir-seg::cju1c4fcu40hl07992b8gj0c8
train,kvasir-seg::cju88evxanv9r08176zkeovec,bc43f4c82b9e0f441f87ef8d,6,1,kvasir-seg::cju1c4fcu40hl07992b8gj0c8
train,kvasir-seg::cju88fpm4o0tl0871w1i6a4ds,7f66851acdd0f537f20155f9,0,7,kvasir-seg::cju8bj2ssrmlm0871gc2ug2rs
train,kvasir-seg::cju88fpm4o0tl0871w1i6a4ds,897a024f3833adcdaff13f02,1,7,kvasir-seg::cju8bj2ssrmlm0871gc2ug2rs
train,kvasir-seg::cju88fpm4o0tl0871w1i6a4ds,c2a06abfc64184f15fcb760c,2,7,kvasir-seg::cju8bj2ssrmlm0871gc2ug2rs
train,kvasir-seg::cju88fpm4o0tl0871w1i6a4ds,25722632781584b664f219f7,3,7,kvasir-seg::cju8bj2ssrmlm0871gc2ug2rs
train,kvasir-seg::cju88fpm4o0tl0871w1i6a4ds,10cd731abb226690ce0d22e7,4,7,kvasir-seg::cju8bj2ssrmlm0871gc2ug2rs
train,kvasir-seg::cju88fpm4o0tl0871w1i6a4ds,dd5775bcc69c66f422f48dac,5,7,kvasir-seg::cju8bj2ssrmlm0871gc2ug2rs
train,kvasir-seg::cju88fpm4o0tl0871w1i6a4ds,9d5338d83a361c5a50b736a5,6,7,kvasir-seg::cju8bj2ssrmlm0871gc2ug2rs
train,kvasir-seg::cju88gx09o2vk0818610zody3,f08ef5730df96cb203504bc9,0,6,kvasir-seg::cju7aklv31h4309871m29l4e7
train,kvasir-seg::cju88gx09o2vk0818610zody3,9dc5e01a1ce601a8561b6419,1,6,kvasir-seg::cju7aklv31h4309871m29l4e7
train,kvasir-seg::cju88gx09o2vk0818610zody3,b0b3b92245693a670de19abc,2,6,kvasir-seg::cju7aklv31h4309871m29l4e7
train,kvasir-seg::cju88gx09o2vk0818610zody3,c9d2c917b30c3b5ca7f2c58b,3,6,kvasir-seg::cju7aklv31h4309871m29l4e7
train,kvasir-seg::cju88gx09o2vk0818610zody3,4117baf2193b067581b587d8,4,6,kvasir-seg::cju7aklv31h4309871m29l4e7
train,kvasir-seg::cju88gx09o2vk0818610zody3,37a0c943e7c8cf0934812836,5,6,kvasir-seg::cju7aklv31h4309871m29l4e7
train,kvasir-seg::cju88gx09o2vk0818610zody3,d6052587c9f0753ad28901f6,6,6,kvasir-seg::cju7aklv31h4309871m29l4e7
train,kvasir-seg::cju88k75inzyb0850ccv5x3vk,bce873520cca519833915c32,0,1,kvasir-seg::cju1c4fcu40hl07992b8gj0c8
train,kvasir-seg::cju88k75inzyb0850ccv5x3vk,29ce04040f37431ceae39873,1,1,kvasir-seg::cju1c4fcu40hl07992b8gj0c8
train,kvasir-seg::cju88k75inzyb0850ccv5x3vk,122dca9cc686b956dc9a49ac,2,1,kvasir-seg::cju1c4fcu40hl07992b8gj0c8
train,kvasir-seg::cju88k75inzyb0850ccv5x3vk,e475525c3bbcd43f70a6e6c1,3,1,kvasir-seg::cju1c4fcu40hl07992b8gj0c8
train,kvasir-seg::cju88k75inzyb0850ccv5x3vk,df35cc8c92eba7e635ca4de3,4,1,kvasir-seg::cju1c4fcu40hl07992b8gj0c8
train,kvasir-seg::cju88k75inzyb0850ccv5x3vk,6ef5e5078e9f02fbfd9e835b,5,1,kvasir-seg::cju1c4fcu40hl07992b8gj0c8
train,kvasir-seg::cju88k75inzyb0850ccv5x3vk,8b2c7a85ef2e00fc2086385e,6,1,kvasir-seg::cju1c4fcu40hl07992b8gj0c8
train,kvasir-seg::cju88l66no10s0850rsda7ej1,b7e07366853a94a884f9117b,0,1,kvasir-seg::cju1c4fcu40hl07992b8gj0c8
train,kvasir-seg::cju88l66no10s0850rsda7ej1,ea330a429e2051a8dd007028,1,1,kvasir-seg::cju1c4fcu40hl07992b8gj0c8
train,kvasir-seg::cju88l66no10s0850rsda7ej1,746723f93330052b7dfc3747,2,1,kvasir-seg::cju1c4fcu40hl07992b8gj0c8
train,kvasir-seg::cju88l66no10s0850rsda7ej1,b5fb181f8eac0b0470a7cece,3,1,kvasir-seg::cju1c4fcu40hl07992b8gj0c8
train,kvasir-seg::cju88l66no10s0850rsda7ej1,ed9b1b1d6c7201f4a260064f,4,1,kvasir-seg::cju1c4fcu40hl07992b8gj0c8
train,kvasir-seg::cju88l66no10s0850rsda7ej1,0c8e550d8ef14c056d00da39,5,1,kvasir-seg::cju1c4fcu40hl07992b8gj0c8
train,kvasir-seg::cju88l66no10s0850rsda7ej1,229d9bc99554d88a6147eba8,6,1,kvasir-seg::cju1c4fcu40hl07992b8gj0c8
train,kvasir-seg::cju88msmoo3470817m441j4sg,27443256ed2d678cabf6cd15,0,1,kvasir-seg::cju1c4fcu40hl07992b8gj0c8
train,kvasir-seg::cju88msmoo3470817m441j4sg,2e8a6431e0848dd366b81f43,1,1,kvasir-seg::cju1c4fcu40hl07992b8gj0c8
train,kvasir-seg::cju88msmoo3470817m441j4sg,c56a850ddc2e148ee306acbe,2,1,kvasir-seg::cju1c4fcu40hl07992b8gj0c8
train,kvasir-seg::cju88msmoo3470817m441j4sg,a4ed68271b4c7aa61c07b40b,3,1,kvasir-seg::cju1c4fcu40hl07992b8gj0c8
train,kvasir-seg::cju88msmoo3470817m441j4sg,92cb9cef78beeb1d25e80cd5,4,1,kvasir-seg::cju1c4fcu40hl07992b8gj0c8
train,kvasir-seg::cju88msmoo3470817m441j4sg,6c69559909225ea00d3cce5d,5,1,kvasir-seg::cju1c4fcu40hl07992b8gj0c8
train,kvasir-seg::cju88msmoo3470817m441j4sg,c7c5c0185ef8e3964747df05,6,1,kvasir-seg::cju1c4fcu40hl07992b8gj0c8
train,kvasir-seg::cju88nroho44508500129f1nh,77db9455a7dc365f7b0c360d,0,1,kvasir-seg::cju1c4fcu40hl07992b8gj0c8
train,kvasir-seg::cju88nroho44508500129f1nh,11e192d04b89dae2c299a2a5,1,1,kvasir-seg::cju1c4fcu40hl07992b8gj0c8
train,kvasir-seg::cju88nroho44508500129f1nh,9f9c10c2ac1cf6df382dee1b,2,1,kvasir-seg::cju1c4fcu40hl07992b8gj0c8
train,kvasir-seg::cju88nroho44508500129f1nh,9a30725ad541f8d69a065f07,3,1,kvasir-seg::cju1c4fcu40hl07992b8gj0c8
train,kvasir-seg::cju88nroho44508500129f1nh,1872292c372014ece0cabb05,4,1,kvasir-seg::cju1c4fcu40hl07992b8gj0c8
train,kvasir-seg::cju88nroho44508500129f1nh,9661b4ad272bf0b59a37fae2,5,1,kvasir-seg::cju1c4fcu40hl07992b8gj0c8
train,kvasir-seg::cju88nroho44508500129f1nh,c488b50c3d36b3ed959c9aa2,6,1,kvasir-seg::cju1c4fcu40hl07992b8gj0c8
train,kvasir-seg::cju88q6h6obpd0871ckmiabbo,77da7ebcc72c590b8d4122ff,0,1,kvasir-seg::cju1c4fcu40hl07992b8gj0c8
train,kvasir-seg::cju88q6h6obpd0871ckmiabbo,cb8f9afa14693963b7545d1d,1,1,kvasir-seg::cju1c4fcu40hl07992b8gj0c8
train,kvasir-seg::cju88q6h6obpd0871ckmiabbo,6dbff009786d45ec32ccb9cb,2,1,kvasir-seg::cju1c4fcu40hl07992b8gj0c8
train,kvasir-seg::cju88q6h6obpd0871ckmiabbo,e6e30b439fcf0f6dd0dd95ce,3,1,kvasir-seg::cju1c4fcu40hl07992b8gj0c8
train,kvasir-seg::cju88q6h6obpd0871ckmiabbo,8dc5a3cd266fdb4514e66efd,4,1,kvasir-seg::cju1c4fcu40hl07992b8gj0c8
train,kvasir-seg::cju88q6h6obpd0871ckmiabbo,f47115fb05177b36de5da6b7,5,1,kvasir-seg::cju1c4fcu40hl07992b8gj0c8
train,kvasir-seg::cju88q6h6obpd0871ckmiabbo,43cbe49f36f4801955c3b6f3,6,1,kvasir-seg::cju1c4fcu40hl07992b8gj0c8
train,kvasir-seg::cju88rl5eo94l0850kf5wtrm1,62c737573dddc7c44e95807f,0,1,kvasir-seg::cju1c4fcu40hl07992b8gj0c8
train,kvasir-seg::cju88rl5eo94l0850kf5wtrm1,54cb8a09c81d8edb10afe19f,1,1,kvasir-seg::cju1c4fcu40hl07992b8gj0c8
train,kvasir-seg::cju88rl5eo94l0850kf5wtrm1,c28cffd944b61ff65b135560,2,1,kvasir-seg::cju1c4fcu40hl07992b8gj0c8
train,kvasir-seg::cju88rl5eo94l0850kf5wtrm1,cb93cfefe928800734fa798c,3,1,kvasir-seg::cju1c4fcu40hl07992b8gj0c8
train,kvasir-seg::cju88rl5eo94l0850kf5wtrm1,67416d3fb26a4e6fddf96e34,4,1,kvasir-seg::cju1c4fcu40hl07992b8gj0c8
train,kvasir-seg::cju88rl5eo94l0850kf5wtrm1,51bc9df65bc90c8c16974640,5,1,kvasir-seg::cju1c4fcu40hl07992b8gj0c8
train,kvasir-seg::cju88rl5eo94l0850kf5wtrm1,e2bd5fb12b754cf3ac572d7c,6,1,kvasir-seg::cju1c4fcu40hl07992b8gj0c8
train,kvasir-seg::cju88t4fvokxf07558ymyh281,c07fecadedfe32c5d0c4fa80,0,2,kvasir-seg::cju2pmhtr17a00855cvpelzb0
train,kvasir-seg::cju88t4fvokxf07558ymyh281,3ef55c460c84d2a93408c34b,1,2,kvasir-seg::cju2pmhtr17a00855cvpelzb0
train,kvasir-seg::cju88t4fvokxf07558ymyh281,9de2e05f5beab997de06109d,2,2,kvasir-seg::cju2pmhtr17a00855cvpelzb0
train,kvasir-seg::cju88t4fvokxf07558ymyh281,13990cf8837f9699a1feb1de,3,2,kvasir-seg::cju2pmhtr17a00855cvpelzb0
train,kvasir-seg::cju88t4fvokxf07558ymyh281,7bc4995b393eb06ab382a625,4,2,kvasir-seg::cju2pmhtr17a00855cvpelzb0
train,kvasir-seg::cju88t4fvokxf07558ymyh281,5fc056d37e89092f1ae4c9c3,5,2,kvasir-seg::cju2pmhtr17a00855cvpelzb0
train,kvasir-seg::cju88t4fvokxf07558ymyh281,a17d65f128cfafc0dc378219,6,2,kvasir-seg::cju2pmhtr17a00855cvpelzb0
train,kvasir-seg::cju88trl3ogi208716qvti51b,828e48794dacdb4d6e28d7ae,0,1,kvasir-seg::cju1c4fcu40hl07992b8gj0c8
train,kvasir-seg::cju88trl3ogi208716qvti51b,21e73f664a17e3979db09f61,1,1,kvasir-seg::cju1c4fcu40hl07992b8gj0c8
train,kvasir-seg::cju88trl3ogi208716qvti51b,5f8344eb19be3c746d2fde16,2,1,kvasir-seg::cju1c4fcu40hl07992b8gj0c8
train,kvasir-seg::cju88trl3ogi208716qvti51b,16e1f09fae52035e9b775563,3,1,kvasir-seg::cju1c4fcu40hl07992b8gj0c8
train,kvasir-seg::cju88trl3ogi208716qvti51b,7d756524bd89102d280eb082,4,1,kvasir-seg::cju1c4fcu40hl07992b8gj0c8
train,kvasir-seg::cju88trl3ogi208716qvti51b,ca508597d0402ce2904d63d7,5,1,kvasir-seg::cju1c4fcu40hl07992b8gj0c8
train,kvasir-seg::cju88trl3ogi208716qvti51b,c59cf1bf4e0cb86b2f108673,6,1,kvasir-seg::cju1c4fcu40hl07992b8gj0c8
train,kvasir-seg::cju88v2f9oi8w0871hx9auh01,59b23a7bc91325a8f53cdc1b,0,3,kvasir-seg::cju34ymm8d6700799uop0cw33
train,kvasir-seg::cju88v2f9oi8w0871hx9auh01,ec90844772e16cdeca6e2e9c,1,3,kvasir-seg::cju34ymm8d6700799uop0cw33
train,kvasir-seg::cju88v2f9oi8w0871hx9auh01,586fcd61e4d3e2a7d868918b,2,3,kvasir-seg::cju34ymm8d6700799uop0cw33
train,kvasir-seg::cju88v2f9oi8w0871hx9auh01,1df4aaaa4eda3e94751dc9d5,3,3,kvasir-seg::cju34ymm8d6700799uop0cw33
train,kvasir-seg::cju88v2f9oi8w0871hx9auh01,627603aae3c16d5ab54acf88,4,3,kvasir-seg::cju34ymm8d6700799uop0cw33
train,kvasir-seg::cju88v2f9oi8w0871hx9auh01,770e4082935cde804bd1a6ff,5,3,kvasir-seg::cju34ymm8d6700799uop0cw33
train,kvasir-seg::cju88v2f9oi8w0871hx9auh01,3d7c862e0151ffadf3104c2a,6,3,kvasir-seg::cju34ymm8d6700799uop0cw33
train,kvasir-seg::cju88vx2uoocy075531lc63n3,b4ae89a0ee65cc264c42b916,0,3,kvasir-seg::cju34ymm8d6700799uop0cw33
train,kvasir-seg::cju88vx2uoocy075531lc63n3,395d32cf2a42da66f2e6f1e9,1,3,kvasir-seg::cju34ymm8d6700799uop0cw33
train,kvasir-seg::cju88vx2uoocy075531lc63n3,2570a149ce26a5160c6a2825,2,3,kvasir-seg::cju34ymm8d6700799uop0cw33
train,kvasir-seg::cju88vx2uoocy075531lc63n3,29c626eb1586b4c5d944c078,3,3,kvasir-seg::cju34ymm8d6700799uop0cw33
train,kvasir-seg::cju88vx2uoocy075531lc63n3,7916bb4397824bae3b76ee26,4,3,kvasir-seg::cju34ymm8d6700799uop0cw33
train,kvasir-seg::cju88vx2uoocy075531lc63n3,790e1912e2e60c0c42c1398d,5,3,kvasir-seg::cju34ymm8d6700799uop0cw33
train,kvasir-seg::cju88vx2uoocy075531lc63n3,c16231ea61d91b0393b683b1,6,3,kvasir-seg::cju34ymm8d6700799uop0cw33
train,kvasir-seg::cju88z8bson4h0871nnd7fdxo,8413e0d1731b65e88863251f,0,6,kvasir-seg::cju7aklv31h4309871m29l4e7
train,kvasir-seg::cju88z8bson4h0871nnd7fdxo,fb88bff3b5652baf55522f62,1,6,kvasir-seg::cju7aklv31h4309871m29l4e7
train,kvasir-seg::cju88z8bson4h0871nnd7fdxo,b6ee244bd43ca5d94a3520c1,2,6,kvasir-seg::cju7aklv31h4309871m29l4e7
train,kvasir-seg::cju88z8bson4h0871nnd7fdxo,076a2e9ad0d04cfd00e04dd4,3,6,kvasir-seg::cju7aklv31h4309871m29l4e7
train,kvasir-seg::cju88z8bson4h0871nnd7fdxo,180273bc82a89b47165e0c73,4,6,kvasir-seg::cju7aklv31h4309871m29l4e7
train,kvasir-seg::cju88z8bson4h0871nnd7fdxo,1993bd1430a816fff294a6a3,5,6,kvasir-seg::cju7aklv31h4309871m29l4e7
train,kvasir-seg::cju88z8bson4h0871nnd7fdxo,ec1103dff7ac83d7e2bd3139,6,6,kvasir-seg::cju7aklv31h4309871m29l4e7
train,kvasir-seg::cju890guyoiti098753yg6cdu,b2dbc8fa71c6f8bd159851be,0,6,kvasir-seg::cju7aklv31h4309871m29l4e7
train,kvasir-seg::cju890guyoiti098753yg6cdu,938acba949ebbaa78cad10b1,1,6,kvasir-seg::cju7aklv31h4309871m29l4e7
train,kvasir-seg::cju890guyoiti098753yg6cdu,d759bc39b4e843019ccd2076,2,6,kvasir-seg::cju7aklv31h4309871m29l4e7
train,kvasir-seg::cju890guyoiti098753yg6cdu,3007a81692a39a2835b9b3c0,3,6,kvasir-seg::cju7aklv31h4309871m29l4e7
train,kvasir-seg::cju890guyoiti098753yg6cdu,b5f52ddbb9423e805c234ad3,4,6,kvasir-seg::cju7aklv31h4309871m29l4e7
train,kvasir-seg::cju890guyoiti098753yg6cdu,dc2944ef2312a0d954e2d9d1,5,6,kvasir-seg::cju7aklv31h4309871m29l4e7
train,kvasir-seg::cju890guyoiti098753yg6cdu,6e33d20cc87653658e79d671,6,6,kvasir-seg::cju7aklv31h4309871m29l4e7
train,kvasir-seg::cju8914beokbf0850isxpocrk,80749d8d4cbd770365b2913d,0,1,kvasir-seg::cju1c4fcu40hl07992b8gj0c8
train,kvasir-seg::cju8914beokbf0850isxpocrk,4b887b57284b55ddb5d5480a,1,1,kvasir-seg::cju1c4fcu40hl07992b8gj0c8
train,kvasir-seg::cju8914beokbf0850isxpocrk,bd1f213badd90b64dfb1e9bb,2,1,kvasir-seg::cju1c4fcu40hl07992b8gj0c8
train,kvasir-seg::cju8914beokbf0850isxpocrk,b4d0c89ea8e21820a48513b7,3,1,kvasir-seg::cju1c4fcu40hl07992b8gj0c8
train,kvasir-seg::cju8914beokbf0850isxpocrk,0ded47d7e384e6504746d580,4,1,kvasir-seg::cju1c4fcu40hl07992b8gj0c8
train,kvasir-seg::cju8914beokbf0850isxpocrk,7ff168e525dd51bf1e746659,5,1,kvasir-seg::cju1c4fcu40hl07992b8gj0c8
train,kvasir-seg::cju8914beokbf0850isxpocrk,1194ddad31e5104f929b46f7,6,1,kvasir-seg::cju1c4fcu40hl07992b8gj0c8
train,kvasir-seg::cju892fesoq2g0801n0e0jyia,970146d042a6956a5d7b8be5,0,1,kvasir-seg::cju1c4fcu40hl07992b8gj0c8
train,kvasir-seg::cju892fesoq2g0801n0e0jyia,a30f4d03dd1abb9acdb4a9b1,1,1,kvasir-seg::cju1c4fcu40hl07992b8gj0c8
train,kvasir-seg::cju892fesoq2g0801n0e0jyia,38be1d041c3ee9aa700f4f99,2,1,kvasir-seg::cju1c4fcu40hl07992b8gj0c8
train,kvasir-seg::cju892fesoq2g0801n0e0jyia,9ada4383ba40a5f0425f5e39,3,1,kvasir-seg::cju1c4fcu40hl07992b8gj0c8
train,kvasir-seg::cju892fesoq2g0801n0e0jyia,166f7c62843c049df56ced80,4,1,kvasir-seg::cju1c4fcu40hl07992b8gj0c8
train,kvasir-seg::cju892fesoq2g0801n0e0jyia,ffa19cea6608d9ff380db7bb,5,1,kvasir-seg::cju1c4fcu40hl07992b8gj0c8
train,kvasir-seg::cju892fesoq2g0801n0e0jyia,da78f4f8cc779daa50d9a142,6,1,kvasir-seg::cju1c4fcu40hl07992b8gj0c8
train,kvasir-seg::cju893jmdompz0817xn3g1w4h,df37b0308e0d4b844ef73611,0,2,kvasir-seg::cju2pmhtr17a00855cvpelzb0
train,kvasir-seg::cju893jmdompz0817xn3g1w4h,902d98b8f4849b8a0ae8032e,1,2,kvasir-seg::cju2pmhtr17a00855cvpelzb0
train,kvasir-seg::cju893jmdompz0817xn3g1w4h,5f3892e5c6991b867a8d70e9,2,2,kvasir-seg::cju2pmhtr17a00855cvpelzb0
train,kvasir-seg::cju893jmdompz0817xn3g1w4h,ec996fa05915c291acf22dac,3,2,kvasir-seg::cju2pmhtr17a00855cvpelzb0
train,kvasir-seg::cju893jmdompz0817xn3g1w4h,3942d4139de0f8857b281679,4,2,kvasir-seg::cju2pmhtr17a00855cvpelzb0
train,kvasir-seg::cju893jmdompz0817xn3g1w4h,a1beeda296eda00e9d0716fb,5,2,kvasir-seg::cju2pmhtr17a00855cvpelzb0
train,kvasir-seg::cju893jmdompz0817xn3g1w4h,61678e19b5aca23642a373a8,6,2,kvasir-seg::cju2pmhtr17a00855cvpelzb0
train,kvasir-seg::cju89y9h0puti0818i5yw29e6,e8c69a5a4afadab1533ed1d4,0,1,kvasir-seg::cju1c4fcu40hl07992b8gj0c8
train,kvasir-seg::cju89y9h0puti0818i5yw29e6,1dc3d874e9e379ccc2866495,1,1,kvasir-seg::cju1c4fcu40hl07992b8gj0c8
train,kvasir-seg::cju89y9h0puti0818i5yw29e6,06be07e7c8db5f89e9cac813,2,1,kvasir-seg::cju1c4fcu40hl07992b8gj0c8
train,kvasir-seg::cju89y9h0puti0818i5yw29e6,244fd893f3184b0c642d437a,3,1,kvasir-seg::cju1c4fcu40hl07992b8gj0c8
train,kvasir-seg::cju89y9h0puti0818i5yw29e6,063f713e53dd38579c75a329,4,1,kvasir-seg::cju1c4fcu40hl07992b8gj0c8
train,kvasir-seg::cju89y9h0puti0818i5yw29e6,494029872f5ead8c348c4b09,5,1,kvasir-seg::cju1c4fcu40hl07992b8gj0c8
train,kvasir-seg::cju89y9h0puti0818i5yw29e6,2581b4f0d27e53931e34f4cf,6,1,kvasir-seg::cju1c4fcu40hl07992b8gj0c8
train,kvasir-seg::cju89z6pqpqfx0817mfv8ixjc,6cfe1dbb2c55da6ec76ef303,0,7,kvasir-seg::cju8bj2ssrmlm0871gc2ug2rs
train,kvasir-seg::cju89z6pqpqfx0817mfv8ixjc,322d948310d4e8f0b9a30659,1,7,kvasir-seg::cju8bj2ssrmlm0871gc2ug2rs
train,kvasir-seg::cju89z6pqpqfx0817mfv8ixjc,d88bb2a277e7b0bf8c55d261,2,7,kvasir-seg::cju8bj2ssrmlm0871gc2ug2rs
train,kvasir-seg::cju89z6pqpqfx0817mfv8ixjc,1ddafa8813b397dd74c66ed1,3,7,kvasir-seg::cju8bj2ssrmlm0871gc2ug2rs
train,kvasir-seg::cju89z6pqpqfx0817mfv8ixjc,36752c714ec5aed9d68f1d10,4,7,kvasir-seg::cju8bj2ssrmlm0871gc2ug2rs
train,kvasir-seg::cju89z6pqpqfx0817mfv8ixjc,76410ad409467cdf626f2b34,5,7,kvasir-seg::cju8bj2ssrmlm0871gc2ug2rs
train,kvasir-seg::cju89z6pqpqfx0817mfv8ixjc,bae4643b2be882c3e2441acd,6,7,kvasir-seg::cju8bj2ssrmlm0871gc2ug2rs
train,kvasir-seg::cju8a1jtvpt9m081712iwkca7,7dd538c8c85911b0cc314a85,0,6,kvasir-seg::cju7aklv31h4309871m29l4e7
train,kvasir-seg::cju8a1jtvpt9m081712iwkca7,a935926177af7fee0cef4595,1,6,kvasir-seg::cju7aklv31h4309871m29l4e7
train,kvasir-seg::cju8a1jtvpt9m081712iwkca7,7e0dbde6672edfbcce15e449,2,6,kvasir-seg::cju7aklv31h4309871m29l4e7
train,kvasir-seg::cju8a1jtvpt9m081712iwkca7,24a6389228a33eb7f1456810,3,6,kvasir-seg::cju7aklv31h4309871m29l4e7
train,kvasir-seg::cju8a1jtvpt9m081712iwkca7,07668beb879b1c97a66f7d91,4,6,kvasir-seg::cju7aklv31h4309871m29l4e7
train,kvasir-seg::cju8a1jtvpt9m081712iwkca7,bf99cc9bf63459f7bd0e39dd,5,6,kvasir-seg::cju7aklv31h4309871m29l4e7
train,kvasir-seg::cju8a1jtvpt9m081712iwkca7,99552d45f46ed6999c4ebc5e,6,6,kvasir-seg::cju7aklv31h4309871m29l4e7
train,kvasir-seg::cju8a3nhbpwnb0850d37fo2na,754f035d03452284486c530e,0,6,kvasir-seg::cju7aklv31h4309871m29l4e7
train,kvasir-seg::cju8a3nhbpwnb0850d37fo2na,6f8a76b626e8ebc65aaa1371,1,6,kvasir-seg::cju7aklv31h4309871m29l4e7
train,kvasir-seg::cju8a3nhbpwnb0850d37fo2na,44a400e3b49ee9b679a70774,2,6,kvasir-seg::cju7aklv31h4309871m29l4e7
train,kvasir-seg::cju8a3nhbpwnb0850d37fo2na,7cc7117ef69236d4f887f239,3,6,kvasir-seg::cju7aklv31h4309871m29l4e7
train,kvasir-seg::cju8a3nhbpwnb0850d37fo2na,27997ec076176d14dbc1b478,4,6,kvasir-seg::cju7aklv31h4309871m29l4e7
train,kvasir-seg::cju8a3nhbpwnb0850d37fo2na,82da6561762b5c4673ce5440,5,6,kvasir-seg::cju7aklv31h4309871m29l4e7
train,kvasir-seg::cju8a3nhbpwnb0850d37fo2na,f8b36c1277dc61287daf5425,6,6,kvasir-seg::cju7aklv31h4309871m29l4e7
train,kvasir-seg::cju8a56vxpy780850r45yu4wk,a775f0567755dfc0c9bd8b15,0,1,kvasir-seg::cju1c4fcu40hl07992b8gj0c8
train,kvasir-seg::cju8a56vxpy780850r45yu4wk,783e8cf82f6a298191cf5278,1,1,kvasir-seg::cju1c4fcu40hl07992b8gj0c8
train,kvasir-seg::cju8a56vxpy780850r45yu4wk,70e3c1e3d5ff66174cd048f4,2,1,kvasir-seg::cju1c4fcu40hl07992b8gj0c8
train,kvasir-seg::cju8a56vxpy780850r45yu4wk,4e57a3b2877c8166e6aa1fc2,3,1,kvasir-seg::cju1c4fcu40hl07992b8gj0c8
train,kvasir-seg::cju8a56vxpy780850r45yu4wk,db92d6cee674d7069886fd87,4,1,kvasir-seg::cju1c4fcu40hl07992b8gj0c8
train,kvasir-seg::cju8a56vxpy780850r45yu4wk,e74b528c3170ac8bb5b206c3,5,1,kvasir-seg::cju1c4fcu40hl07992b8gj0c8
train,kvasir-seg::cju8a56vxpy780850r45yu4wk,8547bf313b5dec1598840f42,6,1,kvasir-seg::cju1c4fcu40hl07992b8gj0c8
train,kvasir-seg::cju8a84g0q76m0818hwiggkod,fe1c328b4c4ec0b9c4a95c64,0,1,kvasir-seg::cju1c4fcu40hl07992b8gj0c8
train,kvasir-seg::cju8a84g0q76m0818hwiggkod,14e7c58179162e5c836ead81,1,1,kvasir-seg::cju1c4fcu40hl07992b8gj0c8
train,kvasir-seg::cju8a84g0q76m0818hwiggkod,55efa35ca1cf695acb2ae5e3,2,1,kvasir-seg::cju1c4fcu40hl07992b8gj0c8
train,kvasir-seg::cju8a84g0q76m0818hwiggkod,fa093c68e65c7bc668e4c678,3,1,kvasir-seg::cju1c4fcu40hl07992b8gj0c8
train,kvasir-seg::cju8a84g0q76m0818hwiggkod,d7241e2fe1738c0e2ca5be66,4,1,kvasir-seg::cju1c4fcu40hl07992b8gj0c8
train,kvasir-seg::cju8a84g0q76m0818hwiggkod,fe059af4b43b389da7f920af,5,1,kvasir-seg::cju1c4fcu40hl07992b8gj0c8
train,kvasir-seg::cju8a84g0q76m0818hwiggkod,1097e1e12877b770e30fbeb2,6,1,kvasir-seg::cju1c4fcu40hl07992b8gj0c8
train,kvasir-seg::cju8abobpqbir08189u01huru,014cb941ab97bc22879320e8,0,1,kvasir-seg::cju1c4fcu40hl07992b8gj0c8
train,kvasir-seg::cju8abobpqbir08189u01huru,91e133f82887d74503243301,1,1,kvasir-seg::cju1c4fcu40hl07992b8gj0c8
train,kvasir-seg::cju8abobpqbir08189u01huru,ccf5d0bd7b7b315105b2e9fb,2,1,kvasir-seg::cju1c4fcu40hl07992b8gj0c8
train,kvasir-seg::cju8abobpqbir08189u01huru,ea0eb0fb5e1fde99f16bbf0e,3,1,kvasir-seg::cju1c4fcu40hl07992b8gj0c8
train,kvasir-seg::cju8abobpqbir08189u01huru,7b165f5ea00f29e709db7efe,4,1,kvasir-seg::cju1c4fcu40hl07992b8gj0c8
train,kvasir-seg::cju8abobpqbir08189u01huru,e43fac090d92fe3c1d3f3820,5,1,kvasir-seg::cju1c4fcu40hl07992b8gj0c8
train,kvasir-seg::cju8abobpqbir08189u01huru,b2e49d4a1cfea4df69c4ccdb,6,1,kvasir-seg::cju1c4fcu40hl07992b8gj0c8
train,kvasir-seg::cju8adb60qbiu080188mxpf8d,109f81030f51b5ef08cb53ad,0,6,kvasir-seg::cju7aklv31h4309871m29l4e7
train,kvasir-seg::cju8adb60qbiu080188mxpf8d,2ac7192ab80ce290d9b00718,1,6,kvasir-seg::cju7aklv31h4309871m29l4e7
train,kvasir-seg::cju8adb60qbiu080188mxpf8d,ca8de1f39567ca87fe166948,2,6,kvasir-seg::cju7aklv31h4309871m29l4e7
train,kvasir-seg::cju8adb60qbiu080188mxpf8d,ca8d6f2308e342cb903646a9,3,6,kvasir-seg::cju7aklv31h4309871m29l4e7
train,kvasir-seg::cju8adb60qbiu080188mxpf8d,934d0c876cf0986526d0340b,4,6,kvasir-seg::cju7aklv31h4309871m29l4e7
train,kvasir-seg::cju8adb60qbiu080188mxpf8d,2f9462d487f9587ba59d06cb,5,6,kvasir-seg::cju7aklv31h4309871m29l4e7
train,kvasir-seg::cju8adb60qbiu080188mxpf8d,c7815c2dfd2ce91845729af4,6,6,kvasir-seg::cju7aklv31h4309871m29l4e7
train,kvasir-seg::cju8amfdtqi4x09871tygrgqe,d3fb0b8650911078e3fd5444,0,1,kvasir-seg::cju1c4fcu40hl07992b8gj0c8
train,kvasir-seg::cju8amfdtqi4x09871tygrgqe,ab24b4927beabd7173a3a9e2,1,1,kvasir-seg::cju1c4fcu40hl07992b8gj0c8
train,kvasir-seg::cju8amfdtqi4x09871tygrgqe,53574274fd35ce347c38ea64,2,1,kvasir-seg::cju1c4fcu40hl07992b8gj0c8
train,kvasir-seg::cju8amfdtqi4x09871tygrgqe,6d9550621ec272caf8f20263,3,1,kvasir-seg::cju1c4fcu40hl07992b8gj0c8
train,kvasir-seg::cju8amfdtqi4x09871tygrgqe,179df3091c2b403d788624e4,4,1,kvasir-seg::cju1c4fcu40hl07992b8gj0c8
train,kvasir-seg::cju8amfdtqi4x09871tygrgqe,80d0410ff118ee5836921507,5,1,kvasir-seg::cju1c4fcu40hl07992b8gj0c8
train,kvasir-seg::cju8amfdtqi4x09871tygrgqe,31bd014e3a3f20c8bf94f1e3,6,1,kvasir-seg::cju1c4fcu40hl07992b8gj0c8
train,kvasir-seg::cju8ando2qqdo0818ck7i1be1,1605ecc8c620367242109eba,0,6,kvasir-seg::cju7aklv31h4309871m29l4e7
train,kvasir-seg::cju8ando2qqdo0818ck7i1be1,eed517c41d921d64a566a7b3,1,6,kvasir-seg::cju7aklv31h4309871m29l4e7
train,kvasir-seg::cju8ando2qqdo0818ck7i1be1,4d9d0aaab11baaf4657ecd22,2,6,kvasir-seg::cju7aklv31h4309871m29l4e7
train,kvasir-seg::cju8ando2qqdo0818ck7i1be1,69e27f03b110193697a1b309,3,6,kvasir-seg::cju7aklv31h4309871m29l4e7
train,kvasir-seg::cju8ando2qqdo0818ck7i1be1,701cdb6dde749e196412e548,4,6,kvasir-seg::cju7aklv31h4309871m29l4e7
train,kvasir-seg::cju8ando2qqdo0818ck7i1be1,ff685ab0003f665759cf7417,5,6,kvasir-seg::cju7aklv31h4309871m29l4e7
train,kvasir-seg::cju8ando2qqdo0818ck7i1be1,cfcc97b4dcb3d98d276e9892,6,6,kvasir-seg::cju7aklv31h4309871m29l4e7
train,kvasir-seg::cju8apjewqrk00801k5d71gky,968ecfa05e33dc0bc0c52bee,0,1,kvasir-seg::cju1c4fcu40hl07992b8gj0c8
train,kvasir-seg::cju8apjewqrk00801k5d71gky,d2809f25426f2dd16d173b1d,1,1,kvasir-seg::cju1c4fcu40hl07992b8gj0c8
train,kvasir-seg::cju8apjewqrk00801k5d71gky,08288d8b6968784f182a0d78,2,1,kvasir-seg::cju1c4fcu40hl07992b8gj0c8
train,kvasir-seg::cju8apjewqrk00801k5d71gky,542ccba5ec3a550f8954cf16,3,1,kvasir-seg::cju1c4fcu40hl07992b8gj0c8
train,kvasir-seg::cju8apjewqrk00801k5d71gky,9dc234c4f2f3b68c2b0c8fcd,4,1,kvasir-seg::cju1c4fcu40hl07992b8gj0c8
train,kvasir-seg::cju8apjewqrk00801k5d71gky,b37c3eb93a6a7722c2ae292d,5,1,kvasir-seg::cju1c4fcu40hl07992b8gj0c8
train,kvasir-seg::cju8apjewqrk00801k5d71gky,158090c683c0442c9533ebe1,6,1,kvasir-seg::cju1c4fcu40hl07992b8gj0c8
train,kvasir-seg::cju8aqq8uqmoq0987hphto9gg,9e36ba6b255b0af6006b4f08,0,1,kvasir-seg::cju1c4fcu40hl07992b8gj0c8
train,kvasir-seg::cju8aqq8uqmoq0987hphto9gg,02658793ff835a96ec10ca1f,1,1,kvasir-seg::cju1c4fcu40hl07992b8gj0c8
train,kvasir-seg::cju8aqq8uqmoq0987hphto9gg,8373f843c6cf339c40f8be88,2,1,kvasir-seg::cju1c4fcu40hl07992b8gj0c8
train,kvasir-seg::cju8aqq8uqmoq0987hphto9gg,9d1f7637319cb6e95b1cfe04,3,1,kvasir-seg::cju1c4fcu40hl07992b8gj0c8
train,kvasir-seg::cju8aqq8uqmoq0987hphto9gg,a8dc90e27729d52aeb5b7085,4,1,kvasir-seg::cju1c4fcu40hl07992b8gj0c8
train,kvasir-seg::cju8aqq8uqmoq0987hphto9gg,fe6a52fc91a1f1e8be07897c,5,1,kvasir-seg::cju1c4fcu40hl07992b8gj0c8
train,kvasir-seg::cju8aqq8uqmoq0987hphto9gg,0e46f61d713e24fe6267fe7c,6,1,kvasir-seg::cju1c4fcu40hl07992b8gj0c8
train,kvasir-seg::cju8ashhnquqr0801rwduzt7d,8c026cd7b5099ab547f28bd5,0,5,kvasir-seg::cju5cu8qkb84x08186jwo8yin
train,kvasir-seg::cju8ashhnquqr0801rwduzt7d,5df703934b0259c75dc0fb43,1,5,kvasir-seg::cju5cu8qkb84x08186jwo8yin
train,kvasir-seg::cju8ashhnquqr0801rwduzt7d,2ceb4000dd21b94061630124,2,5,kvasir-seg::cju5cu8qkb84x08186jwo8yin
train,kvasir-seg::cju8ashhnquqr0801rwduzt7d,f2112d3ef6e78871360e835f,3,5,kvasir-seg::cju5cu8qkb84x08186jwo8yin
train,kvasir-seg::cju8ashhnquqr0801rwduzt7d,03a6b76c23d7c0285d383e4e,4,5,kvasir-seg::cju5cu8qkb84x08186jwo8yin
train,kvasir-seg::cju8ashhnquqr0801rwduzt7d,d7254f27e42e8fe488b5302b,5,5,kvasir-seg::cju5cu8qkb84x08186jwo8yin
train,kvasir-seg::cju8ashhnquqr0801rwduzt7d,9c470147ee010364dd10f4ce,6,5,kvasir-seg::cju5cu8qkb84x08186jwo8yin
train,kvasir-seg::cju8auylgqx0z0871u4o4db7o,84a552a76fbe3d07a19e88c3,0,1,kvasir-seg::cju1c4fcu40hl07992b8gj0c8
train,kvasir-seg::cju8auylgqx0z0871u4o4db7o,c7d30525c1691cbd4d2b1465,1,1,kvasir-seg::cju1c4fcu40hl07992b8gj0c8
train,kvasir-seg::cju8auylgqx0z0871u4o4db7o,1c1aaa83bfe61bc899057392,2,1,kvasir-seg::cju1c4fcu40hl07992b8gj0c8
train,kvasir-seg::cju8auylgqx0z0871u4o4db7o,9a98560509cbbab0e02f4a3d,3,1,kvasir-seg::cju1c4fcu40hl07992b8gj0c8
train,kvasir-seg::cju8auylgqx0z0871u4o4db7o,addeef9f49a497da558bd098,4,1,kvasir-seg::cju1c4fcu40hl07992b8gj0c8
train,kvasir-seg::cju8auylgqx0z0871u4o4db7o,6e6ea50e9ffde0287fc9f5a2,5,1,kvasir-seg::cju1c4fcu40hl07992b8gj0c8
train,kvasir-seg::cju8auylgqx0z0871u4o4db7o,cbd05a4a4462ec18bdf0ed6d,6,1,kvasir-seg::cju1c4fcu40hl07992b8gj0c8
train,kvasir-seg::cju8aw9n1qyg10801jkjlmors,03be9f7b716841d6a3fca5fa,0,1,kvasir-seg::cju1c4fcu40hl07992b8gj0c8
train,kvasir-seg::cju8aw9n1qyg10801jkjlmors,78b911b16d3871cd81abdd0a,1,1,kvasir-seg::cju1c4fcu40hl07992b8gj0c8
train,kvasir-seg::cju8aw9n1qyg10801jkjlmors,0e3743d06558464e19b5d4b5,2,1,kvasir-seg::cju1c4fcu40hl07992b8gj0c8
train,kvasir-seg::cju8aw9n1qyg10801jkjlmors,cee3179baeb421a035d5ed49,3,1,kvasir-seg::cju1c4fcu40hl07992b8gj0c8
train,kvasir-seg::cju8aw9n1qyg10801jkjlmors,1ee7dcefc452b249e73bc4f3,4,1,kvasir-seg::cju1c4fcu40hl07992b8gj0c8
train,kvasir-seg::cju8aw9n1qyg10801jkjlmors,814a2c9a7bcc79a3c6a0076b,5,1,kvasir-seg::cju1c4fcu40hl07992b8gj0c8
train,kvasir-seg::cju8aw9n1qyg10801jkjlmors,6ec15e8cd11c5f93796d6dee,6,1,kvasir-seg::cju1c4fcu40hl07992b8gj0c8
train,kvasir-seg::cju8axq24r4an0755yhv9d4ly,dd9c6558d61a78bd24fd344a,0,1,kvasir-seg::cju1c4fcu40hl07992b8gj0c8
train,kvasir-seg::cju8axq24r4an0755yhv9d4ly,41628b9242c4f041091f493d,1,1,kvasir-seg::cju1c4fcu40hl07992b8gj0c8
train,kvasir-seg::cju8axq24r4an0755yhv9d4ly,77127529ece2b32c0292a36b,2,1,kvasir-seg::cju1c4fcu40hl07992b8gj0c8
train,kvasir-seg::cju8axq24r4an0755yhv9d4ly,8d41000add4ca4c3133e9269,3,1,kvasir-seg::cju1c4fcu40hl07992b8gj0c8
train,kvasir-seg::cju8axq24r4an0755yhv9d4ly,31b8cf4fb7f6c6320ecb05b0,4,1,kvasir-seg::cju1c4fcu40hl07992b8gj0c8
train,kvasir-seg::cju8axq24r4an0755yhv9d4ly,1c69655b3610ca3f016134a1,5,1,kvasir-seg::cju1c4fcu40hl07992b8gj0c8
train,kvasir-seg::cju8axq24r4an0755yhv9d4ly,e4b62c234f8c4ab2d07f9105,6,1,kvasir-seg::cju1c4fcu40hl07992b8gj0c8
train,kvasir-seg::cju8ayeq7r1fb0818z1junacy,795186e3865a40fdb517729e,0,3,kvasir-seg::cju34ymm8d6700799uop0cw33
train,kvasir-seg::cju8ayeq7r1fb0818z1junacy,8483838ac4b3dd19a5677e4f,1,3,kvasir-seg::cju34ymm8d6700799uop0cw33
train,kvasir-seg::cju8ayeq7r1fb0818z1junacy,ab624ff4eb995c806ef0a25b,2,3,kvasir-seg::cju34ymm8d6700799uop0cw33
train,kvasir-seg::cju8ayeq7r1fb0818z1junacy,4cbbefde294aa7109100fc0b,3,3,kvasir-seg::cju34ymm8d6700799uop0cw33
train,kvasir-seg::cju8ayeq7r1fb0818z1junacy,bb555fb680b575fc002b3554,4,3,kvasir-seg::cju34ymm8d6700799uop0cw33
train,kvasir-seg::cju8ayeq7r1fb0818z1junacy,bea09c7aa55660daddc3bb7f,5,3,kvasir-seg::cju34ymm8d6700799uop0cw33
train,kvasir-seg::cju8ayeq7r1fb0818z1junacy,e6f2a42809b9c04d1e650f2a,6,3,kvasir-seg::cju34ymm8d6700799uop0cw33
train,kvasir-seg::cju8b0jr0r2oi0801jiquetd5,7f1a8cc2f40dc884ccf30fed,0,6,kvasir-seg::cju7aklv31h4309871m29l4e7
train,kvasir-seg::cju8b0jr0r2oi0801jiquetd5,99092e21742c174788d42b25,1,6,kvasir-seg::cju7aklv31h4309871m29l4e7
train,kvasir-seg::cju8b0jr0r2oi0801jiquetd5,3a90a0322a04752006c5e88c,2,6,kvasir-seg::cju7aklv31h4309871m29l4e7
train,kvasir-seg::cju8b0jr0r2oi0801jiquetd5,9e0826e95a0a6a6f5f2b9209,3,6,kvasir-seg::cju7aklv31h4309871m29l4e7
train,kvasir-seg::cju8b0jr0r2oi0801jiquetd5,48aa2f52006a69c67c3a7af3,4,6,kvasir-seg::cju7aklv31h4309871m29l4e7
train,kvasir-seg::cju8b0jr0r2oi0801jiquetd5,ba7ec486136f6ccc0661ea5e,5,6,kvasir-seg::cju7aklv31h4309871m29l4e7
train,kvasir-seg::cju8b0jr0r2oi0801jiquetd5,ae715ed2bd4ea6484ec2ad13,6,6,kvasir-seg::cju7aklv31h4309871m29l4e7
train,kvasir-seg::cju8b1v3br45u087189kku66u,7d2a0ec79600270dc657442c,0,1,kvasir-seg::cju1c4fcu40hl07992b8gj0c8
train,kvasir-seg::cju8b1v3br45u087189kku66u,366a0b233eba2dcb570600da,1,1,kvasir-seg::cju1c4fcu40hl07992b8gj0c8
train,kvasir-seg::cju8b1v3br45u087189kku66u,ddb6aa67ecddd92096e1927b,2,1,kvasir-seg::cju1c4fcu40hl07992b8gj0c8
train,kvasir-seg::cju8b1v3br45u087189kku66u,ac49ec740e5d3c40348d9bda,3,1,kvasir-seg::cju1c4fcu40hl07992b8gj0c8
train,kvasir-seg::cju8b1v3br45u087189kku66u,8404eccfa88dd314dec5b36e,4,1,kvasir-seg::cju1c4fcu40hl07992b8gj0c8
train,kvasir-seg::cju8b1v3br45u087189kku66u,3f2c8a22b51a229fc265902a,5,1,kvasir-seg::cju1c4fcu40hl07992b8gj0c8
train,kvasir-seg::cju8b1v3br45u087189kku66u,faedb01ba8e22bd841fde999,6,1,kvasir-seg::cju1c4fcu40hl07992b8gj0c8
train,kvasir-seg::cju8b2rmgr52s0801p54eyflx,41b5085ee929d8a1b33fce24,0,1,kvasir-seg::cju1c4fcu40hl07992b8gj0c8
train,kvasir-seg::cju8b2rmgr52s0801p54eyflx,e0a36f6148f8d26b664e9f97,1,1,kvasir-seg::cju1c4fcu40hl07992b8gj0c8
train,kvasir-seg::cju8b2rmgr52s0801p54eyflx,a3f11d7c351cd98d664ba1da,2,1,kvasir-seg::cju1c4fcu40hl07992b8gj0c8
train,kvasir-seg::cju8b2rmgr52s0801p54eyflx,2d8ce129c5cb0fd0fe9c5013,3,1,kvasir-seg::cju1c4fcu40hl07992b8gj0c8
train,kvasir-seg::cju8b2rmgr52s0801p54eyflx,c092f3a7192f67ac78343f02,4,1,kvasir-seg::cju1c4fcu40hl07992b8gj0c8
train,kvasir-seg::cju8b2rmgr52s0801p54eyflx,a74570cc303d0b2ccbb42738,5,1,kvasir-seg::cju1c4fcu40hl07992b8gj0c8
train,kvasir-seg::cju8b2rmgr52s0801p54eyflx,84a590e90ab7667382fef6e7,6,1,kvasir-seg::cju1c4fcu40hl07992b8gj0c8
train,kvasir-seg::cju8b3ka8r64u0801fh18hk7l,5e7cf9a5c3b4e59f3025f35b,0,1,kvasir-seg::cju1c4fcu40hl07992b8gj0c8
train,kvasir-seg::cju8b3ka8r64u0801fh18hk7l,db9ed53091228731e5a9c5d4,1,1,kvasir-seg::cju1c4fcu40hl07992b8gj0c8
train,kvasir-seg::cju8b3ka8r64u0801fh18hk7l,a25379cabc88a51aa2728ccc,2,1,kvasir-seg::cju1c4fcu40hl07992b8gj0c8
train,kvasir-seg::cju8b3ka8r64u0801fh18hk7l,3d48145aec6572ddc7308f24,3,1,kvasir-seg::cju1c4fcu40hl07992b8gj0c8
train,kvasir-seg::cju8b3ka8r64u0801fh18hk7l,fdf52c54f4b63c06dad3374b,4,1,kvasir-seg::cju1c4fcu40hl07992b8gj0c8
train,kvasir-seg::cju8b3ka8r64u0801fh18hk7l,0405b40e170fbcce585524c0,5,1,kvasir-seg::cju1c4fcu40hl07992b8gj0c8
train,kvasir-seg::cju8b3ka8r64u0801fh18hk7l,0ac80eb867faf7c2e2d36893,6,1,kvasir-seg::cju1c4fcu40hl07992b8gj0c8
train,kvasir-seg::cju8b542nr81x0871uxnkm9ih,80af5a5449d58c8db595f1a0,0,1,kvasir-seg::cju1c4fcu40hl07992b8gj0c8
train,kvasir-seg::cju8b542nr81x0871uxnkm9ih,d7f257c4ed5d3a1cf98e5573,1,1,kvasir-seg::cju1c4fcu40hl07992b8gj0c8
train,kvasir-seg::cju8b542nr81x0871uxnkm9ih,14f792433c210c4a80040f4d,2,1,kvasir-seg::cju1c4fcu40hl07992b8gj0c8
train,kvasir-seg::cju8b542nr81x0871uxnkm9ih,12c482ff0cabe061a1b51d76,3,1,kvasir-seg::cju1c4fcu40hl07992b8gj0c8
train,kvasir-seg::cju8b542nr81x0871uxnkm9ih,b7aed76565abda42549e404c,4,1,kvasir-seg::cju1c4fcu40hl07992b8gj0c8
train,kvasir-seg::cju8b542nr81x0871uxnkm9ih,3663eff132b5b6465aab0846,5,1,kvasir-seg::cju1c4fcu40hl07992b8gj0c8
train,kvasir-seg::cju8b542nr81x0871uxnkm9ih,91dfe43516059453c9870df8,6,1,kvasir-seg::cju1c4fcu40hl07992b8gj0c8
train,kvasir-seg::cju8b5p40r2c60987ofa0mu03,7ad7fe6aa9a8c3671e2a2ee6,0,7,kvasir-seg::cju8bj2ssrmlm0871gc2ug2rs
train,kvasir-seg::cju8b5p40r2c60987ofa0mu03,554fb06e673ccde2d5c8bbab,1,7,kvasir-seg::cju8bj2ssrmlm0871gc2ug2rs
train,kvasir-seg::cju8b5p40r2c60987ofa0mu03,7d641bdb35ab8e328aec8740,2,7,kvasir-seg::cju8bj2ssrmlm0871gc2ug2rs
train,kvasir-seg::cju8b5p40r2c60987ofa0mu03,9ccb8676e2a814fc47a27686,3,7,kvasir-seg::cju8bj2ssrmlm0871gc2ug2rs
train,kvasir-seg::cju8b5p40r2c60987ofa0mu03,70ba978e90e16baabd23c12f,4,7,kvasir-seg::cju8bj2ssrmlm0871gc2ug2rs
train,kvasir-seg::cju8b5p40r2c60987ofa0mu03,2f77d668e6dd8eef18a6ca9b,5,7,kvasir-seg::cju8bj2ssrmlm0871gc2ug2rs
train,kvasir-seg::cju8b5p40r2c60987ofa0mu03,70e7f7acf0a9ac8e934c7931,6,7,kvasir-seg::cju8bj2ssrmlm0871gc2ug2rs
train,kvasir-seg::cju8b6rp0r5st0850184f79xt,44c9bacd12ea6e904f4dabf2,0,1,kvasir-seg::cju1c4fcu40hl07992b8gj0c8
train,kvasir-seg::cju8b6rp0r5st0850184f79xt,4e22b407e154f918b0fb88a8,1,1,kvasir-seg::cju1c4fcu40hl07992b8gj0c8
train,kvasir-seg::cju8b6rp0r5st0850184f79xt,7e29c0a3cdd5bcd690e44af7,2,1,kvasir-seg::cju1c4fcu40hl07992b8gj0c8
train,kvasir-seg::cju8b6rp0r5st0850184f79xt,7d59f73dfe49ff99fa352464,3,1,kvasir-seg::cju1c4fcu40hl07992b8gj0c8
train,kvasir-seg::cju8b6rp0r5st0850184f79xt,80e07c3b71f3df2392032f5a,4,1,kvasir-seg::cju1c4fcu40hl07992b8gj0c8
train,kvasir-seg::cju8b6rp0r5st0850184f79xt,c5652ad9431d875a89761dc0,5,1,kvasir-seg::cju1c4fcu40hl07992b8gj0c8
train,kvasir-seg::cju8b6rp0r5st0850184f79xt,15d3e5cd19bf2630a01a74fa,6,1,kvasir-seg::cju1c4fcu40hl07992b8gj0c8
train,kvasir-seg::cju8b8yair65w09878pyqtr96,9e7b66f4b06a4735c4d2958c,0,1,kvasir-seg::cju1c4fcu40hl07992b8gj0c8
train,kvasir-seg::cju8b8yair65w09878pyqtr96,102bef5832d9ab15c072f15c,1,1,kvasir-seg::cju1c4fcu40hl07992b8gj0c8
train,kvasir-seg::cju8b8yair65w09878pyqtr96,75959e9b1d01ee990aaf06f8,2,1,kvasir-seg::cju1c4fcu40hl07992b8gj0c8
train,kvasir-seg::cju8b8yair65w09878pyqtr96,69fa057c339a6ee784d35542,3,1,kvasir-seg::cju1c4fcu40hl07992b8gj0c8
train,kvasir-seg::cju8b8yair65w09878pyqtr96,d964dfea8fc4efcfe1abc519,4,1,kvasir-seg::cju1c4fcu40hl07992b8gj0c8
train,kvasir-seg::cju8b8yair65w09878pyqtr96,fb92f8a40f6c19f48ff2bae2,5,1,kvasir-seg::cju1c4fcu40hl07992b8gj0c8
train,kvasir-seg::cju8b8yair65w09878pyqtr96,a0c61a68c7973721dcf15b13,6,1,kvasir-seg::cju1c4fcu40hl07992b8gj0c8
train,kvasir-seg::cju8bafgqrf4x0818twisk3ea,6531bdd6751b5369de85a786,0,1,kvasir-seg::cju1c4fcu40hl07992b8gj0c8
train,kvasir-seg::cju8bafgqrf4x0818twisk3ea,87fca22946114378e33f6452,1,1,kvasir-seg::cju1c4fcu40hl07992b8gj0c8
train,kvasir-seg::cju8bafgqrf4x0818twisk3ea,025bf0d3bcf5f3eeefd6b50e,2,1,kvasir-seg::cju1c4fcu40hl07992b8gj0c8
train,kvasir-seg::cju8bafgqrf4x0818twisk3ea,fb588485005116251f73ca55,3,1,kvasir-seg::cju1c4fcu40hl07992b8gj0c8
train,kvasir-seg::cju8bafgqrf4x0818twisk3ea,1f3b4c953618bba3d370a5a8,4,1,kvasir-seg::cju1c4fcu40hl07992b8gj0c8
train,kvasir-seg::cju8bafgqrf4x0818twisk3ea,773e21412552a78bce493cd4,5,1,kvasir-seg::cju1c4fcu40hl07992b8gj0c8
train,kvasir-seg::cju8bafgqrf4x0818twisk3ea,d622022fc1f0d12b87062d66,6,1,kvasir-seg::cju1c4fcu40hl07992b8gj0c8
train,kvasir-seg::cju8bbznkrf5g0871jncffynk,242daacf60e73fe366cc6be6,0,6,kvasir-seg::cju7aklv31h4309871m29l4e7
train,kvasir-seg::cju8bbznkrf5g0871jncffynk,cfcc6b8dda09f6f37535c1d2,1,6,kvasir-seg::cju7aklv31h4309871m29l4e7
train,kvasir-seg::cju8bbznkrf5g0871jncffynk,dc0871dd851ef0f39288f3ba,2,6,kvasir-seg::cju7aklv31h4309871m29l4e7
train,kvasir-seg::cju8bbznkrf5g0871jncffynk,f13ad028faa91c481da52721,3,6,kvasir-seg::cju7aklv31h4309871m29l4e7
train,kvasir-seg::cju8bbznkrf5g0871jncffynk,1e14c67b9ca687415636bf76,4,6,kvasir-seg::cju7aklv31h4309871m29l4e7
train,kvasir-seg::cju8bbznkrf5g0871jncffynk,601ee52a8747278325b71a61,5,6,kvasir-seg::cju7aklv31h4309871m29l4e7
train,kvasir-seg::cju8bbznkrf5g0871jncffynk,b494eb358e9db41bcaee1d8d,6,6,kvasir-seg::cju7aklv31h4309871m29l4e7
train,kvasir-seg::cju8bff9nrfi10850fmfzbf8v,8ef6c6b5baf97d3ed4c8c4e9,0,2,kvasir-seg::cju2pmhtr17a00855cvpelzb0
train,kvasir-seg::cju8bff9nrfi10850fmfzbf8v,fa9490e899d1138ab72887a3,1,2,kvasir-seg::cju2pmhtr17a00855cvpelzb0
train,kvasir-seg::cju8bff9nrfi10850fmfzbf8v,6ce2ff2d99a59c43393fc671,2,6,kvasir-seg::cju7aklv31h4309871m29l4e7
train,kvasir-seg::cju8bff9nrfi10850fmfzbf8v,ed42624fb552528803d73a0c,3,6,kvasir-seg::cju7aklv31h4309871m29l4e7
train,kvasir-seg::cju8bff9nrfi10850fmfzbf8v,1e32c1da9b144c9cefede681,4,6,kvasir-seg::cju7aklv31h4309871m29l4e7
train,kvasir-seg::cju8bff9nrfi10850fmfzbf8v,1dd955e16b874898f51a87c7,5,6,kvasir-seg::cju7aklv31h4309871m29l4e7
train,kvasir-seg::cju8bff9nrfi10850fmfzbf8v,74c98d903b05f24c0c6077ed,6,6,kvasir-seg::cju7aklv31h4309871m29l4e7
train,kvasir-seg::cju8bgdmqrksy0801tozdmraa,c2f2a0ed9d52e9be67931f91,0,6,kvasir-seg::cju7aklv31h4309871m29l4e7
train,kvasir-seg::cju8bgdmqrksy0801tozdmraa,4f4f106638e012b9744e8013,1,6,kvasir-seg::cju7aklv31h4309871m29l4e7
train,kvasir-seg::cju8bgdmqrksy0801tozdmraa,53a0ae3ac0d4a7fab542668c,2,6,kvasir-seg::cju7aklv31h4309871m29l4e7
train,kvasir-seg::cju8bgdmqrksy0801tozdmraa,e184a8ba1a3e227e59434cfa,3,6,kvasir-seg::cju7aklv31h4309871m29l4e7
train,kvasir-seg::cju8bgdmqrksy0801tozdmraa,9b479128ff258dbd6ac98ffe,4,6,kvasir-seg::cju7aklv31h4309871m29l4e7
train,kvasir-seg::cju8bgdmqrksy0801tozdmraa,0e7ef2b62786b92fafba4baf,5,6,kvasir-seg::cju7aklv31h4309871m29l4e7
train,kvasir-seg::cju8bgdmqrksy0801tozdmraa,ec8557abdeef7c242aad5f66,6,6,kvasir-seg::cju7aklv31h4309871m29l4e7
train,kvasir-seg::cju8bh8surexp0987o5pzklk1,6de4d61bf79c1b5bae97874b,0,1,kvasir-seg::cju1c4fcu40hl07992b8gj0c8
train,kvasir-seg::cju8bh8surexp0987o5pzklk1,4f9b908ab44e5684182d3ce5,1,1,kvasir-seg::cju1c4fcu40hl07992b8gj0c8
train,kvasir-seg::cju8bh8surexp0987o5pzklk1,413b1243a6512fa33fcef103,2,1,kvasir-seg::cju1c4fcu40hl07992b8gj0c8
train,kvasir-seg::cju8bh8surexp0987o5pzklk1,83951178945044265108d962,3,1,kvasir-seg::cju1c4fcu40hl07992b8gj0c8
train,kvasir-seg::cju8bh8surexp0987o5pzklk1,42a7523b8445e429dc3481f6,4,1,kvasir-seg::cju1c4fcu40hl07992b8gj0c8
train,kvasir-seg::cju8bh8surexp0987o5pzklk1,971fdcd2cd74770486a7293e,5,1,kvasir-seg::cju1c4fcu40hl07992b8gj0c8
train,kvasir-seg::cju8bh8surexp0987o5pzklk1,bb24ab35c3906f1725cbad30,6,1,kvasir-seg::cju1c4fcu40hl07992b8gj0c8
train,kvasir-seg::cju8bi8q7rlmn0871abc5ch8k,a3c897d3a6891516177d0b6f,0,6,kvasir-seg::cju7aklv31h4309871m29l4e7
train,kvasir-seg::cju8bi8q7rlmn0871abc5ch8k,97731b2dfa65acabfb42b41f,1,6,kvasir-seg::cju7aklv31h4309871m29l4e7
train,kvasir-seg::cju8bi8q7rlmn0871abc5ch8k,7f12753dac5326deb9a25056,2,6,kvasir-seg::cju7aklv31h4309871m29l4e7
train,kvasir-seg::cju8bi8q7rlmn0871abc5ch8k,cadb085cb004c74f5abb7c93,3,6,kvasir-seg::cju7aklv31h4309871m29l4e7
train,kvasir-seg::cju8bi8q7rlmn0871abc5ch8k,7b02dfdf27d987cb35e0ebac,4,6,kvasir-seg::cju7aklv31h4309871m29l4e7
train,kvasir-seg::cju8bi8q7rlmn0871abc5ch8k,1c2541057a87473f6d47c8fe,5,6,kvasir-seg::cju7aklv31h4309871m29l4e7
train,kvasir-seg::cju8bi8q7rlmn0871abc5ch8k,fcc63721f510eaefcb949d16,6,6,kvasir-seg::cju7aklv31h4309871m29l4e7
train,kvasir-seg::cju8bk8oirjhw0817hgkua2w8,84d460a641b889800941aa74,0,1,kvasir-seg::cju1c4fcu40hl07992b8gj0c8
train,kvasir-seg::cju8bk8oirjhw0817hgkua2w8,3692664d79d0d2c166569781,1,1,kvasir-seg::cju1c4fcu40hl07992b8gj0c8
train,kvasir-seg::cju8bk8oirjhw0817hgkua2w8,d717d39621ae88a2a27947e4,2,1,kvasir-seg::cju1c4fcu40hl07992b8gj0c8
train,kvasir-seg::cju8bk8oirjhw0817hgkua2w8,751eeb4c5870e03be33224ef,3,1,kvasir-seg::cju1c4fcu40hl07992b8gj0c8
train,kvasir-seg::cju8bk8oirjhw0817hgkua2w8,888e9fbae2fe28ad87c61eb4,4,1,kvasir-seg::cju1c4fcu40hl07992b8gj0c8
train,kvasir-seg::cju8bk8oirjhw0817hgkua2w8,7dd104897056820ac0a9467c,5,1,kvasir-seg::cju1c4fcu40hl07992b8gj0c8
train,kvasir-seg::cju8bk8oirjhw0817hgkua2w8,425921f62f08166c73f80783,6,1,kvasir-seg::cju1c4fcu40hl07992b8gj0c8
train,kvasir-seg::cju8bljw9rqk20801kr54akrl,dfb387cb331576c55ad5ee95,0,1,kvasir-seg::cju1c4fcu40hl07992b8gj0c8
train,kvasir-seg::cju8bljw9rqk20801kr54akrl,5212736afdb1096801844632,1,1,kvasir-seg::cju1c4fcu40hl07992b8gj0c8
train,kvasir-seg::cju8bljw9rqk20801kr54akrl,82668531ee4e6b348be84d41,2,1,kvasir-seg::cju1c4fcu40hl07992b8gj0c8
train,kvasir-seg::cju8bljw9rqk20801kr54akrl,78085801008e832c1c5b1b17,3,1,kvasir-seg::cju1c4fcu40hl07992b8gj0c8
train,kvasir-seg::cju8bljw9rqk20801kr54akrl,9b095ebf83e165e10fedc254,4,1,kvasir-seg::cju1c4fcu40hl07992b8gj0c8
train,kvasir-seg::cju8bljw9rqk20801kr54akrl,1552c3d0752c9689abe467aa,5,1,kvasir-seg::cju1c4fcu40hl07992b8gj0c8
train,kvasir-seg::cju8bljw9rqk20801kr54akrl,99262c7ed883db89cbdacc99,6,1,kvasir-seg::cju1c4fcu40hl07992b8gj0c8
train,kvasir-seg::cju8bm24yrrdp081829mbo8ic,78285c1813ebdb4528372e84,0,5,kvasir-seg::cju5cu8qkb84x08186jwo8yin
train,kvasir-seg::cju8bm24yrrdp081829mbo8ic,8ee282c9cacc74b218c73404,1,3,kvasir-seg::cju34ymm8d6700799uop0cw33
train,kvasir-seg::cju8bm24yrrdp081829mbo8ic,cabbd71cca49afd75510864a,2,5,kvasir-seg::cju5cu8qkb84x08186jwo8yin
train,kvasir-seg::cju8bm24yrrdp081829mbo8ic,8c04738c019a5e554cd48ce8,3,5,kvasir-seg::cju5cu8qkb84x08186jwo8yin
train,kvasir-seg::cju8bm24yrrdp081829mbo8ic,5f5a76c8d0fc1215d6fa8037,4,5,kvasir-seg::cju5cu8qkb84x08186jwo8yin
train,kvasir-seg::cju8bm24yrrdp081829mbo8ic,634c797cd205a7f9c6180fe4,5,5,kvasir-seg::cju5cu8qkb84x08186jwo8yin
train,kvasir-seg::cju8bm24yrrdp081829mbo8ic,aa70d5b45b9aacf23cea5e36,6,5,kvasir-seg::cju5cu8qkb84x08186jwo8yin
train,kvasir-seg::cju8bn7m2rmm70817hgxpb1uq,dd2bac1f6bbb86e28cf1e76b,0,1,kvasir-seg::cju1c4fcu40hl07992b8gj0c8
train,kvasir-seg::cju8bn7m2rmm70817hgxpb1uq,a9537a371b7b59df6c68e13b,1,1,kvasir-seg::cju1c4fcu40hl07992b8gj0c8
train,kvasir-seg::cju8bn7m2rmm70817hgxpb1uq,b55414b1470f3e48d2382a0a,2,1,kvasir-seg::cju1c4fcu40hl07992b8gj0c8
train,kvasir-seg::cju8bn7m2rmm70817hgxpb1uq,1387fba149fd02dc2fbd1946,3,1,kvasir-seg::cju1c4fcu40hl07992b8gj0c8
train,kvasir-seg::cju8bn7m2rmm70817hgxpb1uq,7079cf10d2f37caeadf6de0d,4,1,kvasir-seg::cju1c4fcu40hl07992b8gj0c8
train,kvasir-seg::cju8bn7m2rmm70817hgxpb1uq,91b2fae938cc424064b31cca,5,1,kvasir-seg::cju1c4fcu40hl07992b8gj0c8
train,kvasir-seg::cju8bn7m2rmm70817hgxpb1uq,e784d2e9a15142893752ddc5,6,1,kvasir-seg::cju1c4fcu40hl07992b8gj0c8
train,kvasir-seg::cju8bop5jrsid08716i24fqda,1945477b2e9da994e79be8da,0,6,kvasir-seg::cju7aklv31h4309871m29l4e7
train,kvasir-seg::cju8bop5jrsid08716i24fqda,0e5a6d3d5897011358237a4f,1,6,kvasir-seg::cju7aklv31h4309871m29l4e7
train,kvasir-seg::cju8bop5jrsid08716i24fqda,6a97d61b3794d62166035b34,2,6,kvasir-seg::cju7aklv31h4309871m29l4e7
train,kvasir-seg::cju8bop5jrsid08716i24fqda,ec267c8ce7d2ad5d0b1fc675,3,6,kvasir-seg::cju7aklv31h4309871m29l4e7
train,kvasir-seg::cju8bop5jrsid08716i24fqda,df64a27eb491faea210ed4f0,4,6,kvasir-seg::cju7aklv31h4309871m29l4e7
train,kvasir-seg::cju8bop5jrsid08716i24fqda,54e1220b8f5210162d30f27f,5,6,kvasir-seg::cju7aklv31h4309871m29l4e7
train,kvasir-seg::cju8bop5jrsid08716i24fqda,6e492e2e420006306cb69231,6,6,kvasir-seg::cju7aklv31h4309871m29l4e7
train,kvasir-seg::cju8bpctzrqkr0850zeldv9kt,0404fbd2c010738eccb53ab9,0,5,kvasir-seg::cju5cu8qkb84x08186jwo8yin
train,kvasir-seg::cju8bpctzrqkr0850zeldv9kt,fa6d11029485ce8a0147ba0c,1,5,kvasir-seg::cju5cu8qkb84x08186jwo8yin
train,kvasir-seg::cju8bpctzrqkr0850zeldv9kt,5d0b8227f01842e24d6f1038,2,5,kvasir-seg::cju5cu8qkb84x08186jwo8yin
train,kvasir-seg::cju8bpctzrqkr0850zeldv9kt,fd1a59942fa489dced423b62,3,5,kvasir-seg::cju5cu8qkb84x08186jwo8yin
train,kvasir-seg::cju8bpctzrqkr0850zeldv9kt,5a2f8ac705b38523ca0f3273,4,5,kvasir-seg::cju5cu8qkb84x08186jwo8yin
train,kvasir-seg::cju8bpctzrqkr0850zeldv9kt,3b4416c047637a2dab68f6bc,5,5,kvasir-seg::cju5cu8qkb84x08186jwo8yin
train,kvasir-seg::cju8bpctzrqkr0850zeldv9kt,86f04ec45d898a0d73724e28,6,5,kvasir-seg::cju5cu8qkb84x08186jwo8yin
train,kvasir-seg::cju8bqxxurs6i0850mu7mtef9,3aad275668b9b8af8dfc40f8,0,2,kvasir-seg::cju2pmhtr17a00855cvpelzb0
train,kvasir-seg::cju8bqxxurs6i0850mu7mtef9,a2d8cba30fa72906621aa654,1,2,kvasir-seg::cju2pmhtr17a00855cvpelzb0
train,kvasir-seg::cju8bqxxurs6i0850mu7mtef9,6dbad9c0cf08a036e9cf2d76,2,2,kvasir-seg::cju2pmhtr17a00855cvpelzb0
train,kvasir-seg::cju8bqxxurs6i0850mu7mtef9,ce0b948a2d6d57be2bcc6f15,3,2,kvasir-seg::cju2pmhtr17a00855cvpelzb0
train,kvasir-seg::cju8bqxxurs6i0850mu7mtef9,8e1e489a39204019f23aaf1b,4,2,kvasir-seg::cju2pmhtr17a00855cvpelzb0
train,kvasir-seg::cju8bqxxurs6i0850mu7mtef9,a2bd20ba728c594c36a6b6ea,5,2,kvasir-seg::cju2pmhtr17a00855cvpelzb0
train,kvasir-seg::cju8bqxxurs6i0850mu7mtef9,7f04b167b7ef850581feed83,6,2,kvasir-seg::cju2pmhtr17a00855cvpelzb0
train,kvasir-seg::cju8brv16rx7f0818uf5n89pv,5c2131f55aee61623ec9e9df,0,1,kvasir-seg::cju1c4fcu40hl07992b8gj0c8
train,kvasir-seg::cju8brv16rx7f0818uf5n89pv,3ac4213efc581270b58d4e00,1,1,kvasir-seg::cju1c4fcu40hl07992b8gj0c8
train,kvasir-seg::cju8brv16rx7f0818uf5n89pv,0670850b6429bd4c0c365293,2,1,kvasir-seg::cju1c4fcu40hl07992b8gj0c8
train,kvasir-seg::cju8brv16rx7f0818uf5n89pv,2e80df3d7f61e16c42b0b415,3,1,kvasir-seg::cju1c4fcu40hl07992b8gj0c8
train,kvasir-seg::cju8brv16rx7f0818uf5n89pv,fcd2934ecfcab39ca37df625,4,1,kvasir-seg::cju1c4fcu40hl07992b8gj0c8
train,kvasir-seg::cju8brv16rx7f0818uf5n89pv,62c200f151acaec6cc9a28e1,5,1,kvasir-seg::cju1c4fcu40hl07992b8gj0c8
train,kvasir-seg::cju8brv16rx7f0818uf5n89pv,a3d3d4afab5d1a2a87378487,6,1,kvasir-seg::cju1c4fcu40hl07992b8gj0c8
train,kvasir-seg::cju8bssulrrcy0987h1vq5060,f176576a62d71fbcbbdb1da0,0,1,kvasir-seg::cju1c4fcu40hl07992b8gj0c8
train,kvasir-seg::cju8bssulrrcy0987h1vq5060,2f14079bcc2843ad4bb8c371,1,1,kvasir-seg::cju1c4fcu40hl07992b8gj0c8
train,kvasir-seg::cju8bssulrrcy0987h1vq5060,c88a50913bca6c2487f6ee0d,2,1,kvasir-seg::cju1c4fcu40hl07992b8gj0c8
train,kvasir-seg::cju8bssulrrcy0987h1vq5060,1989a14779db86298bb6e9cd,3,1,kvasir-seg::cju1c4fcu40hl07992b8gj0c8
train,kvasir-seg::cju8bssulrrcy0987h1vq5060,ae8c6da4c0d6eda848b6d39f,4,1,kvasir-seg::cju1c4fcu40hl07992b8gj0c8
train,kvasir-seg::cju8bssulrrcy0987h1vq5060,990ba921d42cce67495d5f3b,5,1,kvasir-seg::cju1c4fcu40hl07992b8gj0c8
train,kvasir-seg::cju8bssulrrcy0987h1vq5060,8f6ed2c0a9b3e7758e9a8b31,6,1,kvasir-seg::cju1c4fcu40hl07992b8gj0c8
train,kvasir-seg::cju8buos5rz9b08715lfr0f4f,f526ecba0fb5ebd4c647ea9a,0,6,kvasir-seg::cju7aklv31h4309871m29l4e7
train,kvasir-seg::cju8buos5rz9b08715lfr0f4f,8311d130bad61a759d5e29a9,1,6,kvasir-seg::cju7aklv31h4309871m29l4e7
train,kvasir-seg::cju8buos5rz9b08715lfr0f4f,a500c75509055f2a87433bb3,2,6,kvasir-seg::cju7aklv31h4309871m29l4e7
train,kvasir-seg::cju8buos5rz9b08715lfr0f4f,67b9864bf3fd6f3e2a72748a,3,6,kvasir-seg::cju7aklv31h4309871m29l4e7
train,kvasir-seg::cju8buos5rz9b08715lfr0f4f,a9d06b131ba50c186d5b78d7,4,6,kvasir-seg::cju7aklv31h4309871m29l4e7
train,kvasir-seg::cju8buos5rz9b08715lfr0f4f,1a587acafdd0a463c146e325,5,6,kvasir-seg::cju7aklv31h4309871m29l4e7
train,kvasir-seg::cju8buos5rz9b08715lfr0f4f,b1c4b2fa2084b99cc94e6ce4,6,6,kvasir-seg::cju7aklv31h4309871m29l4e7
train,kvasir-seg::cju8bysfgrzkl081786jwac09,32fd49b66384555fe9c4ba4c,0,6,kvasir-seg::cju7aklv31h4309871m29l4e7
train,kvasir-seg::cju8bysfgrzkl081786jwac09,51d273a7c623cb42763cc9f5,1,6,kvasir-seg::cju7aklv31h4309871m29l4e7
train,kvasir-seg::cju8bysfgrzkl081786jwac09,6588b6b2931b1b0f28af9215,2,6,kvasir-seg::cju7aklv31h4309871m29l4e7
train,kvasir-seg::cju8bysfgrzkl081786jwac09,12ec8fc1e130ae40a9bec0c8,3,6,kvasir-seg::cju7aklv31h4309871m29l4e7
train,kvasir-seg::cju8bysfgrzkl081786jwac09,7b7f6fcd9e0392fc19e0156b,4,6,kvasir-seg::cju7aklv31h4309871m29l4e7
train,kvasir-seg::cju8bysfgrzkl081786jwac09,41de8378d9d8c4d3d6ca454a,5,6,kvasir-seg::cju7aklv31h4309871m29l4e7
train,kvasir-seg::cju8bysfgrzkl081786jwac09,6498be7462e37ee01d80b063,6,6,kvasir-seg::cju7aklv31h4309871m29l4e7
train,kvasir-seg::cju8bzzy2s66m08016z6mouqt,cc5428c7615a3d5318f71e4a,0,1,kvasir-seg::cju1c4fcu40hl07992b8gj0c8
train,kvasir-seg::cju8bzzy2s66m08016z6mouqt,7bb80a06cf9da17ca5a2d0e2,1,1,kvasir-seg::cju1c4fcu40hl07992b8gj0c8
train,kvasir-seg::cju8bzzy2s66m08016z6mouqt,0c0a10339910fb8040fca9e2,2,1,kvasir-seg::cju1c4fcu40hl07992b8gj0c8
train,kvasir-seg::cju8bzzy2s66m08016z6mouqt,bd6ce8803462e5555037d076,3,1,kvasir-seg::cju1c4fcu40hl07992b8gj0c8
train,kvasir-seg::cju8bzzy2s66m08016z6mouqt,2cec0a1dbbee658e1c6a1917,4,1,kvasir-seg::cju1c4fcu40hl07992b8gj0c8
train,kvasir-seg::cju8bzzy2s66m08016z6mouqt,8f1db370cbeb99459a07572f,5,1,kvasir-seg::cju1c4fcu40hl07992b8gj0c8
train,kvasir-seg::cju8bzzy2s66m08016z6mouqt,79b01b82923b0009695fa9f5,6,1,kvasir-seg::cju1c4fcu40hl07992b8gj0c8
train,kvasir-seg::cju8c1a0ws7o208181c6lbsom,daea32e5214fbed597de64bd,0,6,kvasir-seg::cju7aklv31h4309871m29l4e7
train,kvasir-seg::cju8c1a0ws7o208181c6lbsom,b492c0303e49f9b10e0c6df6,1,6,kvasir-seg::cju7aklv31h4309871m29l4e7
train,kvasir-seg::cju8c1a0ws7o208181c6lbsom,d8c7a5af29337ae8fd68365a,2,6,kvasir-seg::cju7aklv31h4309871m29l4e7
train,kvasir-seg::cju8c1a0ws7o208181c6lbsom,c60041a18b08e098f1b8b875,3,6,kvasir-seg::cju7aklv31h4309871m29l4e7
train,kvasir-seg::cju8c1a0ws7o208181c6lbsom,8cf036e9a232aee60e75f5f3,4,6,kvasir-seg::cju7aklv31h4309871m29l4e7
train,kvasir-seg::cju8c1a0ws7o208181c6lbsom,0d0f0aef98759bf3074c20d0,5,6,kvasir-seg::cju7aklv31h4309871m29l4e7
train,kvasir-seg::cju8c1a0ws7o208181c6lbsom,6fbc1db3e89cb3b16ee7e0de,6,6,kvasir-seg::cju7aklv31h4309871m29l4e7
train,kvasir-seg::cju8c2rqzs5t80850d0zky5dy,79225bf9533d21eb09040117,0,1,kvasir-seg::cju1c4fcu40hl07992b8gj0c8
train,kvasir-seg::cju8c2rqzs5t80850d0zky5dy,e96c6410cc8dabad0f7d0e13,1,1,kvasir-seg::cju1c4fcu40hl07992b8gj0c8
train,kvasir-seg::cju8c2rqzs5t80850d0zky5dy,3c64a819f1292c57e04d24e3,2,1,kvasir-seg::cju1c4fcu40hl07992b8gj0c8
train,kvasir-seg::cju8c2rqzs5t80850d0zky5dy,98f11cb5fc108624c55c6a13,3,1,kvasir-seg::cju1c4fcu40hl07992b8gj0c8
train,kvasir-seg::cju8c2rqzs5t80850d0zky5dy,5799216ec661e6e677222f5b,4,1,kvasir-seg::cju1c4fcu40hl07992b8gj0c8
train,kvasir-seg::cju8c2rqzs5t80850d0zky5dy,c6d361ea795fc2671d833d20,5,1,kvasir-seg::cju1c4fcu40hl07992b8gj0c8
train,kvasir-seg::cju8c2rqzs5t80850d0zky5dy,86215d5a7c602814b94f4bae,6,1,kvasir-seg::cju1c4fcu40hl07992b8gj0c8
train,kvasir-seg::cju8c3xs7sauj0801ieyzezr5,72122a87c8df199d3578974f,0,1,kvasir-seg::cju1c4fcu40hl07992b8gj0c8
train,kvasir-seg::cju8c3xs7sauj0801ieyzezr5,b312e5d2408a877ff7fbbbd0,1,1,kvasir-seg::cju1c4fcu40hl07992b8gj0c8
train,kvasir-seg::cju8c3xs7sauj0801ieyzezr5,21342956127d716b25a30243,2,1,kvasir-seg::cju1c4fcu40hl07992b8gj0c8
train,kvasir-seg::cju8c3xs7sauj0801ieyzezr5,d9f24ff1633b764c64ed1756,3,1,kvasir-seg::cju1c4fcu40hl07992b8gj0c8
train,kvasir-seg::cju8c3xs7sauj0801ieyzezr5,b0304c7a4fdc420e03015795,4,1,kvasir-seg::cju1c4fcu40hl07992b8gj0c8
train,kvasir-seg::cju8c3xs7sauj0801ieyzezr5,dbb98873191e3df05e8d7176,5,1,kvasir-seg::cju1c4fcu40hl07992b8gj0c8
train,kvasir-seg::cju8c3xs7sauj0801ieyzezr5,836ca2a66384903929d68e87,6,1,kvasir-seg::cju1c4fcu40hl07992b8gj0c8
train,kvasir-seg::cju8c5223s8j80850b4kealt4,66dae227cbadfefe2f5565e8,0,1,kvasir-seg::cju1c4fcu40hl07992b8gj0c8
train,kvasir-seg::cju8c5223s8j80850b4kealt4,36f01f6dbc5a86afce7c2386,1,1,kvasir-seg::cju1c4fcu40hl07992b8gj0c8
train,kvasir-seg::cju8c5223s8j80850b4kealt4,8a77b6859b1b93ea75a65725,2,1,kvasir-seg::cju1c4fcu40hl07992b8gj0c8
train,kvasir-seg::cju8c5223s8j80850b4kealt4,43490cb6c606ac620f215883,3,1,kvasir-seg::cju1c4fcu40hl07992b8gj0c8
train,kvasir-seg::cju8c5223s8j80850b4kealt4,add3570c9506f8de5ea7a6a6,4,1,kvasir-seg::cju1c4fcu40hl07992b8gj0c8
train,kvasir-seg::cju8c5223s8j80850b4kealt4,0e152ee7af94b208ec26bb12,5,1,kvasir-seg::cju1c4fcu40hl07992b8gj0c8
train,kvasir-seg::cju8c5223s8j80850b4kealt4,f79de33a24670580e5455465,6,1,kvasir-seg::cju1c4fcu40hl07992b8gj0c8
train,kvasir-seg::cju8c5mxls96t0850wvkvsity,93c3ca1bed7cf99435de85d5,0,6,kvasir-seg::cju7aklv31h4309871m29l4e7
train,kvasir-seg::cju8c5mxls96t0850wvkvsity,a82dc294bd6c8446933b6eb8,1,2,kvasir-seg::cju2pmhtr17a00855cvpelzb0
train,kvasir-seg::cju8c5mxls96t0850wvkvsity,0acfe66a6578183e5d767fee,2,6,kvasir-seg::cju7aklv31h4309871m29l4e7
train,kvasir-seg::cju8c5mxls96t0850wvkvsity,af2b7d62378fcdf2c24f5b2b,3,6,kvasir-seg::cju7aklv31h4309871m29l4e7
train,kvasir-seg::cju8c5mxls96t0850wvkvsity,27c01d8732d625e9b46997a7,4,6,kvasir-seg::cju7aklv31h4309871m29l4e7
train,kvasir-seg::cju8c5mxls96t0850wvkvsity,e671952f80fd6a1829f38d82,5,6,kvasir-seg::cju7aklv31h4309871m29l4e7
train,kvasir-seg::cju8c5mxls96t0850wvkvsity,13311167e8d648d7f415020f,6,6,kvasir-seg::cju7aklv31h4309871m29l4e7
train,kvasir-seg::cju8c5zcbsdfz0801o5t6jag1,6af07363b83a1a1cc57191f1,0,1,kvasir-seg::cju1c4fcu40hl07992b8gj0c8
train,kvasir-seg::cju8c5zcbsdfz0801o5t6jag1,74f2b60649052ab2979b010c,1,1,kvasir-seg::cju1c4fcu40hl07992b8gj0c8
train,kvasir-seg::cju8c5zcbsdfz0801o5t6jag1,3311ba9adb467aeac41201cd,2,1,kvasir-seg::cju1c4fcu40hl07992b8gj0c8
train,kvasir-seg::cju8c5zcbsdfz0801o5t6jag1,76e1ab5c98771aec0b228678,3,1,kvasir-seg::cju1c4fcu40hl07992b8gj0c8
train,kvasir-seg::cju8c5zcbsdfz0801o5t6jag1,a58f776f98c1dba4e5514eb5,4,1,kvasir-seg::cju1c4fcu40hl07992b8gj0c8
train,kvasir-seg::cju8c5zcbsdfz0801o5t6jag1,081356f5bb3ad01cd189303c,5,1,kvasir-seg::cju1c4fcu40hl07992b8gj0c8
train,kvasir-seg::cju8c5zcbsdfz0801o5t6jag1,a511cc7612ac77bd6b9fe108,6,1,kvasir-seg::cju1c4fcu40hl07992b8gj0c8
train,kvasir-seg::cju8c82iosagu0817l74s4m5g,2a749b8c060ac7c457e52e8c,0,1,kvasir-seg::cju1c4fcu40hl07992b8gj0c8
train,kvasir-seg::cju8c82iosagu0817l74s4m5g,ccc3bade4629f55e71c343c4,1,1,kvasir-seg::cju1c4fcu40hl07992b8gj0c8
train,kvasir-seg::cju8c82iosagu0817l74s4m5g,815423443862d6067bc4b0f1,2,1,kvasir-seg::cju1c4fcu40hl07992b8gj0c8
train,kvasir-seg::cju8c82iosagu0817l74s4m5g,15e0feeede146f729916b602,3,1,kvasir-seg::cju1c4fcu40hl07992b8gj0c8
train,kvasir-seg::cju8c82iosagu0817l74s4m5g,171e250429e11d928f2ae83c,4,1,kvasir-seg::cju1c4fcu40hl07992b8gj0c8
train,kvasir-seg::cju8c82iosagu0817l74s4m5g,f47d5e6e70465c960e6481c5,5,1,kvasir-seg::cju1c4fcu40hl07992b8gj0c8
train,kvasir-seg::cju8c82iosagu0817l74s4m5g,cf78f72e20aed580a7da9dd3,6,1,kvasir-seg::cju1c4fcu40hl07992b8gj0c8
train,kvasir-seg::cju8c9akjsdjj0850s67uzlxq,6c5573c674eed65e7768c549,0,6,kvasir-seg::cju7aklv31h4309871m29l4e7
train,kvasir-seg::cju8c9akjsdjj0850s67uzlxq,2145b097edbe5a92f29f96ff,1,6,kvasir-seg::cju7aklv31h4309871m29l4e7
train,kvasir-seg::cju8c9akjsdjj0850s67uzlxq,11ef73a1ab65fbcbf0a5e4f4,2,6,kvasir-seg::cju7aklv31h4309871m29l4e7
train,kvasir-seg::cju8c9akjsdjj0850s67uzlxq,fb7b6d914625b79b8d3bfe30,3,6,kvasir-seg::cju7aklv31h4309871m29l4e7
train,kvasir-seg::cju8c9akjsdjj0850s67uzlxq,93ed4d27b6f3c9176a02e6b3,4,6,kvasir-seg::cju7aklv31h4309871m29l4e7
train,kvasir-seg::cju8c9akjsdjj0850s67uzlxq,2f67316bc5e5163747dd9a0e,5,6,kvasir-seg::cju7aklv31h4309871m29l4e7
train,kvasir-seg::cju8c9akjsdjj0850s67uzlxq,59e6a980cc2fecf69f8a16e4,6,6,kvasir-seg::cju7aklv31h4309871m29l4e7
train,kvasir-seg::cju8ca4geseia0850i2ru11hw,437bbdc4e68a3025b34239cb,0,1,kvasir-seg::cju1c4fcu40hl07992b8gj0c8
train,kvasir-seg::cju8ca4geseia0850i2ru11hw,e335587b893ed7007b24389c,1,1,kvasir-seg::cju1c4fcu40hl07992b8gj0c8
train,kvasir-seg::cju8ca4geseia0850i2ru11hw,6fe00a83047317b49c4871a9,2,1,kvasir-seg::cju1c4fcu40hl07992b8gj0c8
train,kvasir-seg::cju8ca4geseia0850i2ru11hw,a463c29e85fe8b7a75e0d720,3,1,kvasir-seg::cju1c4fcu40hl07992b8gj0c8
train,kvasir-seg::cju8ca4geseia0850i2ru11hw,f478146a9e5434f3fd9d428f,4,1,kvasir-seg::cju1c4fcu40hl07992b8gj0c8
train,kvasir-seg::cju8ca4geseia0850i2ru11hw,9c812567739876cc5d69695a,5,1,kvasir-seg::cju1c4fcu40hl07992b8gj0c8
train,kvasir-seg::cju8ca4geseia0850i2ru11hw,60f7147e0fa3d82d65ab8529,6,1,kvasir-seg::cju1c4fcu40hl07992b8gj0c8
train,kvasir-seg::cju8cattbsivm0818p446wgel,4f10c421e659f33f72e2c769,0,1,kvasir-seg::cju1c4fcu40hl07992b8gj0c8
train,kvasir-seg::cju8cattbsivm0818p446wgel,82608bdaf035608240573510,1,1,kvasir-seg::cju1c4fcu40hl07992b8gj0c8
train,kvasir-seg::cju8cattbsivm0818p446wgel,19cae0724fd393aa138e4b7f,2,1,kvasir-seg::cju1c4fcu40hl07992b8gj0c8
train,kvasir-seg::cju8cattbsivm0818p446wgel,94904ed1fcd198ff8074c46c,3,1,kvasir-seg::cju1c4fcu40hl07992b8gj0c8
train,kvasir-seg::cju8cattbsivm0818p446wgel,e5c1c26853689d11ebe96638,4,1,kvasir-seg::cju1c4fcu40hl07992b8gj0c8
train,kvasir-seg::cju8cattbsivm0818p446wgel,32033cf93bd3a37fa6c8be08,5,1,kvasir-seg::cju1c4fcu40hl07992b8gj0c8
train,kvasir-seg::cju8cattbsivm0818p446wgel,d9477227dfa87c0151611262,6,1,kvasir-seg::cju1c4fcu40hl07992b8gj0c8
train,kvasir-seg::cju8cbsyssiqj0871gr4jedjp,f8255e8bbad2deb3d2472756,0,6,kvasir-seg::cju7aklv31h4309871m29l4e7
train,kvasir-seg::cju8cbsyssiqj0871gr4jedjp,8323dd89370121fe6860dbf6,1,6,kvasir-seg::cju7aklv31h4309871m29l4e7
train,kvasir-seg::cju8cbsyssiqj0871gr4jedjp,0caede9199b8239daf3ffce1,2,6,kvasir-seg::cju7aklv31h4309871m29l4e7
train,kvasir-seg::cju8cbsyssiqj0871gr4jedjp,86ae8b400dc3edcbd2fa6f50,3,6,kvasir-seg::cju7aklv31h4309871m29l4e7
train,kvasir-seg::cju8cbsyssiqj0871gr4jedjp,aa05d97c49ce6d17f320c6ea,4,6,kvasir-seg::cju7aklv31h4309871m29l4e7
train,kvasir-seg::cju8cbsyssiqj0871gr4jedjp,ab740fd7c19135b6c4b054ab,5,6,kvasir-seg::cju7aklv31h4309871m29l4e7
train,kvasir-seg::cju8cbsyssiqj0871gr4jedjp,f4e06573a8a365c3057bcc75,6,6,kvasir-seg::cju7aklv31h4309871m29l4e7
train,kvasir-seg::cju8cdeazsm8h0801jxifmzur,6dd9b59847e8b18fa96871cc,0,6,kvasir-seg::cju7aklv31h4309871m29l4e7
train,kvasir-seg::cju8cdeazsm8h0801jxifmzur,c2f66e95e83b9ddd8e571176,1,6,kvasir-seg::cju7aklv31h4309871m29l4e7
train,kvasir-seg::cju8cdeazsm8h0801jxifmzur,957b4c3333467d1c1f8d8696,2,6,kvasir-seg::cju7aklv31h4309871m29l4e7
train,kvasir-seg::cju8cdeazsm8h0801jxifmzur,f51c54d1da765e47a78733f1,3,6,kvasir-seg::cju7aklv31h4309871m29l4e7
train,kvasir-seg::cju8cdeazsm8h0801jxifmzur,16d7cf6a39d30cdfb96ce2bf,4,6,kvasir-seg::cju7aklv31h4309871m29l4e7
train,kvasir-seg::cju8cdeazsm8h0801jxifmzur,e3eb7a11ea8544ebe2056acf,5,6,kvasir-seg::cju7aklv31h4309871m29l4e7
train,kvasir-seg::cju8cdeazsm8h0801jxifmzur,b29e72cf074116f6fcab82e9,6,6,kvasir-seg::cju7aklv31h4309871m29l4e7
train,kvasir-seg::cju8ceacrsqkr0755hdz145es,6b605b5f203cab78e25a256e,0,6,kvasir-seg::cju7aklv31h4309871m29l4e7
train,kvasir-seg::cju8ceacrsqkr0755hdz145es,c2b6f079c1b303c5c4a65c0d,1,6,kvasir-seg::cju7aklv31h4309871m29l4e7
train,kvasir-seg::cju8ceacrsqkr0755hdz145es,48620f0949a1f1700db8a792,2,6,kvasir-seg::cju7aklv31h4309871m29l4e7
train,kvasir-seg::cju8ceacrsqkr0755hdz145es,6209acb31dd722b6879d3863,3,6,kvasir-seg::cju7aklv31h4309871m29l4e7
train,kvasir-seg::cju8ceacrsqkr0755hdz145es,562bbc851cd2a38ab1847699,4,6,kvasir-seg::cju7aklv31h4309871m29l4e7
train,kvasir-seg::cju8ceacrsqkr0755hdz145es,5f3e58670a15de426de656ca,5,6,kvasir-seg::cju7aklv31h4309871m29l4e7
train,kvasir-seg::cju8ceacrsqkr0755hdz145es,149f8ef08015054b46457637,6,6,kvasir-seg::cju7aklv31h4309871m29l4e7
train,kvasir-seg::cju8cgi2kspp308011nxdtjp6,9eef00cf6cee8b90f6511f3c,0,5,kvasir-seg::cju5cu8qkb84x08186jwo8yin
train,kvasir-seg::cju8cgi2kspp308011nxdtjp6,ccc0904b71807a80b9965a85,1,5,kvasir-seg::cju5cu8qkb84x08186jwo8yin
train,kvasir-seg::cju8cgi2kspp308011nxdtjp6,6edd86a74d61253a9af98107,2,5,kvasir-seg::cju5cu8qkb84x08186jwo8yin
train,kvasir-seg::cju8cgi2kspp308011nxdtjp6,52e54654539c6efa1d05b9e9,3,5,kvasir-seg::cju5cu8qkb84x08186jwo8yin
train,kvasir-seg::cju8cgi2kspp308011nxdtjp6,c468497817cfea3f376fc823,4,5,kvasir-seg::cju5cu8qkb84x08186jwo8yin
train,kvasir-seg::cju8cgi2kspp308011nxdtjp6,855a4697aeb0cd18eac30492,5,5,kvasir-seg::cju5cu8qkb84x08186jwo8yin
train,kvasir-seg::cju8cgi2kspp308011nxdtjp6,6538e78e537fd73c245df624,6,5,kvasir-seg::cju5cu8qkb84x08186jwo8yin
train,kvasir-seg::cju8cj10qsrau0871o2dr6ai1,c80c2450fda14be7981f7912,0,2,kvasir-seg::cju2pmhtr17a00855cvpelzb0
train,kvasir-seg::cju8cj10qsrau0871o2dr6ai1,f705fc0eac43a09875d0b1d5,1,2,kvasir-seg::cju2pmhtr17a00855cvpelzb0
train,kvasir-seg::cju8cj10qsrau0871o2dr6ai1,462d7e78af7154011f5fcc5d,2,2,kvasir-seg::cju2pmhtr17a00855cvpelzb0
train,kvasir-seg::cju8cj10qsrau0871o2dr6ai1,8723303bf7db383e95e35380,3,2,kvasir-seg::cju2pmhtr17a00855cvpelzb0
train,kvasir-seg::cju8cj10qsrau0871o2dr6ai1,8e95d2b7e46735fc928b84b4,4,2,kvasir-seg::cju2pmhtr17a00855cvpelzb0
train,kvasir-seg::cju8cj10qsrau0871o2dr6ai1,e7a96d13e3d23c9c4f8bfb30,5,2,kvasir-seg::cju2pmhtr17a00855cvpelzb0
train,kvasir-seg::cju8cj10qsrau0871o2dr6ai1,e2ec651483934879f16ee9f4,6,2,kvasir-seg::cju2pmhtr17a00855cvpelzb0
train,kvasir-seg::cju8clorgsuwn08714toqb7v6,2cf98b5adc26f1e2dd0f53c5,0,6,kvasir-seg::cju7aklv31h4309871m29l4e7
train,kvasir-seg::cju8clorgsuwn08714toqb7v6,767d9b12db0a448e327ed9ae,1,6,kvasir-seg::cju7aklv31h4309871m29l4e7
train,kvasir-seg::cju8clorgsuwn08714toqb7v6,8cf1fa9aaba537fe6d4e12d1,2,6,kvasir-seg::cju7aklv31h4309871m29l4e7
train,kvasir-seg::cju8clorgsuwn08714toqb7v6,0bc83b93e0be542f64dafc4f,3,6,kvasir-seg::cju7aklv31h4309871m29l4e7
train,kvasir-seg::cju8clorgsuwn08714toqb7v6,20f9c782f63eed2812d8b7d0,4,6,kvasir-seg::cju7aklv31h4309871m29l4e7
train,kvasir-seg::cju8clorgsuwn08714toqb7v6,968f5de69f1d42fd912902e9,5,6,kvasir-seg::cju7aklv31h4309871m29l4e7
train,kvasir-seg::cju8clorgsuwn08714toqb7v6,3f4520163773ae2d1cb4c97a,6,6,kvasir-seg::cju7aklv31h4309871m29l4e7
train,kvasir-seg::cju8d4jgatgpj0871q2ophhkm,5887755119a4a77746affa94,0,6,kvasir-seg::cju7aklv31h4309871m29l4e7
train,kvasir-seg::cju8d4jgatgpj0871q2ophhkm,71b0a162bf2bf1a5c9713e23,1,6,kvasir-seg::cju7aklv31h4309871m29l4e7
train,kvasir-seg::cju8d4jgatgpj0871q2ophhkm,f4b359a0b24206297e22cbb3,2,6,kvasir-seg::cju7aklv31h4309871m29l4e7
train,kvasir-seg::cju8d4jgatgpj0871q2ophhkm,e5940bbd558a22254830768c,3,6,kvasir-seg::cju7aklv31h4309871m29l4e7
train,kvasir-seg::cju8d4jgatgpj0871q2ophhkm,c9cec9b627b361f8b06d262d,4,6,kvasir-seg::cju7aklv31h4309871m29l4e7
train,kvasir-seg::cju8d4jgatgpj0871q2ophhkm,633e91762f45e74c19beb7c5,5,6,kvasir-seg::cju7aklv31h4309871m29l4e7
train,kvasir-seg::cju8d4jgatgpj0871q2ophhkm,b12ff5fd70472581c6dba8f1,6,6,kvasir-seg::cju7aklv31h4309871m29l4e7
train,kvasir-seg::cju8dic9mtppa0987swn23wbc,31ef86586a72da1654d1915e,0,1,kvasir-seg::cju1c4fcu40hl07992b8gj0c8
train,kvasir-seg::cju8dic9mtppa0987swn23wbc,28182330ff5a7a65b8cbcb84,1,1,kvasir-seg::cju1c4fcu40hl07992b8gj0c8
train,kvasir-seg::cju8dic9mtppa0987swn23wbc,b31763e4c6490227b26d3d98,2,1,kvasir-seg::cju1c4fcu40hl07992b8gj0c8
train,kvasir-seg::cju8dic9mtppa0987swn23wbc,759d4a269b9793abc5caa6e4,3,1,kvasir-seg::cju1c4fcu40hl07992b8gj0c8
train,kvasir-seg::cju8dic9mtppa0987swn23wbc,268c9f9aabefd02b0a0b425c,4,1,kvasir-seg::cju1c4fcu40hl07992b8gj0c8
train,kvasir-seg::cju8dic9mtppa0987swn23wbc,cbebd418b26db47d6653a6b9,5,1,kvasir-seg::cju1c4fcu40hl07992b8gj0c8
train,kvasir-seg::cju8dic9mtppa0987swn23wbc,2fc298f12bbf596601d9ced3,6,1,kvasir-seg::cju1c4fcu40hl07992b8gj0c8
train,kvasir-seg::cju8dk7eztzup08182yxko5zh,3536c4ddd9289987b02717d1,0,6,kvasir-seg::cju7aklv31h4309871m29l4e7
train,kvasir-seg::cju8dk7eztzup08182yxko5zh,926e18fc61cc8ae71ad4d868,1,6,kvasir-seg::cju7aklv31h4309871m29l4e7
train,kvasir-seg::cju8dk7eztzup08182yxko5zh,c807dc83b4055f4250378814,2,6,kvasir-seg::cju7aklv31h4309871m29l4e7
train,kvasir-seg::cju8dk7eztzup08182yxko5zh,0a78eabb67533fbe72f12339,3,6,kvasir-seg::cju7aklv31h4309871m29l4e7
train,kvasir-seg::cju8dk7eztzup08182yxko5zh,9bac0a66e6d2afaff6f5553d,4,6,kvasir-seg::cju7aklv31h4309871m29l4e7
train,kvasir-seg::cju8dk7eztzup08182yxko5zh,2715086b040a6c2df78f347c,5,6,kvasir-seg::cju7aklv31h4309871m29l4e7
train,kvasir-seg::cju8dk7eztzup08182yxko5zh,f786a55509eef8375a1acc47,6,6,kvasir-seg::cju7aklv31h4309871m29l4e7
train,kvasir-seg::cju8dm2cau2km0818jsv9eeq2,bcbaa181e6e59a23d53479bd,0,1,kvasir-seg::cju1c4fcu40hl07992b8gj0c8
train,kvasir-seg::cju8dm2cau2km0818jsv9eeq2,c5bf304d5dfc76d05a837a9f,1,1,kvasir-seg::cju1c4fcu40hl07992b8gj0c8
train,kvasir-seg::cju8dm2cau2km0818jsv9eeq2,b1b1ee9cb10d6d4077e8c6a2,2,1,kvasir-seg::cju1c4fcu40hl07992b8gj0c8
train,kvasir-seg::cju8dm2cau2km0818jsv9eeq2,63774511ab40b3cc4155af8e,3,1,kvasir-seg::cju1c4fcu40hl07992b8gj0c8
train,kvasir-seg::cju8dm2cau2km0818jsv9eeq2,d86f3f73c3d16facda2f314a,4,1,kvasir-seg::cju1c4fcu40hl07992b8gj0c8
train,kvasir-seg::cju8dm2cau2km0818jsv9eeq2,8daf2ac1524d98f913f82758,5,1,kvasir-seg::cju1c4fcu40hl07992b8gj0c8
train,kvasir-seg::cju8dm2cau2km0818jsv9eeq2,50fd8a7ba35fbfd34c055b66,6,1,kvasir-seg::cju1c4fcu40hl07992b8gj0c8
train,kvasir-seg::cju8dn0c3u2v50801k8rvq02f,f9a73cea1b2b960f34b8ff5a,0,1,kvasir-seg::cju1c4fcu40hl07992b8gj0c8
train,kvasir-seg::cju8dn0c3u2v50801k8rvq02f,7651655cd5b518b97e22842f,1,1,kvasir-seg::cju1c4fcu40hl07992b8gj0c8
train,kvasir-seg::cju8dn0c3u2v50801k8rvq02f,5f7e8d8e0fcaac962cbf4923,2,1,kvasir-seg::cju1c4fcu40hl07992b8gj0c8
train,kvasir-seg::cju8dn0c3u2v50801k8rvq02f,e96d8ad77b3330efed0ff73e,3,1,kvasir-seg::cju1c4fcu40hl07992b8gj0c8
train,kvasir-seg::cju8dn0c3u2v50801k8rvq02f,053e04abf4526c69db7b743c,4,1,kvasir-seg::cju1c4fcu40hl07992b8gj0c8
train,kvasir-seg::cju8dn0c3u2v50801k8rvq02f,d79c8b1874072d95a356de96,5,1,kvasir-seg::cju1c4fcu40hl07992b8gj0c8
train,kvasir-seg::cju8dn0c3u2v50801k8rvq02f,6a1a66ee95db4943bf448cba,6,1,kvasir-seg::cju1c4fcu40hl07992b8gj0c8
train,kvasir-seg::cju8doa16u5gh0818w1ywda3q,49a7366292637b1d6820ad56,0,1,kvasir-seg::cju1c4fcu40hl07992b8gj0c8
train,kvasir-seg::cju8doa16u5gh0818w1ywda3q,46e8b5d7afd2d802bc1514e8,1,1,kvasir-seg::cju1c4fcu40hl07992b8gj0c8
train,kvasir-seg::cju8doa16u5gh0818w1ywda3q,083eb6abb8e268764100ff7d,2,1,kvasir-seg::cju1c4fcu40hl07992b8gj0c8
train,kvasir-seg::cju8doa16u5gh0818w1ywda3q,ebb7d50a4540364c62c90170,3,1,kvasir-seg::cju1c4fcu40hl07992b8gj0c8
train,kvasir-seg::cju8doa16u5gh0818w1ywda3q,936f08b95e38bd267e18a99b,4,1,kvasir-seg::cju1c4fcu40hl07992b8gj0c8
train,kvasir-seg::cju8doa16u5gh0818w1ywda3q,85011d30413955dda1c106fd,5,1,kvasir-seg::cju1c4fcu40hl07992b8gj0c8
train,kvasir-seg::cju8doa16u5gh0818w1ywda3q,06194e2f3c297a4c5bcf8f5f,6,1,kvasir-seg::cju1c4fcu40hl07992b8gj0c8
train,kvasir-seg::cju8dpa89u6l80818dj6lldh9,e33240cf8a31df57676d4b84,0,1,kvasir-seg::cju1c4fcu40hl07992b8gj0c8
train,kvasir-seg::cju8dpa89u6l80818dj6lldh9,47bdb65137448743b8e49baa,1,1,kvasir-seg::cju1c4fcu40hl07992b8gj0c8
train,kvasir-seg::cju8dpa89u6l80818dj6lldh9,31391cd29f3b0fbcdcf4fdc7,2,1,kvasir-seg::cju1c4fcu40hl07992b8gj0c8
train,kvasir-seg::cju8dpa89u6l80818dj6lldh9,d5e0e6855b26d9e70958b8f5,3,1,kvasir-seg::cju1c4fcu40hl07992b8gj0c8
train,kvasir-seg::cju8dpa89u6l80818dj6lldh9,7f50e11664798b562de5254b,4,1,kvasir-seg::cju1c4fcu40hl07992b8gj0c8
train,kvasir-seg::cju8dpa89u6l80818dj6lldh9,8eabce771579a1205b4eae9c,5,1,kvasir-seg::cju1c4fcu40hl07992b8gj0c8
train,kvasir-seg::cju8dpa89u6l80818dj6lldh9,e0caeda6f912705a111e771e,6,1,kvasir-seg::cju1c4fcu40hl07992b8gj0c8
train,kvasir-seg::cju8dqkrqu83i0818ev74qpxq,193d325ab7d81b9242e57fa0,0,6,kvasir-seg::cju7aklv31h4309871m29l4e7
train,kvasir-seg::cju8dqkrqu83i0818ev74qpxq,d2038969c2b3d693907e68b4,1,6,kvasir-seg::cju7aklv31h4309871m29l4e7
train,kvasir-seg::cju8dqkrqu83i0818ev74qpxq,a903c76d7b6f146b365268c7,2,6,kvasir-seg::cju7aklv31h4309871m29l4e7
train,kvasir-seg::cju8dqkrqu83i0818ev74qpxq,50c901d6b48ed368b3983876,3,6,kvasir-seg::cju7aklv31h4309871m29l4e7
train,kvasir-seg::cju8dqkrqu83i0818ev74qpxq,a78621c580b2eb66bd0a4464,4,6,kvasir-seg::cju7aklv31h4309871m29l4e7
train,kvasir-seg::cju8dqkrqu83i0818ev74qpxq,4503c4549f938ae21d426c14,5,6,kvasir-seg::cju7aklv31h4309871m29l4e7
train,kvasir-seg::cju8dqkrqu83i0818ev74qpxq,eaf2429a85ff5ea5751ee3c7,6,6,kvasir-seg::cju7aklv31h4309871m29l4e7
train,kvasir-seg::cjyzjzssvd8pq0838f4nolj5l,1e8e85117c17cf1f40d161e6,0,1,kvasir-seg::cju1c4fcu40hl07992b8gj0c8
train,kvasir-seg::cjyzjzssvd8pq0838f4nolj5l,912bd6f49a4fb82e59cadc2b,1,1,kvasir-seg::cju1c4fcu40hl07992b8gj0c8
train,kvasir-seg::cjyzjzssvd8pq0838f4nolj5l,49b229cb7a21cd753922363f,2,1,kvasir-seg::cju1c4fcu40hl07992b8gj0c8
train,kvasir-seg::cjyzjzssvd8pq0838f4nolj5l,a619a3481f3c271dedf7ad0b,3,1,kvasir-seg::cju1c4fcu40hl07992b8gj0c8
train,kvasir-seg::cjyzjzssvd8pq0838f4nolj5l,85d40deb4185c6eecbf51a78,4,1,kvasir-seg::cju1c4fcu40hl07992b8gj0c8
train,kvasir-seg::cjyzjzssvd8pq0838f4nolj5l,2df89d0dfa749cb8d4617426,5,1,kvasir-seg::cju1c4fcu40hl07992b8gj0c8
train,kvasir-seg::cjyzjzssvd8pq0838f4nolj5l,cf2f8cc6ace92d712a9fc03c,6,1,kvasir-seg::cju1c4fcu40hl07992b8gj0c8
train,kvasir-seg::cjyzkmjy8evns070165gf9dmq,644e08c09844531701fc7d28,0,1,kvasir-seg::cju1c4fcu40hl07992b8gj0c8
train,kvasir-seg::cjyzkmjy8evns070165gf9dmq,5f22f56837236b6941aa615c,1,1,kvasir-seg::cju1c4fcu40hl07992b8gj0c8
train,kvasir-seg::cjyzkmjy8evns070165gf9dmq,c4c02d7b318766d9a5601923,2,1,kvasir-seg::cju1c4fcu40hl07992b8gj0c8
train,kvasir-seg::cjyzkmjy8evns070165gf9dmq,bbb6f6619e8ca1fe28177491,3,1,kvasir-seg::cju1c4fcu40hl07992b8gj0c8
train,kvasir-seg::cjyzkmjy8evns070165gf9dmq,3d9925f75aacce64c81b9609,4,1,kvasir-seg::cju1c4fcu40hl07992b8gj0c8
train,kvasir-seg::cjyzkmjy8evns070165gf9dmq,e0f00ca103064d894def7d4f,5,1,kvasir-seg::cju1c4fcu40hl07992b8gj0c8
train,kvasir-seg::cjyzkmjy8evns070165gf9dmq,5bcfbc5b32a2f37953246697,6,1,kvasir-seg::cju1c4fcu40hl07992b8gj0c8
train,kvasir-seg::cjyzl833ndne80838pzuq6ila,63fe40ffa4f212cb60e4ed88,0,1,kvasir-seg::cju1c4fcu40hl07992b8gj0c8
train,kvasir-seg::cjyzl833ndne80838pzuq6ila,e9ddab828f9c33e15bc4ef88,1,1,kvasir-seg::cju1c4fcu40hl07992b8gj0c8
train,kvasir-seg::cjyzl833ndne80838pzuq6ila,b7e3e3610cb99868fe08d568,2,1,kvasir-seg::cju1c4fcu40hl07992b8gj0c8
train,kvasir-seg::cjyzl833ndne80838pzuq6ila,f3cea160e839af6dd00e2247,3,1,kvasir-seg::cju1c4fcu40hl07992b8gj0c8
train,kvasir-seg::cjyzl833ndne80838pzuq6ila,1d140b6eef975f4ff175d6f9,4,1,kvasir-seg::cju1c4fcu40hl07992b8gj0c8
train,kvasir-seg::cjyzl833ndne80838pzuq6ila,84a6e7a7c6258060c59e78f7,5,1,kvasir-seg::cju1c4fcu40hl07992b8gj0c8
train,kvasir-seg::cjyzl833ndne80838pzuq6ila,16a5ac611c4d2629d3b661fb,6,1,kvasir-seg::cju1c4fcu40hl07992b8gj0c8
train,kvasir-seg::cjyzlw7f9faqr070129au64sq,2c6a7417dc61e0d914fe7344,0,1,kvasir-seg::cju1c4fcu40hl07992b8gj0c8
train,kvasir-seg::cjyzlw7f9faqr070129au64sq,dcdb7736483066dea33eba20,1,1,kvasir-seg::cju1c4fcu40hl07992b8gj0c8
train,kvasir-seg::cjyzlw7f9faqr070129au64sq,02b47631b45ad83c636f77eb,2,1,kvasir-seg::cju1c4fcu40hl07992b8gj0c8
train,kvasir-seg::cjyzlw7f9faqr070129au64sq,fa45710b63eb52dccfa58c89,3,1,kvasir-seg::cju1c4fcu40hl07992b8gj0c8
train,kvasir-seg::cjyzlw7f9faqr070129au64sq,f703e3ec9d7445e1053b0175,4,1,kvasir-seg::cju1c4fcu40hl07992b8gj0c8
train,kvasir-seg::cjyzlw7f9faqr070129au64sq,16b81e0a3c22f90d049f7e99,5,1,kvasir-seg::cju1c4fcu40hl07992b8gj0c8
train,kvasir-seg::cjyzlw7f9faqr070129au64sq,d8c3d602d3e504be8bcc756b,6,1,kvasir-seg::cju1c4fcu40hl07992b8gj0c8
train,kvasir-seg::cjyzu3reghjya0794w7pwoi50,1e8f5d1e0479bf680ceeedda,0,6,kvasir-seg::cju7aklv31h4309871m29l4e7
train,kvasir-seg::cjyzu3reghjya0794w7pwoi50,52a57d63d42285046d95393d,1,6,kvasir-seg::cju7aklv31h4309871m29l4e7
train,kvasir-seg::cjyzu3reghjya0794w7pwoi50,bf484434b149be0b912ffdb2,2,6,kvasir-seg::cju7aklv31h4309871m29l4e7
train,kvasir-seg::cjyzu3reghjya0794w7pwoi50,10d2c5f07248c1dabe1da9a4,3,6,kvasir-seg::cju7aklv31h4309871m29l4e7
train,kvasir-seg::cjyzu3reghjya0794w7pwoi50,fc49b0a57916d24f864b20dc,4,6,kvasir-seg::cju7aklv31h4309871m29l4e7
train,kvasir-seg::cjyzu3reghjya0794w7pwoi50,638c894802ada481b8de2b1a,5,6,kvasir-seg::cju7aklv31h4309871m29l4e7
train,kvasir-seg::cjyzu3reghjya0794w7pwoi50,f81750fd36a11f20df5c745c,6,6,kvasir-seg::cju7aklv31h4309871m29l4e7
train,kvasir-seg::cjyzu9th0qt4r0a46pyl4zik0,50aec6c61156505d7de6ed9a,0,1,kvasir-seg::cju1c4fcu40hl07992b8gj0c8
train,kvasir-seg::cjyzu9th0qt4r0a46pyl4zik0,6e6f98ee5eba825362c280e1,1,1,kvasir-seg::cju1c4fcu40hl07992b8gj0c8
train,kvasir-seg::cjyzu9th0qt4r0a46pyl4zik0,e0c4c11006ac70d3dacab946,2,1,kvasir-seg::cju1c4fcu40hl07992b8gj0c8
train,kvasir-seg::cjyzu9th0qt4r0a46pyl4zik0,08947f709aad7e612ba23d00,3,1,kvasir-seg::cju1c4fcu40hl07992b8gj0c8
train,kvasir-seg::cjyzu9th0qt4r0a46pyl4zik0,c6deede6abd98671b2936b22,4,1,kvasir-seg::cju1c4fcu40hl07992b8gj0c8
train,kvasir-seg::cjyzu9th0qt4r0a46pyl4zik0,30273bddb857743d8ced3910,5,1,kvasir-seg::cju1c4fcu40hl07992b8gj0c8
train,kvasir-seg::cjyzu9th0qt4r0a46pyl4zik0,cc65370f50c8df90429ed91a,6,1,kvasir-seg::cju1c4fcu40hl07992b8gj0c8
train,kvasir-seg::cjyzufihqquiw0a46jatrbwln,bda058f202cac9dfe217383c,0,1,kvasir-seg::cju1c4fcu40hl07992b8gj0c8
train,kvasir-seg::cjyzufihqquiw0a46jatrbwln,cb8bb4445c2a3c28106324b8,1,1,kvasir-seg::cju1c4fcu40hl07992b8gj0c8
train,kvasir-seg::cjyzufihqquiw0a46jatrbwln,d4273a2b80636cd2b27de8d7,2,1,kvasir-seg::cju1c4fcu40hl07992b8gj0c8
train,kvasir-seg::cjyzufihqquiw0a46jatrbwln,36a19b84e53123954968958f,3,1,kvasir-seg::cju1c4fcu40hl07992b8gj0c8
train,kvasir-seg::cjyzufihqquiw0a46jatrbwln,79906616dc340b3785c32080,4,1,kvasir-seg::cju1c4fcu40hl07992b8gj0c8
train,kvasir-seg::cjyzufihqquiw0a46jatrbwln,58c46a549dfab02fa77e7cd3,5,1,kvasir-seg::cju1c4fcu40hl07992b8gj0c8
train,kvasir-seg::cjyzufihqquiw0a46jatrbwln,34a8ea355a7d586439ea5789,6,1,kvasir-seg::cju1c4fcu40hl07992b8gj0c8
train,kvasir-seg::cjyzuio1qgh040763k56deohv,fc5a5aa2b14fb2e68d65f424,0,3,kvasir-seg::cju34ymm8d6700799uop0cw33
train,kvasir-seg::cjyzuio1qgh040763k56deohv,07a1df179021ce0c82aaa632,1,3,kvasir-seg::cju34ymm8d6700799uop0cw33
train,kvasir-seg::cjyzuio1qgh040763k56deohv,6edd88a236463d8ad21e12ef,2,3,kvasir-seg::cju34ymm8d6700799uop0cw33
train,kvasir-seg::cjyzuio1qgh040763k56deohv,ceebfe6585fc74779221d349,3,3,kvasir-seg::cju34ymm8d6700799uop0cw33
train,kvasir-seg::cjyzuio1qgh040763k56deohv,e5fbaeef2a1f0542b68646aa,4,3,kvasir-seg::cju34ymm8d6700799uop0cw33
train,kvasir-seg::cjyzuio1qgh040763k56deohv,dfeb15697a2e9a339e59e43e,5,3,kvasir-seg::cju34ymm8d6700799uop0cw33
train,kvasir-seg::cjyzuio1qgh040763k56deohv,bf4ce2e173e1a01bb5ffad20,6,3,kvasir-seg::cju34ymm8d6700799uop0cw33
train,kvasir-seg::cjyzul1qggwwj07216mhiv5sy,bfa7803abcfe90a1dffe364f,0,6,kvasir-seg::cju7aklv31h4309871m29l4e7
train,kvasir-seg::cjyzul1qggwwj07216mhiv5sy,0ece173b2dfaa6997ef83569,1,6,kvasir-seg::cju7aklv31h4309871m29l4e7
train,kvasir-seg::cjyzul1qggwwj07216mhiv5sy,199c8c03d2e9c2063df47f79,2,6,kvasir-seg::cju7aklv31h4309871m29l4e7
train,kvasir-seg::cjyzul1qggwwj07216mhiv5sy,7fdb1db3115479255279502b,3,6,kvasir-seg::cju7aklv31h4309871m29l4e7
train,kvasir-seg::cjyzul1qggwwj07216mhiv5sy,9e316202729d76ed8e692778,4,6,kvasir-seg::cju7aklv31h4309871m29l4e7
train,kvasir-seg::cjyzul1qggwwj07216mhiv5sy,4cb9b0dc16b3d86174411900,5,6,kvasir-seg::cju7aklv31h4309871m29l4e7
train,kvasir-seg::cjyzul1qggwwj07216mhiv5sy,b6612a69ac18bf0bd019f56e,6,6,kvasir-seg::cju7aklv31h4309871m29l4e7
train,kvasir-seg::cjyzurzvohqnr0794es1itzek,e10b8686d059e2d8d798d325,0,6,kvasir-seg::cju7aklv31h4309871m29l4e7
train,kvasir-seg::cjyzurzvohqnr0794es1itzek,af8c2ffcf6ea2bc97207f9ff,1,6,kvasir-seg::cju7aklv31h4309871m29l4e7
train,kvasir-seg::cjyzurzvohqnr0794es1itzek,331f895bafe4393c91bdba5c,2,6,kvasir-seg::cju7aklv31h4309871m29l4e7
train,kvasir-seg::cjyzurzvohqnr0794es1itzek,1a703678ae5abba006f0d720,3,6,kvasir-seg::cju7aklv31h4309871m29l4e7
train,kvasir-seg::cjyzurzvohqnr0794es1itzek,15201247ebd0819b8199b13e,4,6,kvasir-seg::cju7aklv31h4309871m29l4e7
train,kvasir-seg::cjyzurzvohqnr0794es1itzek,caf194ac69327263ca79f9e5,5,6,kvasir-seg::cju7aklv31h4309871m29l4e7
train,kvasir-seg::cjyzurzvohqnr0794es1itzek,6a2c5fd7ac2dcbb13c5b659f,6,6,kvasir-seg::cju7aklv31h4309871m29l4e7
train,kvasir-seg::cjz14qsk2wci60794un9ozwmw,2cdf48f5100a3763d46bad12,0,6,kvasir-seg::cju7aklv31h4309871m29l4e7
train,kvasir-seg::cjz14qsk2wci60794un9ozwmw,b2c6d167b76e61759c562729,1,6,kvasir-seg::cju7aklv31h4309871m29l4e7
train,kvasir-seg::cjz14qsk2wci60794un9ozwmw,45a22d069709c1d29705a041,2,6,kvasir-seg::cju7aklv31h4309871m29l4e7
train,kvasir-seg::cjz14qsk2wci60794un9ozwmw,7b963c9e4d7001b9e13729a7,3,6,kvasir-seg::cju7aklv31h4309871m29l4e7
train,kvasir-seg::cjz14qsk2wci60794un9ozwmw,a995c473aa76b3473f92f9bb,4,6,kvasir-seg::cju7aklv31h4309871m29l4e7
train,kvasir-seg::cjz14qsk2wci60794un9ozwmw,8d1ee35ad48ea5257d417d9d,5,6,kvasir-seg::cju7aklv31h4309871m29l4e7
train,kvasir-seg::cjz14qsk2wci60794un9ozwmw,17e8c95455d83d90b9e781ee,6,6,kvasir-seg::cju7aklv31h4309871m29l4e7
train,kvasir-seg::ck2395w2mb4vu07480otsu6tw,f65d11403865c507e5567c2f,0,1,kvasir-seg::cju1c4fcu40hl07992b8gj0c8
train,kvasir-seg::ck2395w2mb4vu07480otsu6tw,79b340ec72cda692bee17f8f,1,1,kvasir-seg::cju1c4fcu40hl07992b8gj0c8
train,kvasir-seg::ck2395w2mb4vu07480otsu6tw,5d54033b0c1ef6cdf4b63f15,2,1,kvasir-seg::cju1c4fcu40hl07992b8gj0c8
train,kvasir-seg::ck2395w2mb4vu07480otsu6tw,d031bf919a18baa5dec16bd6,3,1,kvasir-seg::cju1c4fcu40hl07992b8gj0c8
train,kvasir-seg::ck2395w2mb4vu07480otsu6tw,16d4e49a3a01f0a7b08bcf0b,4,1,kvasir-seg::cju1c4fcu40hl07992b8gj0c8
train,kvasir-seg::ck2395w2mb4vu07480otsu6tw,b99ccad980620e9ecad2c21c,5,1,kvasir-seg::cju1c4fcu40hl07992b8gj0c8
train,kvasir-seg::ck2395w2mb4vu07480otsu6tw,71ee3326a1d9690505b99750,6,1,kvasir-seg::cju1c4fcu40hl07992b8gj0c8
train,kvasir-seg::ck2bxiswtxuw80838qkisqjwz,d3181fabf83f9d07b0e02d4e,0,1,kvasir-seg::cju1c4fcu40hl07992b8gj0c8
train,kvasir-seg::ck2bxiswtxuw80838qkisqjwz,20e75518a9eea04b7b935cf8,1,1,kvasir-seg::cju1c4fcu40hl07992b8gj0c8
train,kvasir-seg::ck2bxiswtxuw80838qkisqjwz,a052066c2bdaabeee5b1960f,2,1,kvasir-seg::cju1c4fcu40hl07992b8gj0c8
train,kvasir-seg::ck2bxiswtxuw80838qkisqjwz,159a8b9cb4892cb54a6b7766,3,1,kvasir-seg::cju1c4fcu40hl07992b8gj0c8
train,kvasir-seg::ck2bxiswtxuw80838qkisqjwz,7a52f61d299a4eb69ef5c7cf,4,1,kvasir-seg::cju1c4fcu40hl07992b8gj0c8
train,kvasir-seg::ck2bxiswtxuw80838qkisqjwz,b66bbce96ec3c4ea780ae4b6,5,1,kvasir-seg::cju1c4fcu40hl07992b8gj0c8
train,kvasir-seg::ck2bxiswtxuw80838qkisqjwz,48e7d5055bd3af4a344e2104,6,1,kvasir-seg::cju1c4fcu40hl07992b8gj0c8
train,kvasir-seg::ck2bxknhjvs1x0794iogrq49k,38e8866a9a4e71565403c767,0,5,kvasir-seg::cju5cu8qkb84x08186jwo8yin
train,kvasir-seg::ck2bxknhjvs1x0794iogrq49k,2a8d5a06a27c9968cfa786ed,1,1,kvasir-seg::cju1c4fcu40hl07992b8gj0c8
train,kvasir-seg::ck2bxknhjvs1x0794iogrq49k,baf1672ed069bfbd2a6103b2,2,1,kvasir-seg::cju1c4fcu40hl07992b8gj0c8
train,kvasir-seg::ck2bxknhjvs1x0794iogrq49k,f8a4d6ef02a33aae16247bb6,3,1,kvasir-seg::cju1c4fcu40hl07992b8gj0c8
train,kvasir-seg::ck2bxknhjvs1x0794iogrq49k,5ef7919cb7c508c0fd9fdd36,4,1,kvasir-seg::cju1c4fcu40hl07992b8gj0c8
train,kvasir-seg::ck2bxknhjvs1x0794iogrq49k,73f75fc2ad9e7412c53e1c2e,5,1,kvasir-seg::cju1c4fcu40hl07992b8gj0c8
train,kvasir-seg::ck2bxknhjvs1x0794iogrq49k,42ac9b890277a0e395d32ca0,6,1,kvasir-seg::cju1c4fcu40hl07992b8gj0c8
train,kvasir-seg::ck2bxlujamu330725szlc2jdu,f9df5ef6215355fdae3f5316,0,6,kvasir-seg::cju7aklv31h4309871m29l4e7
train,kvasir-seg::ck2bxlujamu330725szlc2jdu,1e417bfdfc96a1d6c5bf2767,1,6,kvasir-seg::cju7aklv31h4309871m29l4e7
train,kvasir-seg::ck2bxlujamu330725szlc2jdu,549e24a523b9984326757486,2,6,kvasir-seg::cju7aklv31h4309871m29l4e7
train,kvasir-seg::ck2bxlujamu330725szlc2jdu,796004200f20efc9c41b6434,3,6,kvasir-seg::cju7aklv31h4309871m29l4e7
train,kvasir-seg::ck2bxlujamu330725szlc2jdu,33003eb1c4a3cd05f6ce579e,4,6,kvasir-seg::cju7aklv31h4309871m29l4e7
train,kvasir-seg::ck2bxlujamu330725szlc2jdu,760b6feeaa6f7cd263df7441,5,6,kvasir-seg::cju7aklv31h4309871m29l4e7
train,kvasir-seg::ck2bxlujamu330725szlc2jdu,adfd1c058ee12ed34ea2c67a,6,6,kvasir-seg::cju7aklv31h4309871m29l4e7
train,kvasir-seg::ck2bxpfgxu2mk0748gsh7xelu,fc7d955e4b9a80c9927caece,0,7,kvasir-seg::cju8bj2ssrmlm0871gc2ug2rs
train,kvasir-seg::ck2bxpfgxu2mk0748gsh7xelu,88ca1fa7e725006ecc2b8274,1,1,kvasir-seg::cju1c4fcu40hl07992b8gj0c8
train,kvasir-seg::ck2bxpfgxu2mk0748gsh7xelu,a49583ec4e9e4fb522bbf329,2,1,kvasir-seg::cju1c4fcu40hl07992b8gj0c8
train,kvasir-seg::ck2bxpfgxu2mk0748gsh7xelu,87d101fc3457522ca9f10fc6,3,1,kvasir-seg::cju1c4fcu40hl07992b8gj0c8
train,kvasir-seg::ck2bxpfgxu2mk0748gsh7xelu,83dd5ecb8685623b31d1890a,4,1,kvasir-seg::cju1c4fcu40hl07992b8gj0c8
train,kvasir-seg::ck2bxpfgxu2mk0748gsh7xelu,e405453c66b46e13c2d6498d,5,1,kvasir-seg::cju1c4fcu40hl07992b8gj0c8
train,kvasir-seg::ck2bxpfgxu2mk0748gsh7xelu,516248381c37e40b7c94990d,6,1,kvasir-seg::cju1c4fcu40hl07992b8gj0c8
train,kvasir-seg::ck2bxqz3evvg20794iiyv5v2m,04c54925fa1b9d5afbc42b04,0,1,kvasir-seg::cju1c4fcu40hl07992b8gj0c8
train,kvasir-seg::ck2bxqz3evvg20794iiyv5v2m,ea55509b75c000a387006411,1,1,kvasir-seg::cju1c4fcu40hl07992b8gj0c8
train,kvasir-seg::ck2bxqz3evvg20794iiyv5v2m,10fa675c57dfef46e8689d73,2,1,kvasir-seg::cju1c4fcu40hl07992b8gj0c8
train,kvasir-seg::ck2bxqz3evvg20794iiyv5v2m,ccaa8f8b173cd2117283d879,3,1,kvasir-seg::cju1c4fcu40hl07992b8gj0c8
train,kvasir-seg::ck2bxqz3evvg20794iiyv5v2m,fd91f2866c13ee2e52b11d46,4,1,kvasir-seg::cju1c4fcu40hl07992b8gj0c8
train,kvasir-seg::ck2bxqz3evvg20794iiyv5v2m,7e23f0dde2328920d7356604,5,1,kvasir-seg::cju1c4fcu40hl07992b8gj0c8
train,kvasir-seg::ck2bxqz3evvg20794iiyv5v2m,def1471884bb88ca60d737c5,6,1,kvasir-seg::cju1c4fcu40hl07992b8gj0c8
train,kvasir-seg::ck2bxw18mmz1k0725litqq2mc,0444fc84e554c293333b4864,0,1,kvasir-seg::cju1c4fcu40hl07992b8gj0c8
train,kvasir-seg::ck2bxw18mmz1k0725litqq2mc,fab7aad8f1717c659a94c891,1,1,kvasir-seg::cju1c4fcu40hl07992b8gj0c8
train,kvasir-seg::ck2bxw18mmz1k0725litqq2mc,a70f011eccdbd719ce34379f,2,1,kvasir-seg::cju1c4fcu40hl07992b8gj0c8
train,kvasir-seg::ck2bxw18mmz1k0725litqq2mc,1c0a74a552a0c3aa0890897f,3,1,kvasir-seg::cju1c4fcu40hl07992b8gj0c8
train,kvasir-seg::ck2bxw18mmz1k0725litqq2mc,1588b874568f1aed6ec9a000,4,1,kvasir-seg::cju1c4fcu40hl07992b8gj0c8
train,kvasir-seg::ck2bxw18mmz1k0725litqq2mc,7b1e126c3bfe5a08c3145710,5,1,kvasir-seg::cju1c4fcu40hl07992b8gj0c8
train,kvasir-seg::ck2bxw18mmz1k0725litqq2mc,c5ff92da044b9e913ec532c8,6,1,kvasir-seg::cju1c4fcu40hl07992b8gj0c8
train,kvasir-seg::ck2da7fwcjfis07218r1rvm95,f7bdcc44c2eea5822f795839,0,8,kvasir-seg::cjyzkpsbjdsjq07211dfi4sru
train,kvasir-seg::ck2da7fwcjfis07218r1rvm95,170c777cab4e3c982ed01ef3,1,8,kvasir-seg::cjyzkpsbjdsjq07211dfi4sru
train,kvasir-seg::ck2da7fwcjfis07218r1rvm95,fa7e50a2e928dece1ef9fa9e,2,8,kvasir-seg::cjyzkpsbjdsjq07211dfi4sru
train,kvasir-seg::ck2da7fwcjfis07218r1rvm95,6322fcbd97851c62b30080b7,3,8,kvasir-seg::cjyzkpsbjdsjq07211dfi4sru
train,kvasir-seg::ck2da7fwcjfis07218r1rvm95,7fd13ca235445ba3809b4a42,4,8,kvasir-seg::cjyzkpsbjdsjq07211dfi4sru
train,kvasir-seg::ck2da7fwcjfis07218r1rvm95,b4166c11c035974c80b6702d,5,8,kvasir-seg::cjyzkpsbjdsjq07211dfi4sru
train,kvasir-seg::ck2da7fwcjfis07218r1rvm95,85d6917b7211aa623c8b8aac,6,8,kvasir-seg::cjyzkpsbjdsjq07211dfi4sru
validation,kvasir-seg::cju0s2a9ekvms080138tjjpxr,56c231f19fa2a83bd919f5a1,0,1,kvasir-seg::cju1c4fcu40hl07992b8gj0c8
validation,kvasir-seg::cju0s2a9ekvms080138tjjpxr,1385ca6ae8f2b16cb73eca0f,1,1,kvasir-seg::cju1c4fcu40hl07992b8gj0c8
validation,kvasir-seg::cju0s2a9ekvms080138tjjpxr,5363338cdae4d2f330263913,2,1,kvasir-seg::cju1c4fcu40hl07992b8gj0c8
validation,kvasir-seg::cju0s2a9ekvms080138tjjpxr,4064cd510d3fe98c5e1b74bf,3,1,kvasir-seg::cju1c4fcu40hl07992b8gj0c8
validation,kvasir-seg::cju0s2a9ekvms080138tjjpxr,e3c6de3ff551d043f4d8f418,4,1,kvasir-seg::cju1c4fcu40hl07992b8gj0c8
validation,kvasir-seg::cju0s2a9ekvms080138tjjpxr,c48476a588283289f6aef7cf,5,1,kvasir-seg::cju1c4fcu40hl07992b8gj0c8
validation,kvasir-seg::cju0s2a9ekvms080138tjjpxr,a606acc84cbdb8f29490ee8a,6,1,kvasir-seg::cju1c4fcu40hl07992b8gj0c8
validation,kvasir-seg::cju1cj3f0qi5n0993ut8f49rj,61ecfe7ab8d5250008b0128c,0,1,kvasir-seg::cju1c4fcu40hl07992b8gj0c8
validation,kvasir-seg::cju1cj3f0qi5n0993ut8f49rj,af2885f9452549f61b108342,1,1,kvasir-seg::cju1c4fcu40hl07992b8gj0c8
validation,kvasir-seg::cju1cj3f0qi5n0993ut8f49rj,bfbe7b1d017b711fdbdf239e,2,1,kvasir-seg::cju1c4fcu40hl07992b8gj0c8
validation,kvasir-seg::cju1cj3f0qi5n0993ut8f49rj,85a5efd1ae79b4c3509d7ac6,3,1,kvasir-seg::cju1c4fcu40hl07992b8gj0c8
validation,kvasir-seg::cju1cj3f0qi5n0993ut8f49rj,ba780f15bebb7e9adee325e6,4,1,kvasir-seg::cju1c4fcu40hl07992b8gj0c8
validation,kvasir-seg::cju1cj3f0qi5n0993ut8f49rj,231b884b92b4529b6b684c8a,5,1,kvasir-seg::cju1c4fcu40hl07992b8gj0c8
validation,kvasir-seg::cju1cj3f0qi5n0993ut8f49rj,5ce4046b2e0167081e1558a1,6,1,kvasir-seg::cju1c4fcu40hl07992b8gj0c8
validation,kvasir-seg::cju1csmlc4ht10799b8ymmghg,2d6a6f2614d8550d325fe01f,0,5,kvasir-seg::cju5cu8qkb84x08186jwo8yin
validation,kvasir-seg::cju1csmlc4ht10799b8ymmghg,17800f9dcc7bb0e565f4aaf7,1,5,kvasir-seg::cju5cu8qkb84x08186jwo8yin
validation,kvasir-seg::cju1csmlc4ht10799b8ymmghg,ff7dc88e1b11b090b198bac8,2,5,kvasir-seg::cju5cu8qkb84x08186jwo8yin
validation,kvasir-seg::cju1csmlc4ht10799b8ymmghg,3c943efac28e4ac3d00ecaec,3,5,kvasir-seg::cju5cu8qkb84x08186jwo8yin
validation,kvasir-seg::cju1csmlc4ht10799b8ymmghg,0e42f49380e405dbd8582c5a,4,5,kvasir-seg::cju5cu8qkb84x08186jwo8yin
validation,kvasir-seg::cju1csmlc4ht10799b8ymmghg,96a5645805c39123127cb5a3,5,5,kvasir-seg::cju5cu8qkb84x08186jwo8yin
validation,kvasir-seg::cju1csmlc4ht10799b8ymmghg,5b5f0a682fb0884cf6c80067,6,5,kvasir-seg::cju5cu8qkb84x08186jwo8yin
validation,kvasir-seg::cju1cu1u2474n0878tt7v4tdr,31443e2b65434b0e33020450,0,3,kvasir-seg::cju34ymm8d6700799uop0cw33
validation,kvasir-seg::cju1cu1u2474n0878tt7v4tdr,a7a91c8b8237b5d391f2b25c,1,3,kvasir-seg::cju34ymm8d6700799uop0cw33
validation,kvasir-seg::cju1cu1u2474n0878tt7v4tdr,3bead527ba920eeb86689f35,2,3,kvasir-seg::cju34ymm8d6700799uop0cw33
validation,kvasir-seg::cju1cu1u2474n0878tt7v4tdr,9b3007157825d7def7464a60,3,3,kvasir-seg::cju34ymm8d6700799uop0cw33
validation,kvasir-seg::cju1cu1u2474n0878tt7v4tdr,ceb6bb653c65c128d1597a5a,4,3,kvasir-seg::cju34ymm8d6700799uop0cw33
validation,kvasir-seg::cju1cu1u2474n0878tt7v4tdr,564510ed377b3909e9db56ce,5,3,kvasir-seg::cju34ymm8d6700799uop0cw33
validation,kvasir-seg::cju1cu1u2474n0878tt7v4tdr,69bd83e564ede41dacba5a15,6,3,kvasir-seg::cju34ymm8d6700799uop0cw33
validation,kvasir-seg::cju1d96gsv62d09881b3wecw2,6fea3b2a752e3bb132eb82fc,0,1,kvasir-seg::cju1c4fcu40hl07992b8gj0c8
validation,kvasir-seg::cju1d96gsv62d09881b3wecw2,08d58ed6e40da13729cdfb88,1,1,kvasir-seg::cju1c4fcu40hl07992b8gj0c8
validation,kvasir-seg::cju1d96gsv62d09881b3wecw2,fdab0d0e0aac37cee1ae7eee,2,1,kvasir-seg::cju1c4fcu40hl07992b8gj0c8
validation,kvasir-seg::cju1d96gsv62d09881b3wecw2,313cec9990a12cb29c8514e7,3,1,kvasir-seg::cju1c4fcu40hl07992b8gj0c8
validation,kvasir-seg::cju1d96gsv62d09881b3wecw2,6c5cc87c44e1e618e9cdebea,4,1,kvasir-seg::cju1c4fcu40hl07992b8gj0c8
validation,kvasir-seg::cju1d96gsv62d09881b3wecw2,03b4ec5616d8b56535a3396c,5,1,kvasir-seg::cju1c4fcu40hl07992b8gj0c8
validation,kvasir-seg::cju1d96gsv62d09881b3wecw2,b6aee2dbadcbd7ba58c2082b,6,1,kvasir-seg::cju1c4fcu40hl07992b8gj0c8
validation,kvasir-seg::cju1djtprvd7b0988thwwrg09,b85bdc071a1e37ad1117f3c8,0,2,kvasir-seg::cju2pmhtr17a00855cvpelzb0
validation,kvasir-seg::cju1djtprvd7b0988thwwrg09,8acae2041cb0e349a021eb8c,1,2,kvasir-seg::cju2pmhtr17a00855cvpelzb0
validation,kvasir-seg::cju1djtprvd7b0988thwwrg09,27728b8d120a6b9f2b83108a,2,2,kvasir-seg::cju2pmhtr17a00855cvpelzb0
validation,kvasir-seg::cju1djtprvd7b0988thwwrg09,e431491483d2599f0a142032,3,2,kvasir-seg::cju2pmhtr17a00855cvpelzb0
validation,kvasir-seg::cju1djtprvd7b0988thwwrg09,31cd22938250135437d0b927,4,2,kvasir-seg::cju2pmhtr17a00855cvpelzb0
validation,kvasir-seg::cju1djtprvd7b0988thwwrg09,1dd9b700487b7a023420fed3,5,2,kvasir-seg::cju2pmhtr17a00855cvpelzb0
validation,kvasir-seg::cju1djtprvd7b0988thwwrg09,b9917d8686774e291cfa81c3,6,2,kvasir-seg::cju2pmhtr17a00855cvpelzb0
validation,kvasir-seg::cju1euuc65wm00799m4sjdnnn,1719a474d74601547f542603,0,2,kvasir-seg::cju2pmhtr17a00855cvpelzb0
validation,kvasir-seg::cju1euuc65wm00799m4sjdnnn,d8c8dd93411f19006cc3c50e,1,2,kvasir-seg::cju2pmhtr17a00855cvpelzb0
validation,kvasir-seg::cju1euuc65wm00799m4sjdnnn,536614263cc3efed46905c88,2,2,kvasir-seg::cju2pmhtr17a00855cvpelzb0
validation,kvasir-seg::cju1euuc65wm00799m4sjdnnn,76572632ca657aada2180180,3,2,kvasir-seg::cju2pmhtr17a00855cvpelzb0
validation,kvasir-seg::cju1euuc65wm00799m4sjdnnn,0a7d22ca2f987fc711772afe,4,2,kvasir-seg::cju2pmhtr17a00855cvpelzb0
validation,kvasir-seg::cju1euuc65wm00799m4sjdnnn,c1037f11ae9d5f1e59dc9dd5,5,2,kvasir-seg::cju2pmhtr17a00855cvpelzb0
validation,kvasir-seg::cju1euuc65wm00799m4sjdnnn,07011b363fc5f408d74b025e,6,2,kvasir-seg::cju2pmhtr17a00855cvpelzb0
validation,kvasir-seg::cju1ewnoh5z030855vpex9uzt,16aa8453041dd58030eef97e,0,1,kvasir-seg::cju1c4fcu40hl07992b8gj0c8
validation,kvasir-seg::cju1ewnoh5z030855vpex9uzt,a9ce0a9cee968cd8b8e4697a,1,1,kvasir-seg::cju1c4fcu40hl07992b8gj0c8
validation,kvasir-seg::cju1ewnoh5z030855vpex9uzt,139da78e64f3f7f0adc62c2e,2,1,kvasir-seg::cju1c4fcu40hl07992b8gj0c8
validation,kvasir-seg::cju1ewnoh5z030855vpex9uzt,5916f09580a3b2ec5b37d1b1,3,1,kvasir-seg::cju1c4fcu40hl07992b8gj0c8
validation,kvasir-seg::cju1ewnoh5z030855vpex9uzt,9ac0d129fe6d38de4fe24323,4,1,kvasir-seg::cju1c4fcu40hl07992b8gj0c8
validation,kvasir-seg::cju1ewnoh5z030855vpex9uzt,f79587a16c1cd29de60809a3,5,1,kvasir-seg::cju1c4fcu40hl07992b8gj0c8
validation,kvasir-seg::cju1ewnoh5z030855vpex9uzt,2b175dc35699f4fdd574fb35,6,1,kvasir-seg::cju1c4fcu40hl07992b8gj0c8
validation,kvasir-seg::cju1fmsyf6gxb0801cimx2gle,652d051d9984612b8ec95fba,0,1,kvasir-seg::cju1c4fcu40hl07992b8gj0c8
validation,kvasir-seg::cju1fmsyf6gxb0801cimx2gle,7a1793ca7c7666faaea55cf0,1,1,kvasir-seg::cju1c4fcu40hl07992b8gj0c8
validation,kvasir-seg::cju1fmsyf6gxb0801cimx2gle,dfa42724ca7a90f535866717,2,1,kvasir-seg::cju1c4fcu40hl07992b8gj0c8
validation,kvasir-seg::cju1fmsyf6gxb0801cimx2gle,e0abd010640d941a4ae41d15,3,1,kvasir-seg::cju1c4fcu40hl07992b8gj0c8
validation,kvasir-seg::cju1fmsyf6gxb0801cimx2gle,c320de76d8762e50bbe139be,4,1,kvasir-seg::cju1c4fcu40hl07992b8gj0c8
validation,kvasir-seg::cju1fmsyf6gxb0801cimx2gle,d2a31b0f6e994f6441b280a9,5,1,kvasir-seg::cju1c4fcu40hl07992b8gj0c8
validation,kvasir-seg::cju1fmsyf6gxb0801cimx2gle,ef9dd7ca7c37bb718a1b2942,6,1,kvasir-seg::cju1c4fcu40hl07992b8gj0c8
validation,kvasir-seg::cju1fyb1d69et0878muzdak9u,a3aaaa5165aa8a3944875dbb,0,1,kvasir-seg::cju1c4fcu40hl07992b8gj0c8
validation,kvasir-seg::cju1fyb1d69et0878muzdak9u,a47fc40ad11ea91c357b60f9,1,1,kvasir-seg::cju1c4fcu40hl07992b8gj0c8
validation,kvasir-seg::cju1fyb1d69et0878muzdak9u,24af0b232c0f4c523c2d3a80,2,1,kvasir-seg::cju1c4fcu40hl07992b8gj0c8
validation,kvasir-seg::cju1fyb1d69et0878muzdak9u,78fa087275c1017241b3098a,3,1,kvasir-seg::cju1c4fcu40hl07992b8gj0c8
validation,kvasir-seg::cju1fyb1d69et0878muzdak9u,73b50d68503e1d8577641ecf,4,1,kvasir-seg::cju1c4fcu40hl07992b8gj0c8
validation,kvasir-seg::cju1fyb1d69et0878muzdak9u,88a67dc9919165b72d080c7b,5,1,kvasir-seg::cju1c4fcu40hl07992b8gj0c8
validation,kvasir-seg::cju1fyb1d69et0878muzdak9u,4387b8dbd90fe3db4a5f7c76,6,1,kvasir-seg::cju1c4fcu40hl07992b8gj0c8
validation,kvasir-seg::cju2htabevq9108015qjei0x7,5df97438381b04e9cb714807,0,1,kvasir-seg::cju1c4fcu40hl07992b8gj0c8
validation,kvasir-seg::cju2htabevq9108015qjei0x7,edd7193d4661daf8a1ec471b,1,1,kvasir-seg::cju1c4fcu40hl07992b8gj0c8
validation,kvasir-seg::cju2htabevq9108015qjei0x7,ab66be5f5a344b1ee447cd04,2,1,kvasir-seg::cju1c4fcu40hl07992b8gj0c8
validation,kvasir-seg::cju2htabevq9108015qjei0x7,4b23f070a859aae17b226ab0,3,1,kvasir-seg::cju1c4fcu40hl07992b8gj0c8
validation,kvasir-seg::cju2htabevq9108015qjei0x7,fdebd7d802056476ef3d4aed,4,1,kvasir-seg::cju1c4fcu40hl07992b8gj0c8
validation,kvasir-seg::cju2htabevq9108015qjei0x7,1511f56bdb97617677cc0c35,5,1,kvasir-seg::cju1c4fcu40hl07992b8gj0c8
validation,kvasir-seg::cju2htabevq9108015qjei0x7,470007d9186391b96b9c4f9a,6,1,kvasir-seg::cju1c4fcu40hl07992b8gj0c8
validation,kvasir-seg::cju2nyc5f02m40801ojqbtiea,96fb63149718901bd0518e15,0,2,kvasir-seg::cju2pmhtr17a00855cvpelzb0
validation,kvasir-seg::cju2nyc5f02m40801ojqbtiea,f150efa9f5dd9f8537b5dcd1,1,2,kvasir-seg::cju2pmhtr17a00855cvpelzb0
validation,kvasir-seg::cju2nyc5f02m40801ojqbtiea,4b176cb635e64f03c6c47297,2,2,kvasir-seg::cju2pmhtr17a00855cvpelzb0
validation,kvasir-seg::cju2nyc5f02m40801ojqbtiea,83f734fcb4b89ed8f6dfc0a7,3,2,kvasir-seg::cju2pmhtr17a00855cvpelzb0
validation,kvasir-seg::cju2nyc5f02m40801ojqbtiea,07bd5423745c3d2b41ae2c11,4,2,kvasir-seg::cju2pmhtr17a00855cvpelzb0
validation,kvasir-seg::cju2nyc5f02m40801ojqbtiea,9a9bbfa4fe89f155c8d57e3c,5,2,kvasir-seg::cju2pmhtr17a00855cvpelzb0
validation,kvasir-seg::cju2nyc5f02m40801ojqbtiea,1b066a5ee13c7d47bc5e0349,6,2,kvasir-seg::cju2pmhtr17a00855cvpelzb0
validation,kvasir-seg::cju2pag1f0s4r0878h52uq83s,c64e41c78f9197f1acc93f86,0,1,kvasir-seg::cju1c4fcu40hl07992b8gj0c8
validation,kvasir-seg::cju2pag1f0s4r0878h52uq83s,5f58ab11650cc2e9b7e82642,1,1,kvasir-seg::cju1c4fcu40hl07992b8gj0c8
validation,kvasir-seg::cju2pag1f0s4r0878h52uq83s,c0b38ac94da95890ca244892,2,1,kvasir-seg::cju1c4fcu40hl07992b8gj0c8
validation,kvasir-seg::cju2pag1f0s4r0878h52uq83s,633b8b30e600d38f5b7d4b44,3,1,kvasir-seg::cju1c4fcu40hl07992b8gj0c8
validation,kvasir-seg::cju2pag1f0s4r0878h52uq83s,28ad69ee6dc6570ca3664809,4,1,kvasir-seg::cju1c4fcu40hl07992b8gj0c8
validation,kvasir-seg::cju2pag1f0s4r0878h52uq83s,8128fb07e1b100bf6f29494f,5,1,kvasir-seg::cju1c4fcu40hl07992b8gj0c8
validation,kvasir-seg::cju2pag1f0s4r0878h52uq83s,aae8f75a593a69cd56e3a06b,6,1,kvasir-seg::cju1c4fcu40hl07992b8gj0c8
validation,kvasir-seg::cju2qfie4rvz508357kad9z5o,0422940125d7caa1e0d4ef95,0,6,kvasir-seg::cju7aklv31h4309871m29l4e7
validation,kvasir-seg::cju2qfie4rvz508357kad9z5o,b1fcb16ae9cbe557d1d61db9,1,1,kvasir-seg::cju1c4fcu40hl07992b8gj0c8
validation,kvasir-seg::cju2qfie4rvz508357kad9z5o,0264d45ff675a70a97ccbcbf,2,6,kvasir-seg::cju7aklv31h4309871m29l4e7
validation,kvasir-seg::cju2qfie4rvz508357kad9z5o,4f5de939a28e32b1e8ae2e03,3,6,kvasir-seg::cju7aklv31h4309871m29l4e7
validation,kvasir-seg::cju2qfie4rvz508357kad9z5o,69c41cb73a06692e4c86a73b,4,6,kvasir-seg::cju7aklv31h4309871m29l4e7
validation,kvasir-seg::cju2qfie4rvz508357kad9z5o,67543324a26a761ce450fd0a,5,6,kvasir-seg::cju7aklv31h4309871m29l4e7
validation,kvasir-seg::cju2qfie4rvz508357kad9z5o,8419c2bc5553d3257624b62b,6,6,kvasir-seg::cju7aklv31h4309871m29l4e7
validation,kvasir-seg::cju2t2ivz43i10878zeg8r1br,ad5338180ac1c32cd7a0bd67,0,6,kvasir-seg::cju7aklv31h4309871m29l4e7
validation,kvasir-seg::cju2t2ivz43i10878zeg8r1br,57bf856bc26fa69ee4b409e8,1,6,kvasir-seg::cju7aklv31h4309871m29l4e7
validation,kvasir-seg::cju2t2ivz43i10878zeg8r1br,745aa2f7896ee2865b88953d,2,6,kvasir-seg::cju7aklv31h4309871m29l4e7
validation,kvasir-seg::cju2t2ivz43i10878zeg8r1br,dccc635e6504c6e00a915fe1,3,6,kvasir-seg::cju7aklv31h4309871m29l4e7
validation,kvasir-seg::cju2t2ivz43i10878zeg8r1br,2c990d0d239946f6468c1e7d,4,6,kvasir-seg::cju7aklv31h4309871m29l4e7
validation,kvasir-seg::cju2t2ivz43i10878zeg8r1br,23af16f1db25811ceb362cab,5,6,kvasir-seg::cju7aklv31h4309871m29l4e7
validation,kvasir-seg::cju2t2ivz43i10878zeg8r1br,0d7496cffbf3f5dec85e909d,6,6,kvasir-seg::cju7aklv31h4309871m29l4e7
validation,kvasir-seg::cju2tzypl4wss0799ow05oxb9,e64b909294b034e7de1194c4,0,1,kvasir-seg::cju1c4fcu40hl07992b8gj0c8
validation,kvasir-seg::cju2tzypl4wss0799ow05oxb9,9bb315d237828f73aafcd3e6,1,1,kvasir-seg::cju1c4fcu40hl07992b8gj0c8
validation,kvasir-seg::cju2tzypl4wss0799ow05oxb9,b643815e2825b96709c26d25,2,1,kvasir-seg::cju1c4fcu40hl07992b8gj0c8
validation,kvasir-seg::cju2tzypl4wss0799ow05oxb9,14427b4a0037a4a5aad1a1de,3,1,kvasir-seg::cju1c4fcu40hl07992b8gj0c8
validation,kvasir-seg::cju2tzypl4wss0799ow05oxb9,d19d80d797dd019b6acd6a16,4,1,kvasir-seg::cju1c4fcu40hl07992b8gj0c8
validation,kvasir-seg::cju2tzypl4wss0799ow05oxb9,d50e422fe588ab9efcc8abd8,5,1,kvasir-seg::cju1c4fcu40hl07992b8gj0c8
validation,kvasir-seg::cju2tzypl4wss0799ow05oxb9,e537f37519ec782c7a223a9b,6,1,kvasir-seg::cju1c4fcu40hl07992b8gj0c8
validation,kvasir-seg::cju2uzabhs6er0993x3aaf87p,ab88419131dbafb9c9d4733e,0,1,kvasir-seg::cju1c4fcu40hl07992b8gj0c8
validation,kvasir-seg::cju2uzabhs6er0993x3aaf87p,e0c03fad83c978a4891ec9fb,1,1,kvasir-seg::cju1c4fcu40hl07992b8gj0c8
validation,kvasir-seg::cju2uzabhs6er0993x3aaf87p,b56829f5697c24c6e72229b4,2,1,kvasir-seg::cju1c4fcu40hl07992b8gj0c8
validation,kvasir-seg::cju2uzabhs6er0993x3aaf87p,8618fdbaaebd5ba4439c7dae,3,1,kvasir-seg::cju1c4fcu40hl07992b8gj0c8
validation,kvasir-seg::cju2uzabhs6er0993x3aaf87p,216e6155fcf74044dc5dd75a,4,1,kvasir-seg::cju1c4fcu40hl07992b8gj0c8
validation,kvasir-seg::cju2uzabhs6er0993x3aaf87p,7b2f02a839be89d087c48567,5,1,kvasir-seg::cju1c4fcu40hl07992b8gj0c8
validation,kvasir-seg::cju2uzabhs6er0993x3aaf87p,aa2f86b380bc591b098be477,6,1,kvasir-seg::cju1c4fcu40hl07992b8gj0c8
validation,kvasir-seg::cju2wve9v7esz0878mxsdcy04,b1787aeea5100fd53fcd8157,0,5,kvasir-seg::cju5cu8qkb84x08186jwo8yin
validation,kvasir-seg::cju2wve9v7esz0878mxsdcy04,15c77788bf90db9f1f5ffc36,1,5,kvasir-seg::cju5cu8qkb84x08186jwo8yin
validation,kvasir-seg::cju2wve9v7esz0878mxsdcy04,9e571ed780812a09c0d5c1d8,2,5,kvasir-seg::cju5cu8qkb84x08186jwo8yin
validation,kvasir-seg::cju2wve9v7esz0878mxsdcy04,1f65585b35b956f0afbd2ac5,3,5,kvasir-seg::cju5cu8qkb84x08186jwo8yin
validation,kvasir-seg::cju2wve9v7esz0878mxsdcy04,cd40b9a9596f9f3d698960de,4,5,kvasir-seg::cju5cu8qkb84x08186jwo8yin
validation,kvasir-seg::cju2wve9v7esz0878mxsdcy04,787edfa0a0defb00e415229d,5,5,kvasir-seg::cju5cu8qkb84x08186jwo8yin
validation,kvasir-seg::cju2wve9v7esz0878mxsdcy04,dcedcd6b4738a35863f23aa3,6,5,kvasir-seg::cju5cu8qkb84x08186jwo8yin
validation,kvasir-seg::cju2y26c588bo07993ksd8eoz,5c6f52fc8b9f83e2b0ef85cd,0,2,kvasir-seg::cju2pmhtr17a00855cvpelzb0
validation,kvasir-seg::cju2y26c588bo07993ksd8eoz,b1ce654242e008b181ce65b6,1,2,kvasir-seg::cju2pmhtr17a00855cvpelzb0
validation,kvasir-seg::cju2y26c588bo07993ksd8eoz,e63e530331ea7d17496d3cd1,2,2,kvasir-seg::cju2pmhtr17a00855cvpelzb0
validation,kvasir-seg::cju2y26c588bo07993ksd8eoz,b944d9fb69a6fc23c43b5884,3,2,kvasir-seg::cju2pmhtr17a00855cvpelzb0
validation,kvasir-seg::cju2y26c588bo07993ksd8eoz,f1f1bde31cc1f816a02893bc,4,2,kvasir-seg::cju2pmhtr17a00855cvpelzb0
validation,kvasir-seg::cju2y26c588bo07993ksd8eoz,1ec699bd2b6dcb97fefb1544,5,2,kvasir-seg::cju2pmhtr17a00855cvpelzb0
validation,kvasir-seg::cju2y26c588bo07993ksd8eoz,37cb6fbba30901ed36c6c3cf,6,2,kvasir-seg::cju2pmhtr17a00855cvpelzb0
validation,kvasir-seg::cju2yi9tz8vky0801yqip0xyl,485e9cd5f7993454eea4c11e,0,1,kvasir-seg::cju1c4fcu40hl07992b8gj0c8
validation,kvasir-seg::cju2yi9tz8vky0801yqip0xyl,aca1406cf3f141fc66df9747,1,1,kvasir-seg::cju1c4fcu40hl07992b8gj0c8
validation,kvasir-seg::cju2yi9tz8vky0801yqip0xyl,af46818e0daf0a8408fe8b5a,2,1,kvasir-seg::cju1c4fcu40hl07992b8gj0c8
validation,kvasir-seg::cju2yi9tz8vky0801yqip0xyl,3305df75ddc46f81760f269a,3,1,kvasir-seg::cju1c4fcu40hl07992b8gj0c8
validation,kvasir-seg::cju2yi9tz8vky0801yqip0xyl,cdaaa80eb4046662c797af51,4,1,kvasir-seg::cju1c4fcu40hl07992b8gj0c8
validation,kvasir-seg::cju2yi9tz8vky0801yqip0xyl,15282f939fd4756963c2fd79,5,1,kvasir-seg::cju1c4fcu40hl07992b8gj0c8
validation,kvasir-seg::cju2yi9tz8vky0801yqip0xyl,8423ba7dfe26be1b8ce62b46,6,1,kvasir-seg::cju1c4fcu40hl07992b8gj0c8
validation,kvasir-seg::cju2zo0fwzv580988qlijd2xa,01eb9cfad0d3b06632b3c54f,0,6,kvasir-seg::cju7aklv31h4309871m29l4e7
validation,kvasir-seg::cju2zo0fwzv580988qlijd2xa,209eadbe84067a954e2ee9d8,1,6,kvasir-seg::cju7aklv31h4309871m29l4e7
validation,kvasir-seg::cju2zo0fwzv580988qlijd2xa,6315c864116c04487f69bba0,2,6,kvasir-seg::cju7aklv31h4309871m29l4e7
validation,kvasir-seg::cju2zo0fwzv580988qlijd2xa,11ae11785c0a5946f29f78f9,3,6,kvasir-seg::cju7aklv31h4309871m29l4e7
validation,kvasir-seg::cju2zo0fwzv580988qlijd2xa,2a2ad5bf74c8b84c7fe0740e,4,6,kvasir-seg::cju7aklv31h4309871m29l4e7
validation,kvasir-seg::cju2zo0fwzv580988qlijd2xa,39c69a2d13f1de93df60bfa7,5,6,kvasir-seg::cju7aklv31h4309871m29l4e7
validation,kvasir-seg::cju2zo0fwzv580988qlijd2xa,7c03de79cbbcfd6eade492aa,6,6,kvasir-seg::cju7aklv31h4309871m29l4e7
validation,kvasir-seg::cju2zpw4q9vzr0801p0lysjdl,e46acbede1339b26a2024323,0,1,kvasir-seg::cju1c4fcu40hl07992b8gj0c8
validation,kvasir-seg::cju2zpw4q9vzr0801p0lysjdl,aeb546222569a00d11b00db0,1,1,kvasir-seg::cju1c4fcu40hl07992b8gj0c8
validation,kvasir-seg::cju2zpw4q9vzr0801p0lysjdl,86fa45e463d6e6802511d2d4,2,1,kvasir-seg::cju1c4fcu40hl07992b8gj0c8
validation,kvasir-seg::cju2zpw4q9vzr0801p0lysjdl,51cd2a15f199d4617d301fc2,3,1,kvasir-seg::cju1c4fcu40hl07992b8gj0c8
validation,kvasir-seg::cju2zpw4q9vzr0801p0lysjdl,154f34dedfbff0ccf77dc733,4,1,kvasir-seg::cju1c4fcu40hl07992b8gj0c8
validation,kvasir-seg::cju2zpw4q9vzr0801p0lysjdl,d676d658b703157ec0825dbf,5,1,kvasir-seg::cju1c4fcu40hl07992b8gj0c8
validation,kvasir-seg::cju2zpw4q9vzr0801p0lysjdl,67ac1b426d723c1062650f94,6,1,kvasir-seg::cju1c4fcu40hl07992b8gj0c8
validation,kvasir-seg::cju303j5r062k098835zxfds5,0ff75d6cc2dba77170efb5ca,0,6,kvasir-seg::cju7aklv31h4309871m29l4e7
validation,kvasir-seg::cju303j5r062k098835zxfds5,1e807fee1d8f8a1b321bcdd2,1,6,kvasir-seg::cju7aklv31h4309871m29l4e7
validation,kvasir-seg::cju303j5r062k098835zxfds5,c5a526a34be8548dcfb56526,2,6,kvasir-seg::cju7aklv31h4309871m29l4e7
validation,kvasir-seg::cju303j5r062k098835zxfds5,5a698b13f9d7e0a06842adf0,3,6,kvasir-seg::cju7aklv31h4309871m29l4e7
validation,kvasir-seg::cju303j5r062k098835zxfds5,fa7e48ef041e135854154e1d,4,6,kvasir-seg::cju7aklv31h4309871m29l4e7
validation,kvasir-seg::cju303j5r062k098835zxfds5,dfa01ffb29631dd285385fb5,5,6,kvasir-seg::cju7aklv31h4309871m29l4e7
validation,kvasir-seg::cju303j5r062k098835zxfds5,83cd3049ec6103f31f5f6fe5,6,6,kvasir-seg::cju7aklv31h4309871m29l4e7
validation,kvasir-seg::cju30mm25a53s0799qa5wiqe8,fccd5341ff204825110ffe5b,0,1,kvasir-seg::cju1c4fcu40hl07992b8gj0c8
validation,kvasir-seg::cju30mm25a53s0799qa5wiqe8,1f902304f94c1ca23d057f2b,1,1,kvasir-seg::cju1c4fcu40hl07992b8gj0c8
validation,kvasir-seg::cju30mm25a53s0799qa5wiqe8,9c05be4339560d4f4dedb364,2,1,kvasir-seg::cju1c4fcu40hl07992b8gj0c8
validation,kvasir-seg::cju30mm25a53s0799qa5wiqe8,3eca5d057015dd86b4141a5d,3,1,kvasir-seg::cju1c4fcu40hl07992b8gj0c8
validation,kvasir-seg::cju30mm25a53s0799qa5wiqe8,a00beabd29598a69925bbfc0,4,1,kvasir-seg::cju1c4fcu40hl07992b8gj0c8
validation,kvasir-seg::cju30mm25a53s0799qa5wiqe8,a947d4aeafd3de88e9778a92,5,1,kvasir-seg::cju1c4fcu40hl07992b8gj0c8
validation,kvasir-seg::cju30mm25a53s0799qa5wiqe8,30955155c90a1fc637177438,6,1,kvasir-seg::cju1c4fcu40hl07992b8gj0c8
validation,kvasir-seg::cju3128yi0rpu0988o4oo5n8n,aa9dbdaf5b28c1f58a1b3294,0,6,kvasir-seg::cju7aklv31h4309871m29l4e7
validation,kvasir-seg::cju3128yi0rpu0988o4oo5n8n,ff9984fe542e8a944af389a3,1,6,kvasir-seg::cju7aklv31h4309871m29l4e7
validation,kvasir-seg::cju3128yi0rpu0988o4oo5n8n,90483b7b9deea5755dd1c48c,2,6,kvasir-seg::cju7aklv31h4309871m29l4e7
validation,kvasir-seg::cju3128yi0rpu0988o4oo5n8n,ecfead99a12daa11597f8b83,3,6,kvasir-seg::cju7aklv31h4309871m29l4e7
validation,kvasir-seg::cju3128yi0rpu0988o4oo5n8n,6589306354a6ac7c51a2dfed,4,6,kvasir-seg::cju7aklv31h4309871m29l4e7
validation,kvasir-seg::cju3128yi0rpu0988o4oo5n8n,2fbcdcb899fa5795f6ea7a44,5,6,kvasir-seg::cju7aklv31h4309871m29l4e7
validation,kvasir-seg::cju3128yi0rpu0988o4oo5n8n,1db13ed1f9731e03bcf5f625,6,6,kvasir-seg::cju7aklv31h4309871m29l4e7
validation,kvasir-seg::cju32qr9tbvsj08013pkpjenq,1fe8c3d67d347460e01a2b9d,0,1,kvasir-seg::cju1c4fcu40hl07992b8gj0c8
validation,kvasir-seg::cju32qr9tbvsj08013pkpjenq,f6a4ff1e4e5b3256cdd06c2b,1,1,kvasir-seg::cju1c4fcu40hl07992b8gj0c8
validation,kvasir-seg::cju32qr9tbvsj08013pkpjenq,78058b10c3e8bffba2d2d635,2,1,kvasir-seg::cju1c4fcu40hl07992b8gj0c8
validation,kvasir-seg::cju32qr9tbvsj08013pkpjenq,3fe42e4ae391af1592b490f2,3,1,kvasir-seg::cju1c4fcu40hl07992b8gj0c8
validation,kvasir-seg::cju32qr9tbvsj08013pkpjenq,50f281572512cc888955f4cf,4,1,kvasir-seg::cju1c4fcu40hl07992b8gj0c8
validation,kvasir-seg::cju32qr9tbvsj08013pkpjenq,a62b235e1b30f58255f69f14,5,1,kvasir-seg::cju1c4fcu40hl07992b8gj0c8
validation,kvasir-seg::cju32qr9tbvsj08013pkpjenq,5618d95fbeec9347a6db4caa,6,1,kvasir-seg::cju1c4fcu40hl07992b8gj0c8
validation,kvasir-seg::cju32srle1xfq083575i3fl75,3cd65ff5ae7fb1fcac1579fd,0,5,kvasir-seg::cju5cu8qkb84x08186jwo8yin
validation,kvasir-seg::cju32srle1xfq083575i3fl75,4e9cd1a15ef721a1cd31edac,1,5,kvasir-seg::cju5cu8qkb84x08186jwo8yin
validation,kvasir-seg::cju32srle1xfq083575i3fl75,ab03ef8b9cd639b100fef240,2,5,kvasir-seg::cju5cu8qkb84x08186jwo8yin
validation,kvasir-seg::cju32srle1xfq083575i3fl75,eabe2c771b9d0a9e5ae7f8b8,3,5,kvasir-seg::cju5cu8qkb84x08186jwo8yin
validation,kvasir-seg::cju32srle1xfq083575i3fl75,27d956bad39999b420b8e711,4,5,kvasir-seg::cju5cu8qkb84x08186jwo8yin
validation,kvasir-seg::cju32srle1xfq083575i3fl75,8234b20ad2b65952344b3da4,5,5,kvasir-seg::cju5cu8qkb84x08186jwo8yin
validation,kvasir-seg::cju32srle1xfq083575i3fl75,65e56d5d92e5fe6804ca85c8,6,5,kvasir-seg::cju5cu8qkb84x08186jwo8yin
validation,kvasir-seg::cju33x0f22peh0988g0ln7w5v,cf0aa1d5dc0768c9adad5e57,0,1,kvasir-seg::cju1c4fcu40hl07992b8gj0c8
validation,kvasir-seg::cju33x0f22peh0988g0ln7w5v,3d7207caab0b4c7e0ba5df5f,1,1,kvasir-seg::cju1c4fcu40hl07992b8gj0c8
validation,kvasir-seg::cju33x0f22peh0988g0ln7w5v,858fbd1f97b212c87ba01cd7,2,1,kvasir-seg::cju1c4fcu40hl07992b8gj0c8
validation,kvasir-seg::cju33x0f22peh0988g0ln7w5v,b29205c41388e560c188f444,3,1,kvasir-seg::cju1c4fcu40hl07992b8gj0c8
validation,kvasir-seg::cju33x0f22peh0988g0ln7w5v,206bc6ffd21cf2842daef484,4,1,kvasir-seg::cju1c4fcu40hl07992b8gj0c8
validation,kvasir-seg::cju33x0f22peh0988g0ln7w5v,f3fa41de3c06782bec0178ab,5,1,kvasir-seg::cju1c4fcu40hl07992b8gj0c8
validation,kvasir-seg::cju33x0f22peh0988g0ln7w5v,7f862c33c12840f7631b5951,6,1,kvasir-seg::cju1c4fcu40hl07992b8gj0c8
validation,kvasir-seg::cju34fojcctcf0799ebolbvkn,0e4b003d33d141f2b6e85dba,0,3,kvasir-seg::cju34ymm8d6700799uop0cw33
validation,kvasir-seg::cju34fojcctcf0799ebolbvkn,10bd9c495b0792335efa00ff,1,3,kvasir-seg::cju34ymm8d6700799uop0cw33
validation,kvasir-seg::cju34fojcctcf0799ebolbvkn,865ce45dcee7a51615ad10a8,2,3,kvasir-seg::cju34ymm8d6700799uop0cw33
validation,kvasir-seg::cju34fojcctcf0799ebolbvkn,6f09e2a1efe274676a4beb6c,3,3,kvasir-seg::cju34ymm8d6700799uop0cw33
validation,kvasir-seg::cju34fojcctcf0799ebolbvkn,8998de6edb8faa0a728e7891,4,3,kvasir-seg::cju34ymm8d6700799uop0cw33
validation,kvasir-seg::cju34fojcctcf0799ebolbvkn,d504d9534f77b395afc7d042,5,3,kvasir-seg::cju34ymm8d6700799uop0cw33
validation,kvasir-seg::cju34fojcctcf0799ebolbvkn,b76b564842b30c0f5bf8c04c,6,3,kvasir-seg::cju34ymm8d6700799uop0cw33
validation,kvasir-seg::cju358pwtdby20878cg7nm0np,c7bb4d739c516ef8f94bf4b5,0,1,kvasir-seg::cju1c4fcu40hl07992b8gj0c8
validation,kvasir-seg::cju358pwtdby20878cg7nm0np,d3941423075c60c48b96f102,1,1,kvasir-seg::cju1c4fcu40hl07992b8gj0c8
validation,kvasir-seg::cju358pwtdby20878cg7nm0np,bc41050639ad9270315675cb,2,1,kvasir-seg::cju1c4fcu40hl07992b8gj0c8
validation,kvasir-seg::cju358pwtdby20878cg7nm0np,6ec89243f360457819202b1a,3,1,kvasir-seg::cju1c4fcu40hl07992b8gj0c8
validation,kvasir-seg::cju358pwtdby20878cg7nm0np,89ba906f1dcccfc8c3dc6714,4,1,kvasir-seg::cju1c4fcu40hl07992b8gj0c8
validation,kvasir-seg::cju358pwtdby20878cg7nm0np,93b43c94f09a6d6c5762a41e,5,1,kvasir-seg::cju1c4fcu40hl07992b8gj0c8
validation,kvasir-seg::cju358pwtdby20878cg7nm0np,5c8088378dfe11783742f270,6,1,kvasir-seg::cju1c4fcu40hl07992b8gj0c8
validation,kvasir-seg::cju35fxqyzt5p0993vusm54qz,9d532ca808df262098d9e51f,0,1,kvasir-seg::cju1c4fcu40hl07992b8gj0c8
validation,kvasir-seg::cju35fxqyzt5p0993vusm54qz,6b16e53bb463bf5275a612b9,1,1,kvasir-seg::cju1c4fcu40hl07992b8gj0c8
validation,kvasir-seg::cju35fxqyzt5p0993vusm54qz,f6e703b54a651d26ea20c08e,2,1,kvasir-seg::cju1c4fcu40hl07992b8gj0c8
validation,kvasir-seg::cju35fxqyzt5p0993vusm54qz,278f53149c106246239d3545,3,1,kvasir-seg::cju1c4fcu40hl07992b8gj0c8
validation,kvasir-seg::cju35fxqyzt5p0993vusm54qz,8b46cb729abb4ebfce7af233,4,1,kvasir-seg::cju1c4fcu40hl07992b8gj0c8
validation,kvasir-seg::cju35fxqyzt5p0993vusm54qz,c767eefd71ae208e166b5e20,5,1,kvasir-seg::cju1c4fcu40hl07992b8gj0c8
validation,kvasir-seg::cju35fxqyzt5p0993vusm54qz,a9ef6eae28ab355853c2ec16,6,1,kvasir-seg::cju1c4fcu40hl07992b8gj0c8
validation,kvasir-seg::cju3tx1qyg0c907552fglumhc,f5b45ebd7b06b08aa75b40f4,0,1,kvasir-seg::cju1c4fcu40hl07992b8gj0c8
validation,kvasir-seg::cju3tx1qyg0c907552fglumhc,8e7586f93d71f8861d6919e1,1,1,kvasir-seg::cju1c4fcu40hl07992b8gj0c8
validation,kvasir-seg::cju3tx1qyg0c907552fglumhc,5fe7400404c03c1045d28733,2,1,kvasir-seg::cju1c4fcu40hl07992b8gj0c8
validation,kvasir-seg::cju3tx1qyg0c907552fglumhc,7f0960f666ef83bdc47735c1,3,1,kvasir-seg::cju1c4fcu40hl07992b8gj0c8
validation,kvasir-seg::cju3tx1qyg0c907552fglumhc,c97a81e3cc4ed2a1a6718a2f,4,1,kvasir-seg::cju1c4fcu40hl07992b8gj0c8
validation,kvasir-seg::cju3tx1qyg0c907552fglumhc,dd1b7687ac47d23e160be1ae,5,1,kvasir-seg::cju1c4fcu40hl07992b8gj0c8
validation,kvasir-seg::cju3tx1qyg0c907552fglumhc,f529c762757fdf408b6dbb12,6,1,kvasir-seg::cju1c4fcu40hl07992b8gj0c8
validation,kvasir-seg::cju3u39fog1bo0871lxjrabks,8fbd2ee63d8e3f3fd49471b9,0,6,kvasir-seg::cju7aklv31h4309871m29l4e7
validation,kvasir-seg::cju3u39fog1bo0871lxjrabks,797f41dad6058d3f34f1eb26,1,6,kvasir-seg::cju7aklv31h4309871m29l4e7
validation,kvasir-seg::cju3u39fog1bo0871lxjrabks,4a8f77bb089d1d0f620bc09e,2,6,kvasir-seg::cju7aklv31h4309871m29l4e7
validation,kvasir-seg::cju3u39fog1bo0871lxjrabks,f35f56ebc03114a5d1ab95e0,3,6,kvasir-seg::cju7aklv31h4309871m29l4e7
validation,kvasir-seg::cju3u39fog1bo0871lxjrabks,177073ffcde3b0f3275785d1,4,6,kvasir-seg::cju7aklv31h4309871m29l4e7
validation,kvasir-seg::cju3u39fog1bo0871lxjrabks,8c9002573ec190e6fce20dbe,5,6,kvasir-seg::cju7aklv31h4309871m29l4e7
validation,kvasir-seg::cju3u39fog1bo0871lxjrabks,452d5828c9237e905a63997d,6,6,kvasir-seg::cju7aklv31h4309871m29l4e7
validation,kvasir-seg::cju3x2s11ibzi0817kk284k0j,24192e6130c263fd8d6401bb,0,1,kvasir-seg::cju1c4fcu40hl07992b8gj0c8
validation,kvasir-seg::cju3x2s11ibzi0817kk284k0j,22d9085a25086f824ff33f6c,1,1,kvasir-seg::cju1c4fcu40hl07992b8gj0c8
validation,kvasir-seg::cju3x2s11ibzi0817kk284k0j,39020336265f0ddaf953b8ee,2,1,kvasir-seg::cju1c4fcu40hl07992b8gj0c8
validation,kvasir-seg::cju3x2s11ibzi0817kk284k0j,a94dcaf4b699372a7b0b5eee,3,1,kvasir-seg::cju1c4fcu40hl07992b8gj0c8
validation,kvasir-seg::cju3x2s11ibzi0817kk284k0j,bb738f8684cbb58c0f9a8866,4,1,kvasir-seg::cju1c4fcu40hl07992b8gj0c8
validation,kvasir-seg::cju3x2s11ibzi0817kk284k0j,e4db0c4ac35153f05ab80a48,5,1,kvasir-seg::cju1c4fcu40hl07992b8gj0c8
validation,kvasir-seg::cju3x2s11ibzi0817kk284k0j,68ffcad89b0611a1b56ad26c,6,1,kvasir-seg::cju1c4fcu40hl07992b8gj0c8
validation,kvasir-seg::cju3xjqtpikx50817tppy6g84,0711a5fbadaa3bc02645cf70,0,6,kvasir-seg::cju7aklv31h4309871m29l4e7
validation,kvasir-seg::cju3xjqtpikx50817tppy6g84,232bebfc301309858bd11744,1,6,kvasir-seg::cju7aklv31h4309871m29l4e7
validation,kvasir-seg::cju3xjqtpikx50817tppy6g84,19d33d5deaad52b77a1f19d4,2,6,kvasir-seg::cju7aklv31h4309871m29l4e7
validation,kvasir-seg::cju3xjqtpikx50817tppy6g84,9c438bde3233f3fdfe4dc3ee,3,6,kvasir-seg::cju7aklv31h4309871m29l4e7
validation,kvasir-seg::cju3xjqtpikx50817tppy6g84,9c0cda3be7e6aa3a4821c539,4,6,kvasir-seg::cju7aklv31h4309871m29l4e7
validation,kvasir-seg::cju3xjqtpikx50817tppy6g84,45cdccea18a26db732451099,5,6,kvasir-seg::cju7aklv31h4309871m29l4e7
validation,kvasir-seg::cju3xjqtpikx50817tppy6g84,e27de269a6c46ef7c7b035e7,6,6,kvasir-seg::cju7aklv31h4309871m29l4e7
validation,kvasir-seg::cju3xwpgviwlx0871rwm15q7v,383efcc034068ce6c9b22027,0,1,kvasir-seg::cju1c4fcu40hl07992b8gj0c8
validation,kvasir-seg::cju3xwpgviwlx0871rwm15q7v,c11ac893b93f22fde7d31531,1,1,kvasir-seg::cju1c4fcu40hl07992b8gj0c8
validation,kvasir-seg::cju3xwpgviwlx0871rwm15q7v,4ba0f656fbb588964d7b0ec2,2,1,kvasir-seg::cju1c4fcu40hl07992b8gj0c8
validation,kvasir-seg::cju3xwpgviwlx0871rwm15q7v,4207cb347b90171cb360d926,3,1,kvasir-seg::cju1c4fcu40hl07992b8gj0c8
validation,kvasir-seg::cju3xwpgviwlx0871rwm15q7v,a657faf6e0f8c2e5d51dcd95,4,1,kvasir-seg::cju1c4fcu40hl07992b8gj0c8
validation,kvasir-seg::cju3xwpgviwlx0871rwm15q7v,7a7a59ab55a652316ff038d6,5,1,kvasir-seg::cju1c4fcu40hl07992b8gj0c8
validation,kvasir-seg::cju3xwpgviwlx0871rwm15q7v,308a6763edf8aa75292cb13c,6,1,kvasir-seg::cju1c4fcu40hl07992b8gj0c8
validation,kvasir-seg::cju3xzvnzj0hd0755xprz39nj,e1c4d671838ac94b6ac6ae04,0,1,kvasir-seg::cju1c4fcu40hl07992b8gj0c8
validation,kvasir-seg::cju3xzvnzj0hd0755xprz39nj,062c5269e4677e27bce23f39,1,1,kvasir-seg::cju1c4fcu40hl07992b8gj0c8
validation,kvasir-seg::cju3xzvnzj0hd0755xprz39nj,65d9776ea27959e3d7a722f0,2,1,kvasir-seg::cju1c4fcu40hl07992b8gj0c8
validation,kvasir-seg::cju3xzvnzj0hd0755xprz39nj,f0eb23422ed2fe7b112ffba4,3,1,kvasir-seg::cju1c4fcu40hl07992b8gj0c8
validation,kvasir-seg::cju3xzvnzj0hd0755xprz39nj,a1669f8df77149bcb1a02014,4,1,kvasir-seg::cju1c4fcu40hl07992b8gj0c8
validation,kvasir-seg::cju3xzvnzj0hd0755xprz39nj,b0d89c208db103929659538a,5,1,kvasir-seg::cju1c4fcu40hl07992b8gj0c8
validation,kvasir-seg::cju3xzvnzj0hd0755xprz39nj,f5231579c6d4b17b0e1c9e8f,6,1,kvasir-seg::cju1c4fcu40hl07992b8gj0c8
validation,kvasir-seg::cju3yht87j83m08507yk1u1fg,e179518addf2aab052d0b538,0,1,kvasir-seg::cju1c4fcu40hl07992b8gj0c8
validation,kvasir-seg::cju3yht87j83m08507yk1u1fg,156ac60bf5fe3c89c366d095,1,1,kvasir-seg::cju1c4fcu40hl07992b8gj0c8
validation,kvasir-seg::cju3yht87j83m08507yk1u1fg,2837dc05beae253cde910937,2,1,kvasir-seg::cju1c4fcu40hl07992b8gj0c8
validation,kvasir-seg::cju3yht87j83m08507yk1u1fg,7108fb4690e2a646b16c1059,3,1,kvasir-seg::cju1c4fcu40hl07992b8gj0c8
validation,kvasir-seg::cju3yht87j83m08507yk1u1fg,0868134dae3a3a286fdbbb0c,4,1,kvasir-seg::cju1c4fcu40hl07992b8gj0c8
validation,kvasir-seg::cju3yht87j83m08507yk1u1fg,cb5d7d4e606629d339fa0eb6,5,1,kvasir-seg::cju1c4fcu40hl07992b8gj0c8
validation,kvasir-seg::cju3yht87j83m08507yk1u1fg,e98b698b5f8e589ae8fc418c,6,1,kvasir-seg::cju1c4fcu40hl07992b8gj0c8
validation,kvasir-seg::cju42g865lorv07552ytz6xxa,de75938a44fcff11f64a8249,0,6,kvasir-seg::cju7aklv31h4309871m29l4e7
validation,kvasir-seg::cju42g865lorv07552ytz6xxa,db354a1b16ac2971f3a12a6d,1,6,kvasir-seg::cju7aklv31h4309871m29l4e7
validation,kvasir-seg::cju42g865lorv07552ytz6xxa,e9e4538a1a04ab41efe56364,2,6,kvasir-seg::cju7aklv31h4309871m29l4e7
validation,kvasir-seg::cju42g865lorv07552ytz6xxa,4fd6b0aa0b91967cf857f0ba,3,6,kvasir-seg::cju7aklv31h4309871m29l4e7
validation,kvasir-seg::cju42g865lorv07552ytz6xxa,efe85f4716cc966c62f30b14,4,6,kvasir-seg::cju7aklv31h4309871m29l4e7
validation,kvasir-seg::cju42g865lorv07552ytz6xxa,554c94d0c640f6f7c20c883c,5,6,kvasir-seg::cju7aklv31h4309871m29l4e7
validation,kvasir-seg::cju42g865lorv07552ytz6xxa,6fa29e1497f4120ac4b432e6,6,6,kvasir-seg::cju7aklv31h4309871m29l4e7
validation,kvasir-seg::cju42nm68lpyo0818xvvqmupq,556f18b52ea3d869a1075111,0,1,kvasir-seg::cju1c4fcu40hl07992b8gj0c8
validation,kvasir-seg::cju42nm68lpyo0818xvvqmupq,c5dd4511580dd642f5b9e049,1,1,kvasir-seg::cju1c4fcu40hl07992b8gj0c8
validation,kvasir-seg::cju42nm68lpyo0818xvvqmupq,31460ca499a8396739b89f39,2,1,kvasir-seg::cju1c4fcu40hl07992b8gj0c8
validation,kvasir-seg::cju42nm68lpyo0818xvvqmupq,ba16ceb2a17ede80a3c3ab7e,3,1,kvasir-seg::cju1c4fcu40hl07992b8gj0c8
validation,kvasir-seg::cju42nm68lpyo0818xvvqmupq,3a5cd3e8bbc067e20c23cb7e,4,1,kvasir-seg::cju1c4fcu40hl07992b8gj0c8
validation,kvasir-seg::cju42nm68lpyo0818xvvqmupq,56cb301cdbe75e3ac4a69f38,5,1,kvasir-seg::cju1c4fcu40hl07992b8gj0c8
validation,kvasir-seg::cju42nm68lpyo0818xvvqmupq,0ca343d2d2d30f77ec3ceb45,6,1,kvasir-seg::cju1c4fcu40hl07992b8gj0c8
validation,kvasir-seg::cju42romflni20817etb9a0fl,6498693c9849c9c01860949d,0,1,kvasir-seg::cju1c4fcu40hl07992b8gj0c8
validation,kvasir-seg::cju42romflni20817etb9a0fl,d8770fd62d081380109590e3,1,1,kvasir-seg::cju1c4fcu40hl07992b8gj0c8
validation,kvasir-seg::cju42romflni20817etb9a0fl,07577ae124cb196dc31577b2,2,1,kvasir-seg::cju1c4fcu40hl07992b8gj0c8
validation,kvasir-seg::cju42romflni20817etb9a0fl,a67dc82eabaf45ded2e77462,3,1,kvasir-seg::cju1c4fcu40hl07992b8gj0c8
validation,kvasir-seg::cju42romflni20817etb9a0fl,03c782abebe8fb9a6ff15668,4,1,kvasir-seg::cju1c4fcu40hl07992b8gj0c8
validation,kvasir-seg::cju42romflni20817etb9a0fl,4e12a028709ad701dc647caa,5,1,kvasir-seg::cju1c4fcu40hl07992b8gj0c8
validation,kvasir-seg::cju42romflni20817etb9a0fl,3ab52fb422e469e75f8fa8a8,6,1,kvasir-seg::cju1c4fcu40hl07992b8gj0c8
validation,kvasir-seg::cju45n0oxn5vu08500yfrt9jn,b6b94a3558e2e6d2db4be1da,0,5,kvasir-seg::cju5cu8qkb84x08186jwo8yin
validation,kvasir-seg::cju45n0oxn5vu08500yfrt9jn,407096c4e45dbe5af675100e,1,5,kvasir-seg::cju5cu8qkb84x08186jwo8yin
validation,kvasir-seg::cju45n0oxn5vu08500yfrt9jn,c2b7a8b2ae56f6fbc8870b7d,2,5,kvasir-seg::cju5cu8qkb84x08186jwo8yin
validation,kvasir-seg::cju45n0oxn5vu08500yfrt9jn,567b16af7465709cf6336fb1,3,5,kvasir-seg::cju5cu8qkb84x08186jwo8yin
validation,kvasir-seg::cju45n0oxn5vu08500yfrt9jn,98503c0e65ef5091ff0040cf,4,5,kvasir-seg::cju5cu8qkb84x08186jwo8yin
validation,kvasir-seg::cju45n0oxn5vu08500yfrt9jn,b61f690bf6b52ef688f1cacf,5,5,kvasir-seg::cju5cu8qkb84x08186jwo8yin
validation,kvasir-seg::cju45n0oxn5vu08500yfrt9jn,11e26169516d45986de3e883,6,5,kvasir-seg::cju5cu8qkb84x08186jwo8yin
validation,kvasir-seg::cju45rj7ln8980850a7821fov,c3efcfa8f7a19b568bc9e603,0,6,kvasir-seg::cju7aklv31h4309871m29l4e7
validation,kvasir-seg::cju45rj7ln8980850a7821fov,7e55d50047cc505b23a5d0ba,1,6,kvasir-seg::cju7aklv31h4309871m29l4e7
validation,kvasir-seg::cju45rj7ln8980850a7821fov,2173cd6b7e996b537a279686,2,6,kvasir-seg::cju7aklv31h4309871m29l4e7
validation,kvasir-seg::cju45rj7ln8980850a7821fov,4d1dede877f717200d7835ef,3,6,kvasir-seg::cju7aklv31h4309871m29l4e7
validation,kvasir-seg::cju45rj7ln8980850a7821fov,2891dba6034c877b425079a2,4,6,kvasir-seg::cju7aklv31h4309871m29l4e7
validation,kvasir-seg::cju45rj7ln8980850a7821fov,f186510d45ae6fcff83bfa3e,5,6,kvasir-seg::cju7aklv31h4309871m29l4e7
validation,kvasir-seg::cju45rj7ln8980850a7821fov,2c5254ad78fb57197d0b3c08,6,6,kvasir-seg::cju7aklv31h4309871m29l4e7
validation,kvasir-seg::cju45ty6zn9oz0850qy4qnck1,f2a64ec9ca81943593dfc44a,0,3,kvasir-seg::cju34ymm8d6700799uop0cw33
validation,kvasir-seg::cju45ty6zn9oz0850qy4qnck1,3b9a2bebf7bf44de82ce06a8,1,3,kvasir-seg::cju34ymm8d6700799uop0cw33
validation,kvasir-seg::cju45ty6zn9oz0850qy4qnck1,22a35dd74105cedb364a691a,2,3,kvasir-seg::cju34ymm8d6700799uop0cw33
validation,kvasir-seg::cju45ty6zn9oz0850qy4qnck1,e77546a7a851fc69fb7b4cde,3,3,kvasir-seg::cju34ymm8d6700799uop0cw33
validation,kvasir-seg::cju45ty6zn9oz0850qy4qnck1,d753903268bf755581468f44,4,3,kvasir-seg::cju34ymm8d6700799uop0cw33
validation,kvasir-seg::cju45ty6zn9oz0850qy4qnck1,60717b141a92972da1c8094e,5,3,kvasir-seg::cju34ymm8d6700799uop0cw33
validation,kvasir-seg::cju45ty6zn9oz0850qy4qnck1,6910133f78b595cbec788874,6,3,kvasir-seg::cju34ymm8d6700799uop0cw33
validation,kvasir-seg::cju5bbtwsa8cl0987wgfsqpao,5b8c45595118a984cd9005a6,0,5,kvasir-seg::cju5cu8qkb84x08186jwo8yin
validation,kvasir-seg::cju5bbtwsa8cl0987wgfsqpao,8d929a67b05d2a744fbba624,1,5,kvasir-seg::cju5cu8qkb84x08186jwo8yin
validation,kvasir-seg::cju5bbtwsa8cl0987wgfsqpao,efc51330bf8e67c969ca49a6,2,5,kvasir-seg::cju5cu8qkb84x08186jwo8yin
validation,kvasir-seg::cju5bbtwsa8cl0987wgfsqpao,2fd91a4e289b9ef50753042e,3,5,kvasir-seg::cju5cu8qkb84x08186jwo8yin
validation,kvasir-seg::cju5bbtwsa8cl0987wgfsqpao,e9447e24a33263fe1bc884c4,4,5,kvasir-seg::cju5cu8qkb84x08186jwo8yin
validation,kvasir-seg::cju5bbtwsa8cl0987wgfsqpao,1a172076a4310a88ecc5c83b,5,5,kvasir-seg::cju5cu8qkb84x08186jwo8yin
validation,kvasir-seg::cju5bbtwsa8cl0987wgfsqpao,f6485d771220af84474268ab,6,5,kvasir-seg::cju5cu8qkb84x08186jwo8yin
validation,kvasir-seg::cju5bycdkalkb09875f7bfrvx,9ea29459924a3eeda8ad45ad,0,1,kvasir-seg::cju1c4fcu40hl07992b8gj0c8
validation,kvasir-seg::cju5bycdkalkb09875f7bfrvx,0ca9d2ca1d79b0536981238e,1,1,kvasir-seg::cju1c4fcu40hl07992b8gj0c8
validation,kvasir-seg::cju5bycdkalkb09875f7bfrvx,047a4158f4e46b588441cb77,2,1,kvasir-seg::cju1c4fcu40hl07992b8gj0c8
validation,kvasir-seg::cju5bycdkalkb09875f7bfrvx,0b948c7c1b4856fefdda69f2,3,1,kvasir-seg::cju1c4fcu40hl07992b8gj0c8
validation,kvasir-seg::cju5bycdkalkb09875f7bfrvx,d62e28506b7de6196031b80e,4,1,kvasir-seg::cju1c4fcu40hl07992b8gj0c8
validation,kvasir-seg::cju5bycdkalkb09875f7bfrvx,b3037c865ba3a2b40881a4a8,5,1,kvasir-seg::cju1c4fcu40hl07992b8gj0c8
validation,kvasir-seg::cju5bycdkalkb09875f7bfrvx,4f9ab42b6b9ec4027cd9e6b0,6,1,kvasir-seg::cju1c4fcu40hl07992b8gj0c8
validation,kvasir-seg::cju5cjh3xattc0817j2vbulzi,6b747252bfb3658505d4b956,0,1,kvasir-seg::cju1c4fcu40hl07992b8gj0c8
validation,kvasir-seg::cju5cjh3xattc0817j2vbulzi,4bd3ec9bd193d267d1a76ad6,1,1,kvasir-seg::cju1c4fcu40hl07992b8gj0c8
validation,kvasir-seg::cju5cjh3xattc0817j2vbulzi,92aafeabb5c742a72b70df9b,2,1,kvasir-seg::cju1c4fcu40hl07992b8gj0c8
validation,kvasir-seg::cju5cjh3xattc0817j2vbulzi,497b1fa1fdd5627e01b6b578,3,1,kvasir-seg::cju1c4fcu40hl07992b8gj0c8
validation,kvasir-seg::cju5cjh3xattc0817j2vbulzi,9b51e394a643a1135fa59c2b,4,1,kvasir-seg::cju1c4fcu40hl07992b8gj0c8
validation,kvasir-seg::cju5cjh3xattc0817j2vbulzi,df72b2014bf4ebad6601000e,5,1,kvasir-seg::cju1c4fcu40hl07992b8gj0c8
validation,kvasir-seg::cju5cjh3xattc0817j2vbulzi,fe329431ae361c6714030b51,6,1,kvasir-seg::cju1c4fcu40hl07992b8gj0c8
validation,kvasir-seg::cju5ekty5ckzf07550c9u3ckk,053705b4bec752dc54dff2e9,0,1,kvasir-seg::cju1c4fcu40hl07992b8gj0c8
validation,kvasir-seg::cju5ekty5ckzf07550c9u3ckk,c00c8c756e55371c121c40fc,1,1,kvasir-seg::cju1c4fcu40hl07992b8gj0c8
validation,kvasir-seg::cju5ekty5ckzf07550c9u3ckk,7c9e099244889524783c8977,2,1,kvasir-seg::cju1c4fcu40hl07992b8gj0c8
validation,kvasir-seg::cju5ekty5ckzf07550c9u3ckk,c80c6cdd045ff2bbd5403ebd,3,1,kvasir-seg::cju1c4fcu40hl07992b8gj0c8
validation,kvasir-seg::cju5ekty5ckzf07550c9u3ckk,aa3426b537851baf6ed1dcee,4,1,kvasir-seg::cju1c4fcu40hl07992b8gj0c8
validation,kvasir-seg::cju5ekty5ckzf07550c9u3ckk,cbc2fada598acb5a458cb2a3,5,1,kvasir-seg::cju1c4fcu40hl07992b8gj0c8
validation,kvasir-seg::cju5ekty5ckzf07550c9u3ckk,e006c2553ea15b96a5058317,6,1,kvasir-seg::cju1c4fcu40hl07992b8gj0c8
validation,kvasir-seg::cju5ew4h9cqaf0818rrczkmqh,17968d301a7e9852f15f59a7,0,1,kvasir-seg::cju1c4fcu40hl07992b8gj0c8
validation,kvasir-seg::cju5ew4h9cqaf0818rrczkmqh,4fd83aced31ce119df19da50,1,1,kvasir-seg::cju1c4fcu40hl07992b8gj0c8
validation,kvasir-seg::cju5ew4h9cqaf0818rrczkmqh,8e7cf877f52608239642a4b6,2,1,kvasir-seg::cju1c4fcu40hl07992b8gj0c8
validation,kvasir-seg::cju5ew4h9cqaf0818rrczkmqh,a88ed48fdc61c245d5d5efb7,3,1,kvasir-seg::cju1c4fcu40hl07992b8gj0c8
validation,kvasir-seg::cju5ew4h9cqaf0818rrczkmqh,c782339da1bd7a71cf6a9a10,4,1,kvasir-seg::cju1c4fcu40hl07992b8gj0c8
validation,kvasir-seg::cju5ew4h9cqaf0818rrczkmqh,dbd305270722953cf6fb00b7,5,1,kvasir-seg::cju1c4fcu40hl07992b8gj0c8
validation,kvasir-seg::cju5ew4h9cqaf0818rrczkmqh,f50ffe1a14ebc3c75edf3519,6,1,kvasir-seg::cju1c4fcu40hl07992b8gj0c8
validation,kvasir-seg::cju5fi0yxd3ei0801v7u0yudn,41206481fb795c72f3b7eb4f,0,1,kvasir-seg::cju1c4fcu40hl07992b8gj0c8
validation,kvasir-seg::cju5fi0yxd3ei0801v7u0yudn,33119595003b07e6620c1b96,1,1,kvasir-seg::cju1c4fcu40hl07992b8gj0c8
validation,kvasir-seg::cju5fi0yxd3ei0801v7u0yudn,730a5110302bc87669ecba1c,2,1,kvasir-seg::cju1c4fcu40hl07992b8gj0c8
validation,kvasir-seg::cju5fi0yxd3ei0801v7u0yudn,acedf60f5e1821a45d55225a,3,1,kvasir-seg::cju1c4fcu40hl07992b8gj0c8
validation,kvasir-seg::cju5fi0yxd3ei0801v7u0yudn,bd4ccfb1bb25458ccede58e8,4,1,kvasir-seg::cju1c4fcu40hl07992b8gj0c8
validation,kvasir-seg::cju5fi0yxd3ei0801v7u0yudn,7621a0726147234acf00cbf1,5,1,kvasir-seg::cju1c4fcu40hl07992b8gj0c8
validation,kvasir-seg::cju5fi0yxd3ei0801v7u0yudn,0eca9a8e71628c31c1e8063a,6,1,kvasir-seg::cju1c4fcu40hl07992b8gj0c8
validation,kvasir-seg::cju5gucasds9d0801019axylx,89adb3fbe831eb1e5911404a,0,1,kvasir-seg::cju1c4fcu40hl07992b8gj0c8
validation,kvasir-seg::cju5gucasds9d0801019axylx,e8aeb9cae96765af6405d1fe,1,1,kvasir-seg::cju1c4fcu40hl07992b8gj0c8
validation,kvasir-seg::cju5gucasds9d0801019axylx,ddd73c94d19f5acd0b7cc5b1,2,1,kvasir-seg::cju1c4fcu40hl07992b8gj0c8
validation,kvasir-seg::cju5gucasds9d0801019axylx,dea1944187277054fcb96645,3,1,kvasir-seg::cju1c4fcu40hl07992b8gj0c8
validation,kvasir-seg::cju5gucasds9d0801019axylx,9dd3bf08d77d824888c9b834,4,1,kvasir-seg::cju1c4fcu40hl07992b8gj0c8
validation,kvasir-seg::cju5gucasds9d0801019axylx,65d25cd4adbc467bff7cbacf,5,1,kvasir-seg::cju1c4fcu40hl07992b8gj0c8
validation,kvasir-seg::cju5gucasds9d0801019axylx,7ce2d688a2ede1d96bfff276,6,1,kvasir-seg::cju1c4fcu40hl07992b8gj0c8
validation,kvasir-seg::cju5hl8nee8a40755fm8qjj0o,71b29d3c6391d62f45ed5f14,0,5,kvasir-seg::cju5cu8qkb84x08186jwo8yin
validation,kvasir-seg::cju5hl8nee8a40755fm8qjj0o,542fc73ef50e4aa8867af057,1,5,kvasir-seg::cju5cu8qkb84x08186jwo8yin
validation,kvasir-seg::cju5hl8nee8a40755fm8qjj0o,28259fccddca18e14e849a3d,2,5,kvasir-seg::cju5cu8qkb84x08186jwo8yin
validation,kvasir-seg::cju5hl8nee8a40755fm8qjj0o,17a18d42560614e327e3e463,3,5,kvasir-seg::cju5cu8qkb84x08186jwo8yin
validation,kvasir-seg::cju5hl8nee8a40755fm8qjj0o,8908b4de1341a29719c29a76,4,5,kvasir-seg::cju5cu8qkb84x08186jwo8yin
validation,kvasir-seg::cju5hl8nee8a40755fm8qjj0o,49445235c536610470d4a40c,5,5,kvasir-seg::cju5cu8qkb84x08186jwo8yin
validation,kvasir-seg::cju5hl8nee8a40755fm8qjj0o,b6a114a9d4454e57f3114f1f,6,5,kvasir-seg::cju5cu8qkb84x08186jwo8yin
validation,kvasir-seg::cju5hyi9yegob0755ho3do8en,12493397bd68b9ab854f3494,0,6,kvasir-seg::cju7aklv31h4309871m29l4e7
validation,kvasir-seg::cju5hyi9yegob0755ho3do8en,df3ef63606f25c6862e6b1a0,1,6,kvasir-seg::cju7aklv31h4309871m29l4e7
validation,kvasir-seg::cju5hyi9yegob0755ho3do8en,4b312f466866f36b8ec3c994,2,6,kvasir-seg::cju7aklv31h4309871m29l4e7
validation,kvasir-seg::cju5hyi9yegob0755ho3do8en,ece915df62a865b25c5b92fc,3,6,kvasir-seg::cju7aklv31h4309871m29l4e7
validation,kvasir-seg::cju5hyi9yegob0755ho3do8en,cdea5c9e263ad87d22e49160,4,6,kvasir-seg::cju7aklv31h4309871m29l4e7
validation,kvasir-seg::cju5hyi9yegob0755ho3do8en,da62f167e3787d1a9eb1e877,5,6,kvasir-seg::cju7aklv31h4309871m29l4e7
validation,kvasir-seg::cju5hyi9yegob0755ho3do8en,f08d0a566e2b5c0c0cca9e98,6,6,kvasir-seg::cju7aklv31h4309871m29l4e7
validation,kvasir-seg::cju5i39mreass0817au8p22zy,a5641f7c47691681f054cba5,0,1,kvasir-seg::cju1c4fcu40hl07992b8gj0c8
validation,kvasir-seg::cju5i39mreass0817au8p22zy,20a897cd3ac30581409232bb,1,1,kvasir-seg::cju1c4fcu40hl07992b8gj0c8
validation,kvasir-seg::cju5i39mreass0817au8p22zy,3875e09624ccfaaf27e888f7,2,1,kvasir-seg::cju1c4fcu40hl07992b8gj0c8
validation,kvasir-seg::cju5i39mreass0817au8p22zy,37f335e1e7de90aa4e5ef947,3,1,kvasir-seg::cju1c4fcu40hl07992b8gj0c8
validation,kvasir-seg::cju5i39mreass0817au8p22zy,213d3958431cf949cf89b325,4,1,kvasir-seg::cju1c4fcu40hl07992b8gj0c8
validation,kvasir-seg::cju5i39mreass0817au8p22zy,496ceb195e7ef2f710761feb,5,1,kvasir-seg::cju1c4fcu40hl07992b8gj0c8
validation,kvasir-seg::cju5i39mreass0817au8p22zy,09254ef99f62f74a37dc81e0,6,1,kvasir-seg::cju1c4fcu40hl07992b8gj0c8
validation,kvasir-seg::cju5k3j3uf6de0817hszzfr7n,fe86b514822abf61df55b088,0,2,kvasir-seg::cju2pmhtr17a00855cvpelzb0
validation,kvasir-seg::cju5k3j3uf6de0817hszzfr7n,80c1aedbebee137a9acfdd7b,1,2,kvasir-seg::cju2pmhtr17a00855cvpelzb0
validation,kvasir-seg::cju5k3j3uf6de0817hszzfr7n,f4bca86d2a89f98ae5f2f2cf,2,2,kvasir-seg::cju2pmhtr17a00855cvpelzb0
validation,kvasir-seg::cju5k3j3uf6de0817hszzfr7n,a5e10a992f17c6e8bd3d372d,3,2,kvasir-seg::cju2pmhtr17a00855cvpelzb0
validation,kvasir-seg::cju5k3j3uf6de0817hszzfr7n,fbee68b10987b3fad4cf1549,4,2,kvasir-seg::cju2pmhtr17a00855cvpelzb0
validation,kvasir-seg::cju5k3j3uf6de0817hszzfr7n,29027f865ef241c40e637ef8,5,2,kvasir-seg::cju2pmhtr17a00855cvpelzb0
validation,kvasir-seg::cju5k3j3uf6de0817hszzfr7n,003029d87f0fc0903a65c2fc,6,2,kvasir-seg::cju2pmhtr17a00855cvpelzb0
validation,kvasir-seg::cju5klveuff6w0871wbibgh3m,6d3cabb24c70d554c72e0b34,0,5,kvasir-seg::cju5cu8qkb84x08186jwo8yin
validation,kvasir-seg::cju5klveuff6w0871wbibgh3m,2c949442206adb2994b5daf4,1,5,kvasir-seg::cju5cu8qkb84x08186jwo8yin
validation,kvasir-seg::cju5klveuff6w0871wbibgh3m,e37593c7498e8ff863b9eba1,2,5,kvasir-seg::cju5cu8qkb84x08186jwo8yin
validation,kvasir-seg::cju5klveuff6w0871wbibgh3m,8ebeda700112d074813e65ea,3,5,kvasir-seg::cju5cu8qkb84x08186jwo8yin
validation,kvasir-seg::cju5klveuff6w0871wbibgh3m,cddf1716b111db4daa30a258,4,5,kvasir-seg::cju5cu8qkb84x08186jwo8yin
validation,kvasir-seg::cju5klveuff6w0871wbibgh3m,36803d52377318b1038a406d,5,5,kvasir-seg::cju5cu8qkb84x08186jwo8yin
validation,kvasir-seg::cju5klveuff6w0871wbibgh3m,44d4b4a287afde76ceb7a838,6,5,kvasir-seg::cju5cu8qkb84x08186jwo8yin
validation,kvasir-seg::cju5u8gz4kj5b07552e2wpkwp,b4e4ac7bd8a57a18cec0b07b,0,1,kvasir-seg::cju1c4fcu40hl07992b8gj0c8
validation,kvasir-seg::cju5u8gz4kj5b07552e2wpkwp,0b6a3aa4fba5625bdd8fcc6f,1,1,kvasir-seg::cju1c4fcu40hl07992b8gj0c8
validation,kvasir-seg::cju5u8gz4kj5b07552e2wpkwp,92fb5a199b2e754343b0aa3d,2,1,kvasir-seg::cju1c4fcu40hl07992b8gj0c8
validation,kvasir-seg::cju5u8gz4kj5b07552e2wpkwp,5c85b36c4c2b1e0282969775,3,1,kvasir-seg::cju1c4fcu40hl07992b8gj0c8
validation,kvasir-seg::cju5u8gz4kj5b07552e2wpkwp,d0b00d024183b8de2659270b,4,1,kvasir-seg::cju1c4fcu40hl07992b8gj0c8
validation,kvasir-seg::cju5u8gz4kj5b07552e2wpkwp,05c70e460972e1164c7ad669,5,1,kvasir-seg::cju1c4fcu40hl07992b8gj0c8
validation,kvasir-seg::cju5u8gz4kj5b07552e2wpkwp,d54150f335e28e6b8ee2207b,6,1,kvasir-seg::cju1c4fcu40hl07992b8gj0c8
validation,kvasir-seg::cju5vutu7ll8w0871dfp92n9p,8deb0d94fe3cb862a469e5da,0,2,kvasir-seg::cju2pmhtr17a00855cvpelzb0
validation,kvasir-seg::cju5vutu7ll8w0871dfp92n9p,9b66867bb8ae68200e342621,1,2,kvasir-seg::cju2pmhtr17a00855cvpelzb0
validation,kvasir-seg::cju5vutu7ll8w0871dfp92n9p,9c02ff87ca8ce49ba76280f9,2,2,kvasir-seg::cju2pmhtr17a00855cvpelzb0
validation,kvasir-seg::cju5vutu7ll8w0871dfp92n9p,6da0d96e034c7fb538c1dc2d,3,2,kvasir-seg::cju2pmhtr17a00855cvpelzb0
validation,kvasir-seg::cju5vutu7ll8w0871dfp92n9p,1e8e3fc50e8f6c8040c0d641,4,2,kvasir-seg::cju2pmhtr17a00855cvpelzb0
validation,kvasir-seg::cju5vutu7ll8w0871dfp92n9p,94568aca90c7caec321b042c,5,2,kvasir-seg::cju2pmhtr17a00855cvpelzb0
validation,kvasir-seg::cju5vutu7ll8w0871dfp92n9p,9b65e53cfeac6d995328d870,6,2,kvasir-seg::cju2pmhtr17a00855cvpelzb0
validation,kvasir-seg::cju5wcc90lu020850mjrxppv6,77fbb1d1acc5bc0c0590a0fd,0,1,kvasir-seg::cju1c4fcu40hl07992b8gj0c8
validation,kvasir-seg::cju5wcc90lu020850mjrxppv6,6d6606adb8b91fb3b9edfb3c,1,1,kvasir-seg::cju1c4fcu40hl07992b8gj0c8
validation,kvasir-seg::cju5wcc90lu020850mjrxppv6,82382c4f07a707980a14161e,2,1,kvasir-seg::cju1c4fcu40hl07992b8gj0c8
validation,kvasir-seg::cju5wcc90lu020850mjrxppv6,7de26d3b42c7d24983f9d5aa,3,1,kvasir-seg::cju1c4fcu40hl07992b8gj0c8
validation,kvasir-seg::cju5wcc90lu020850mjrxppv6,036b9711c7597e21f66e3ba4,4,1,kvasir-seg::cju1c4fcu40hl07992b8gj0c8
validation,kvasir-seg::cju5wcc90lu020850mjrxppv6,2b24ff5c63c2699852b98248,5,1,kvasir-seg::cju1c4fcu40hl07992b8gj0c8
validation,kvasir-seg::cju5wcc90lu020850mjrxppv6,c61cfab0b2e6153b56479499,6,1,kvasir-seg::cju1c4fcu40hl07992b8gj0c8
validation,kvasir-seg::cju5x7iskmad90818frchyfwd,0bd56e9f0c87e1d752b9e969,0,1,kvasir-seg::cju1c4fcu40hl07992b8gj0c8
validation,kvasir-seg::cju5x7iskmad90818frchyfwd,480fb6a1fbad140e7915bc5f,1,1,kvasir-seg::cju1c4fcu40hl07992b8gj0c8
validation,kvasir-seg::cju5x7iskmad90818frchyfwd,69b65942662a9d8ffeb17575,2,1,kvasir-seg::cju1c4fcu40hl07992b8gj0c8
validation,kvasir-seg::cju5x7iskmad90818frchyfwd,a7e5691567baeee74b2760ec,3,1,kvasir-seg::cju1c4fcu40hl07992b8gj0c8
validation,kvasir-seg::cju5x7iskmad90818frchyfwd,713a1acb07b0b257a526bf98,4,1,kvasir-seg::cju1c4fcu40hl07992b8gj0c8
validation,kvasir-seg::cju5x7iskmad90818frchyfwd,b22aa10c128e20b9f9bb954f,5,1,kvasir-seg::cju1c4fcu40hl07992b8gj0c8
validation,kvasir-seg::cju5x7iskmad90818frchyfwd,d4b5f14325d42bc23484fb3f,6,1,kvasir-seg::cju1c4fcu40hl07992b8gj0c8
validation,kvasir-seg::cju5yimthmlv80850zhoc90c2,c512856468be8882aea7264c,0,4,kvasir-seg::cju3v72v5h1qz0818fggilwtq
validation,kvasir-seg::cju5yimthmlv80850zhoc90c2,9e82e0a966f9ef88c238b7b4,1,2,kvasir-seg::cju2pmhtr17a00855cvpelzb0
validation,kvasir-seg::cju5yimthmlv80850zhoc90c2,2728f548c90699f1aa05321f,2,2,kvasir-seg::cju2pmhtr17a00855cvpelzb0
validation,kvasir-seg::cju5yimthmlv80850zhoc90c2,868a8718ac547592656e5cee,3,2,kvasir-seg::cju2pmhtr17a00855cvpelzb0
validation,kvasir-seg::cju5yimthmlv80850zhoc90c2,db4af408a4bac4b97352f004,4,2,kvasir-seg::cju2pmhtr17a00855cvpelzb0
validation,kvasir-seg::cju5yimthmlv80850zhoc90c2,188ed49ba04b184498acd336,5,2,kvasir-seg::cju2pmhtr17a00855cvpelzb0
validation,kvasir-seg::cju5yimthmlv80850zhoc90c2,4ae4cca578756a405eb76cd3,6,2,kvasir-seg::cju2pmhtr17a00855cvpelzb0
validation,kvasir-seg::cju6uy20suzbl0987rzuhz7z9,6519dd9fe7251a6dafb2d2d4,0,1,kvasir-seg::cju1c4fcu40hl07992b8gj0c8
validation,kvasir-seg::cju6uy20suzbl0987rzuhz7z9,8e8abd095cb51dc24c45764c,1,1,kvasir-seg::cju1c4fcu40hl07992b8gj0c8
validation,kvasir-seg::cju6uy20suzbl0987rzuhz7z9,4bb8bc10c04ca76e07704d83,2,1,kvasir-seg::cju1c4fcu40hl07992b8gj0c8
validation,kvasir-seg::cju6uy20suzbl0987rzuhz7z9,e21eb8e032fa9233799a177a,3,1,kvasir-seg::cju1c4fcu40hl07992b8gj0c8
validation,kvasir-seg::cju6uy20suzbl0987rzuhz7z9,f6278c90a0dc1faa0d3993f1,4,1,kvasir-seg::cju1c4fcu40hl07992b8gj0c8
validation,kvasir-seg::cju6uy20suzbl0987rzuhz7z9,9fbb95d8d5adb56e730394f1,5,1,kvasir-seg::cju1c4fcu40hl07992b8gj0c8
validation,kvasir-seg::cju6uy20suzbl0987rzuhz7z9,df95468d6f0754e68d2a600f,6,1,kvasir-seg::cju1c4fcu40hl07992b8gj0c8
validation,kvasir-seg::cju6vgdmivcvb08018fra5lnv,e8b63ee2ffe8439aa1c72d45,0,6,kvasir-seg::cju7aklv31h4309871m29l4e7
validation,kvasir-seg::cju6vgdmivcvb08018fra5lnv,dd5d858a2070f87a67c164ba,1,6,kvasir-seg::cju7aklv31h4309871m29l4e7
validation,kvasir-seg::cju6vgdmivcvb08018fra5lnv,3de6a44279b460bfdce34b32,2,6,kvasir-seg::cju7aklv31h4309871m29l4e7
validation,kvasir-seg::cju6vgdmivcvb08018fra5lnv,6b37e26e9fc01e6271263bc5,3,6,kvasir-seg::cju7aklv31h4309871m29l4e7
validation,kvasir-seg::cju6vgdmivcvb08018fra5lnv,4c337ba5ebb42ad5e0aeb191,4,6,kvasir-seg::cju7aklv31h4309871m29l4e7
validation,kvasir-seg::cju6vgdmivcvb08018fra5lnv,e20d8f7db1910a91c94ffcbd,5,6,kvasir-seg::cju7aklv31h4309871m29l4e7
validation,kvasir-seg::cju6vgdmivcvb08018fra5lnv,f124345b2d967bc1dc865f4c,6,6,kvasir-seg::cju7aklv31h4309871m29l4e7
validation,kvasir-seg::cju6vifjlv55z0987un6y4zdo,997bf4d96ab0bf0a012b1e8d,0,1,kvasir-seg::cju1c4fcu40hl07992b8gj0c8
validation,kvasir-seg::cju6vifjlv55z0987un6y4zdo,e60bb4ed7da03389f5b52e8e,1,1,kvasir-seg::cju1c4fcu40hl07992b8gj0c8
validation,kvasir-seg::cju6vifjlv55z0987un6y4zdo,6dc653233b19be0012e4852e,2,1,kvasir-seg::cju1c4fcu40hl07992b8gj0c8
validation,kvasir-seg::cju6vifjlv55z0987un6y4zdo,2d871e841b9b459a8367c1f4,3,1,kvasir-seg::cju1c4fcu40hl07992b8gj0c8
validation,kvasir-seg::cju6vifjlv55z0987un6y4zdo,cd039e1c92a42dd41754ecae,4,1,kvasir-seg::cju1c4fcu40hl07992b8gj0c8
validation,kvasir-seg::cju6vifjlv55z0987un6y4zdo,f49d5dba74a3c58484db2f4e,5,1,kvasir-seg::cju1c4fcu40hl07992b8gj0c8
validation,kvasir-seg::cju6vifjlv55z0987un6y4zdo,6ccf04edbbf456950cf00ef9,6,1,kvasir-seg::cju1c4fcu40hl07992b8gj0c8
validation,kvasir-seg::cju6vqarjv7yo0987q4b1btk1,35eba10b304e4c00679e240f,0,2,kvasir-seg::cju2pmhtr17a00855cvpelzb0
validation,kvasir-seg::cju6vqarjv7yo0987q4b1btk1,ca3ac9bf80cb6c46b2598b4f,1,2,kvasir-seg::cju2pmhtr17a00855cvpelzb0
validation,kvasir-seg::cju6vqarjv7yo0987q4b1btk1,b0bfa1c1fa7ea1a457ccce85,2,2,kvasir-seg::cju2pmhtr17a00855cvpelzb0
validation,kvasir-seg::cju6vqarjv7yo0987q4b1btk1,66252b103e83b32122232740,3,2,kvasir-seg::cju2pmhtr17a00855cvpelzb0
validation,kvasir-seg::cju6vqarjv7yo0987q4b1btk1,f965d7d5d73a414e6bd323a6,4,2,kvasir-seg::cju2pmhtr17a00855cvpelzb0
validation,kvasir-seg::cju6vqarjv7yo0987q4b1btk1,9deb1c5439da6f73a3ec263d,5,2,kvasir-seg::cju2pmhtr17a00855cvpelzb0
validation,kvasir-seg::cju6vqarjv7yo0987q4b1btk1,0a80d42e8db776a38a365f91,6,2,kvasir-seg::cju2pmhtr17a00855cvpelzb0
validation,kvasir-seg::cju6wuojavt740818b5qcv3iw,e1509cd568b01c7a1552e5e9,0,1,kvasir-seg::cju1c4fcu40hl07992b8gj0c8
validation,kvasir-seg::cju6wuojavt740818b5qcv3iw,613104f0c1ad69e16acd32b1,1,1,kvasir-seg::cju1c4fcu40hl07992b8gj0c8
validation,kvasir-seg::cju6wuojavt740818b5qcv3iw,0d0ef16200d7f8534518d3cb,2,1,kvasir-seg::cju1c4fcu40hl07992b8gj0c8
validation,kvasir-seg::cju6wuojavt740818b5qcv3iw,d7b9b45dd7f393edfb4d0153,3,1,kvasir-seg::cju1c4fcu40hl07992b8gj0c8
validation,kvasir-seg::cju6wuojavt740818b5qcv3iw,e371f0ded3dfc26d72caaf51,4,1,kvasir-seg::cju1c4fcu40hl07992b8gj0c8
validation,kvasir-seg::cju6wuojavt740818b5qcv3iw,c13ce29b992546ed317ddc9e,5,1,kvasir-seg::cju1c4fcu40hl07992b8gj0c8
validation,kvasir-seg::cju6wuojavt740818b5qcv3iw,dda9705a92805c8e1e7e5960,6,1,kvasir-seg::cju1c4fcu40hl07992b8gj0c8
validation,kvasir-seg::cju6x35ervu2808015c7eoqe4,f5485e43b10ac2b13e853afd,0,1,kvasir-seg::cju1c4fcu40hl07992b8gj0c8
validation,kvasir-seg::cju6x35ervu2808015c7eoqe4,5af22913cbf20f959baf19b8,1,1,kvasir-seg::cju1c4fcu40hl07992b8gj0c8
validation,kvasir-seg::cju6x35ervu2808015c7eoqe4,041a89801f754d8dbff11b0a,2,1,kvasir-seg::cju1c4fcu40hl07992b8gj0c8
validation,kvasir-seg::cju6x35ervu2808015c7eoqe4,13e2b08467fad3d070cbab71,3,1,kvasir-seg::cju1c4fcu40hl07992b8gj0c8
validation,kvasir-seg::cju6x35ervu2808015c7eoqe4,6dfe987981dc150662bcae71,4,1,kvasir-seg::cju1c4fcu40hl07992b8gj0c8
validation,kvasir-seg::cju6x35ervu2808015c7eoqe4,86b1673d4f81bc328c2db52f,5,1,kvasir-seg::cju1c4fcu40hl07992b8gj0c8
validation,kvasir-seg::cju6x35ervu2808015c7eoqe4,9f04d108b3c3d5d072801310,6,1,kvasir-seg::cju1c4fcu40hl07992b8gj0c8
validation,kvasir-seg::cju6x97w4vwua0850x0997r0a,a0156825a558bc782a829f8d,0,1,kvasir-seg::cju1c4fcu40hl07992b8gj0c8
validation,kvasir-seg::cju6x97w4vwua0850x0997r0a,1341b129551af0eff27a5334,1,1,kvasir-seg::cju1c4fcu40hl07992b8gj0c8
validation,kvasir-seg::cju6x97w4vwua0850x0997r0a,a8f1604bec399416189a5d42,2,1,kvasir-seg::cju1c4fcu40hl07992b8gj0c8
validation,kvasir-seg::cju6x97w4vwua0850x0997r0a,8d4040ba24604c8942bc3c77,3,1,kvasir-seg::cju1c4fcu40hl07992b8gj0c8
validation,kvasir-seg::cju6x97w4vwua0850x0997r0a,7a86f5ce2f86210726ef8070,4,1,kvasir-seg::cju1c4fcu40hl07992b8gj0c8
validation,kvasir-seg::cju6x97w4vwua0850x0997r0a,0b207c8581c29fc4fd33a030,5,1,kvasir-seg::cju1c4fcu40hl07992b8gj0c8
validation,kvasir-seg::cju6x97w4vwua0850x0997r0a,6edae4a83ce843cc858f77a1,6,1,kvasir-seg::cju1c4fcu40hl07992b8gj0c8
validation,kvasir-seg::cju6xlygpw7bs0818n691jsq4,60a46b7b8b724e9686b0bbad,0,1,kvasir-seg::cju1c4fcu40hl07992b8gj0c8
validation,kvasir-seg::cju6xlygpw7bs0818n691jsq4,33985c48d719c46ab99d6927,1,1,kvasir-seg::cju1c4fcu40hl07992b8gj0c8
validation,kvasir-seg::cju6xlygpw7bs0818n691jsq4,7a5c1c9252c29ee3090c5364,2,1,kvasir-seg::cju1c4fcu40hl07992b8gj0c8
validation,kvasir-seg::cju6xlygpw7bs0818n691jsq4,96454cba501240608aaaf20c,3,1,kvasir-seg::cju1c4fcu40hl07992b8gj0c8
validation,kvasir-seg::cju6xlygpw7bs0818n691jsq4,2443191dc4ae05dc5d1816c3,4,1,kvasir-seg::cju1c4fcu40hl07992b8gj0c8
validation,kvasir-seg::cju6xlygpw7bs0818n691jsq4,5908fdabf7013a3081a2b928,5,1,kvasir-seg::cju1c4fcu40hl07992b8gj0c8
validation,kvasir-seg::cju6xlygpw7bs0818n691jsq4,b40a04b0e769c03bc526420a,6,1,kvasir-seg::cju1c4fcu40hl07992b8gj0c8
validation,kvasir-seg::cju77u1sjz77b0817ft44r3fk,8e51de1d5eb504f10899407f,0,6,kvasir-seg::cju7aklv31h4309871m29l4e7
validation,kvasir-seg::cju77u1sjz77b0817ft44r3fk,2a21e0a77aa09108f78b332e,1,6,kvasir-seg::cju7aklv31h4309871m29l4e7
validation,kvasir-seg::cju77u1sjz77b0817ft44r3fk,da03e2737e9df527a308decd,2,6,kvasir-seg::cju7aklv31h4309871m29l4e7
validation,kvasir-seg::cju77u1sjz77b0817ft44r3fk,00cf46c8e1dcf0a3f21a9595,3,6,kvasir-seg::cju7aklv31h4309871m29l4e7
validation,kvasir-seg::cju77u1sjz77b0817ft44r3fk,9bd9acf93c68e4672e8022a8,4,6,kvasir-seg::cju7aklv31h4309871m29l4e7
validation,kvasir-seg::cju77u1sjz77b0817ft44r3fk,d8123287e4c0a527216cf0c8,5,6,kvasir-seg::cju7aklv31h4309871m29l4e7
validation,kvasir-seg::cju77u1sjz77b0817ft44r3fk,46ac55183cb9c7c6c8165076,6,6,kvasir-seg::cju7aklv31h4309871m29l4e7
validation,kvasir-seg::cju7afqon1ip40850ue2308b6,465418fe7c9d9bfd46ca8910,0,6,kvasir-seg::cju7aklv31h4309871m29l4e7
validation,kvasir-seg::cju7afqon1ip40850ue2308b6,0a5c20060f4b2f411738914a,1,6,kvasir-seg::cju7aklv31h4309871m29l4e7
validation,kvasir-seg::cju7afqon1ip40850ue2308b6,6f38cc07066861118b84c132,2,6,kvasir-seg::cju7aklv31h4309871m29l4e7
validation,kvasir-seg::cju7afqon1ip40850ue2308b6,bcf92f6a4ee57dc71d99b26b,3,6,kvasir-seg::cju7aklv31h4309871m29l4e7
validation,kvasir-seg::cju7afqon1ip40850ue2308b6,fd6d4888097fad62aa981b70,4,6,kvasir-seg::cju7aklv31h4309871m29l4e7
validation,kvasir-seg::cju7afqon1ip40850ue2308b6,5c0554394270ca97e4801b41,5,6,kvasir-seg::cju7aklv31h4309871m29l4e7
validation,kvasir-seg::cju7afqon1ip40850ue2308b6,d4656ac9d0a4807cb83a8ac5,6,6,kvasir-seg::cju7aklv31h4309871m29l4e7
validation,kvasir-seg::cju7agj961l2r0818z29iq8yn,363a80807cb8a2c6cd597678,0,6,kvasir-seg::cju7aklv31h4309871m29l4e7
validation,kvasir-seg::cju7agj961l2r0818z29iq8yn,a1eaf0382d2a2fc9f14299df,1,6,kvasir-seg::cju7aklv31h4309871m29l4e7
validation,kvasir-seg::cju7agj961l2r0818z29iq8yn,ceb3418877bb363727ed9452,2,6,kvasir-seg::cju7aklv31h4309871m29l4e7
validation,kvasir-seg::cju7agj961l2r0818z29iq8yn,cde9005928812324a2450e91,3,6,kvasir-seg::cju7aklv31h4309871m29l4e7
validation,kvasir-seg::cju7agj961l2r0818z29iq8yn,e082d37df4cef684e06df0b7,4,6,kvasir-seg::cju7aklv31h4309871m29l4e7
validation,kvasir-seg::cju7agj961l2r0818z29iq8yn,504665dababcded3452e098c,5,6,kvasir-seg::cju7aklv31h4309871m29l4e7
validation,kvasir-seg::cju7agj961l2r0818z29iq8yn,64faef8d0ed770baab5d2d11,6,6,kvasir-seg::cju7aklv31h4309871m29l4e7
validation,kvasir-seg::cju7ap09p1kz10850ldccjebj,57277f1e23d3e5c8f67ac8f8,0,6,kvasir-seg::cju7aklv31h4309871m29l4e7
validation,kvasir-seg::cju7ap09p1kz10850ldccjebj,e895f2cb76f8ea68c3c17c88,1,6,kvasir-seg::cju7aklv31h4309871m29l4e7
validation,kvasir-seg::cju7ap09p1kz10850ldccjebj,6582b98d1703c7eb11cf3706,2,6,kvasir-seg::cju7aklv31h4309871m29l4e7
validation,kvasir-seg::cju7ap09p1kz10850ldccjebj,4a87c3b0b2c2c5538efef694,3,6,kvasir-seg::cju7aklv31h4309871m29l4e7
validation,kvasir-seg::cju7ap09p1kz10850ldccjebj,ac7baa89a1eb635678d1eefe,4,6,kvasir-seg::cju7aklv31h4309871m29l4e7
validation,kvasir-seg::cju7ap09p1kz10850ldccjebj,466f60d83a9633dc84cc5a1d,5,6,kvasir-seg::cju7aklv31h4309871m29l4e7
validation,kvasir-seg::cju7ap09p1kz10850ldccjebj,5a34f327dd341fb3be0e85f5,6,6,kvasir-seg::cju7aklv31h4309871m29l4e7
validation,kvasir-seg::cju7atnm31if40817pqclnjer,ca2950620289474061af4867,0,1,kvasir-seg::cju1c4fcu40hl07992b8gj0c8
validation,kvasir-seg::cju7atnm31if40817pqclnjer,d1af79b09a959b5185470bae,1,1,kvasir-seg::cju1c4fcu40hl07992b8gj0c8
validation,kvasir-seg::cju7atnm31if40817pqclnjer,c2e6a5f8b9e00debf92a5e34,2,1,kvasir-seg::cju1c4fcu40hl07992b8gj0c8
validation,kvasir-seg::cju7atnm31if40817pqclnjer,21afab31b5b2a16bf85f8847,3,1,kvasir-seg::cju1c4fcu40hl07992b8gj0c8
validation,kvasir-seg::cju7atnm31if40817pqclnjer,80a98304ede5a3a9ce02ea49,4,1,kvasir-seg::cju1c4fcu40hl07992b8gj0c8
validation,kvasir-seg::cju7atnm31if40817pqclnjer,500a7bb2ccf4e0967c9c4268,5,1,kvasir-seg::cju1c4fcu40hl07992b8gj0c8
validation,kvasir-seg::cju7atnm31if40817pqclnjer,bc9d8ef77435d542deaf8c77,6,1,kvasir-seg::cju1c4fcu40hl07992b8gj0c8
validation,kvasir-seg::cju7b1ygu1msd0801hywhy0mc,683671c7f90519acf54b55c4,0,1,kvasir-seg::cju1c4fcu40hl07992b8gj0c8
validation,kvasir-seg::cju7b1ygu1msd0801hywhy0mc,3b6346b1c0da1e836940fbb9,1,1,kvasir-seg::cju1c4fcu40hl07992b8gj0c8
validation,kvasir-seg::cju7b1ygu1msd0801hywhy0mc,5e47edb5c7d172ca86f92eb5,2,1,kvasir-seg::cju1c4fcu40hl07992b8gj0c8
validation,kvasir-seg::cju7b1ygu1msd0801hywhy0mc,0d28e9173cb5bd6928afb490,3,1,kvasir-seg::cju1c4fcu40hl07992b8gj0c8
validation,kvasir-seg::cju7b1ygu1msd0801hywhy0mc,f59ed56e3e3bc1be22dbdb3b,4,1,kvasir-seg::cju1c4fcu40hl07992b8gj0c8
validation,kvasir-seg::cju7b1ygu1msd0801hywhy0mc,d758f0864a430eef0a38442e,5,1,kvasir-seg::cju1c4fcu40hl07992b8gj0c8
validation,kvasir-seg::cju7b1ygu1msd0801hywhy0mc,7d0f5cbc984949dd11e94a33,6,1,kvasir-seg::cju1c4fcu40hl07992b8gj0c8
validation,kvasir-seg::cju7bd1qu1mx409877xjxibox,fa6175433123a26f59cbf15b,0,6,kvasir-seg::cju7aklv31h4309871m29l4e7
validation,kvasir-seg::cju7bd1qu1mx409877xjxibox,ff0ad1567415fceba650f236,1,6,kvasir-seg::cju7aklv31h4309871m29l4e7
validation,kvasir-seg::cju7bd1qu1mx409877xjxibox,802e3054fe45d87ec3229e10,2,6,kvasir-seg::cju7aklv31h4309871m29l4e7
validation,kvasir-seg::cju7bd1qu1mx409877xjxibox,bc433bcbed48bd7b27f77df2,3,6,kvasir-seg::cju7aklv31h4309871m29l4e7
validation,kvasir-seg::cju7bd1qu1mx409877xjxibox,a89d690c4ef35f54a34116dc,4,6,kvasir-seg::cju7aklv31h4309871m29l4e7
validation,kvasir-seg::cju7bd1qu1mx409877xjxibox,63f2f115edb0364707cc9def,5,6,kvasir-seg::cju7aklv31h4309871m29l4e7
validation,kvasir-seg::cju7bd1qu1mx409877xjxibox,904b8afaffc968dc9f0e0a1c,6,6,kvasir-seg::cju7aklv31h4309871m29l4e7
validation,kvasir-seg::cju7cufm7298k0755j09uf3of,c40098507246b93ada06e7a7,0,6,kvasir-seg::cju7aklv31h4309871m29l4e7
validation,kvasir-seg::cju7cufm7298k0755j09uf3of,938aa78f0577cfa4c6d72210,1,6,kvasir-seg::cju7aklv31h4309871m29l4e7
validation,kvasir-seg::cju7cufm7298k0755j09uf3of,7e7270e24dfd289b3c4dd088,2,6,kvasir-seg::cju7aklv31h4309871m29l4e7
validation,kvasir-seg::cju7cufm7298k0755j09uf3of,1647c011ac28c322713507cd,3,6,kvasir-seg::cju7aklv31h4309871m29l4e7
validation,kvasir-seg::cju7cufm7298k0755j09uf3of,73425d154670e0730b5b4b4d,4,6,kvasir-seg::cju7aklv31h4309871m29l4e7
validation,kvasir-seg::cju7cufm7298k0755j09uf3of,1aa57a1c42a7241753d6d7ca,5,6,kvasir-seg::cju7aklv31h4309871m29l4e7
validation,kvasir-seg::cju7cufm7298k0755j09uf3of,1e2b90f6cd6aa139750a883a,6,6,kvasir-seg::cju7aklv31h4309871m29l4e7
validation,kvasir-seg::cju7dda8w2br20818zhsuz8s7,8410b89af5a9cfc4dc4e0398,0,1,kvasir-seg::cju1c4fcu40hl07992b8gj0c8
validation,kvasir-seg::cju7dda8w2br20818zhsuz8s7,c1124265f55d0325d6686448,1,1,kvasir-seg::cju1c4fcu40hl07992b8gj0c8
validation,kvasir-seg::cju7dda8w2br20818zhsuz8s7,5d5aa884d1f4ba9872d09881,2,1,kvasir-seg::cju1c4fcu40hl07992b8gj0c8
validation,kvasir-seg::cju7dda8w2br20818zhsuz8s7,d6a7531411c36de80ca9d74b,3,1,kvasir-seg::cju1c4fcu40hl07992b8gj0c8
validation,kvasir-seg::cju7dda8w2br20818zhsuz8s7,301a0a3e3501060375ee8e49,4,1,kvasir-seg::cju1c4fcu40hl07992b8gj0c8
validation,kvasir-seg::cju7dda8w2br20818zhsuz8s7,d6fadac8985a9305817b9fda,5,1,kvasir-seg::cju1c4fcu40hl07992b8gj0c8
validation,kvasir-seg::cju7dda8w2br20818zhsuz8s7,287eea7a4750347c4e94c961,6,1,kvasir-seg::cju1c4fcu40hl07992b8gj0c8
validation,kvasir-seg::cju7ehljc2or70871261br8ai,abb757780856c11780578af3,0,1,kvasir-seg::cju1c4fcu40hl07992b8gj0c8
validation,kvasir-seg::cju7ehljc2or70871261br8ai,3fb6db7b21ed68ed71f176ef,1,1,kvasir-seg::cju1c4fcu40hl07992b8gj0c8
validation,kvasir-seg::cju7ehljc2or70871261br8ai,86ca07bb87b5d5c4be6a17d1,2,1,kvasir-seg::cju1c4fcu40hl07992b8gj0c8
validation,kvasir-seg::cju7ehljc2or70871261br8ai,930f9f9f2ebaf35f4bae45f4,3,1,kvasir-seg::cju1c4fcu40hl07992b8gj0c8
validation,kvasir-seg::cju7ehljc2or70871261br8ai,4fb1a29aca99c576cc9dee25,4,1,kvasir-seg::cju1c4fcu40hl07992b8gj0c8
validation,kvasir-seg::cju7ehljc2or70871261br8ai,fc781ae39dbafe36f3e2a7c1,5,1,kvasir-seg::cju1c4fcu40hl07992b8gj0c8
validation,kvasir-seg::cju7ehljc2or70871261br8ai,ccdb01213d23484cd4e1152d,6,1,kvasir-seg::cju1c4fcu40hl07992b8gj0c8
validation,kvasir-seg::cju7ekbo32pft0871fv7kzwb9,c5d3724dc29424c997dac790,0,1,kvasir-seg::cju1c4fcu40hl07992b8gj0c8
validation,kvasir-seg::cju7ekbo32pft0871fv7kzwb9,8f8db2ef8a8e0c1f5aa6a584,1,1,kvasir-seg::cju1c4fcu40hl07992b8gj0c8
validation,kvasir-seg::cju7ekbo32pft0871fv7kzwb9,1c8fa237fd62c010ab5f1dec,2,1,kvasir-seg::cju1c4fcu40hl07992b8gj0c8
validation,kvasir-seg::cju7ekbo32pft0871fv7kzwb9,792415dd7c7901a1a415c43d,3,1,kvasir-seg::cju1c4fcu40hl07992b8gj0c8
validation,kvasir-seg::cju7ekbo32pft0871fv7kzwb9,8f658d7f1c650ff66804eebc,4,1,kvasir-seg::cju1c4fcu40hl07992b8gj0c8
validation,kvasir-seg::cju7ekbo32pft0871fv7kzwb9,95714408604e335bfda9d912,5,1,kvasir-seg::cju1c4fcu40hl07992b8gj0c8
validation,kvasir-seg::cju7ekbo32pft0871fv7kzwb9,0240d010af13b50c98f077d5,6,1,kvasir-seg::cju1c4fcu40hl07992b8gj0c8
validation,kvasir-seg::cju7eotqi2qea0871y8yc7tqh,efba6343ee2e3e8681c61aa1,0,1,kvasir-seg::cju1c4fcu40hl07992b8gj0c8
validation,kvasir-seg::cju7eotqi2qea0871y8yc7tqh,0099fe14a2f5dbe850c27029,1,1,kvasir-seg::cju1c4fcu40hl07992b8gj0c8
validation,kvasir-seg::cju7eotqi2qea0871y8yc7tqh,857df0d8ed171c1833bf12cb,2,1,kvasir-seg::cju1c4fcu40hl07992b8gj0c8
validation,kvasir-seg::cju7eotqi2qea0871y8yc7tqh,55d6b85767e903c50b90e162,3,1,kvasir-seg::cju1c4fcu40hl07992b8gj0c8
validation,kvasir-seg::cju7eotqi2qea0871y8yc7tqh,dc81ab90a6a6993b99029316,4,1,kvasir-seg::cju1c4fcu40hl07992b8gj0c8
validation,kvasir-seg::cju7eotqi2qea0871y8yc7tqh,6fdca9cc215ab9579d6e73df,5,1,kvasir-seg::cju1c4fcu40hl07992b8gj0c8
validation,kvasir-seg::cju7eotqi2qea0871y8yc7tqh,b21ec4e6549fdc2b33a82ac3,6,1,kvasir-seg::cju1c4fcu40hl07992b8gj0c8
validation,kvasir-seg::cju7ez7r22qbc08015xfoz2wb,f1a22ffc41dd48b72433acba,0,1,kvasir-seg::cju1c4fcu40hl07992b8gj0c8
validation,kvasir-seg::cju7ez7r22qbc08015xfoz2wb,982b1d1512a4f986e75d9c0a,1,1,kvasir-seg::cju1c4fcu40hl07992b8gj0c8
validation,kvasir-seg::cju7ez7r22qbc08015xfoz2wb,82c81eba7682165dcb1cc555,2,1,kvasir-seg::cju1c4fcu40hl07992b8gj0c8
validation,kvasir-seg::cju7ez7r22qbc08015xfoz2wb,ba37e0f0a204ee0495aabcf7,3,1,kvasir-seg::cju1c4fcu40hl07992b8gj0c8
validation,kvasir-seg::cju7ez7r22qbc08015xfoz2wb,f852eff2b3aeab3a7425400e,4,1,kvasir-seg::cju1c4fcu40hl07992b8gj0c8
validation,kvasir-seg::cju7ez7r22qbc08015xfoz2wb,4673b5c073c89375a8f48db3,5,1,kvasir-seg::cju1c4fcu40hl07992b8gj0c8
validation,kvasir-seg::cju7ez7r22qbc08015xfoz2wb,e733305113d3098ad60b6dda,6,1,kvasir-seg::cju1c4fcu40hl07992b8gj0c8
validation,kvasir-seg::cju7f0ec32txj08184asb8w5f,14d6a690e3e7ee5d13e7b867,0,1,kvasir-seg::cju1c4fcu40hl07992b8gj0c8
validation,kvasir-seg::cju7f0ec32txj08184asb8w5f,17d9c6719fcc4d8bd990a390,1,1,kvasir-seg::cju1c4fcu40hl07992b8gj0c8
validation,kvasir-seg::cju7f0ec32txj08184asb8w5f,cb9fccf5725d758c7c3df946,2,1,kvasir-seg::cju1c4fcu40hl07992b8gj0c8
validation,kvasir-seg::cju7f0ec32txj08184asb8w5f,6df13f5e8e7015913ffe63fe,3,1,kvasir-seg::cju1c4fcu40hl07992b8gj0c8
validation,kvasir-seg::cju7f0ec32txj08184asb8w5f,46ebe0349a784a2cb6d07458,4,1,kvasir-seg::cju1c4fcu40hl07992b8gj0c8
validation,kvasir-seg::cju7f0ec32txj08184asb8w5f,a1a7a23d1b41b2dfbc0f179a,5,1,kvasir-seg::cju1c4fcu40hl07992b8gj0c8
validation,kvasir-seg::cju7f0ec32txj08184asb8w5f,d9bc1ddec08cc7269cbaec62,6,1,kvasir-seg::cju1c4fcu40hl07992b8gj0c8
validation,kvasir-seg::cju7fbndk2sl608015ravktum,88973a6597f6ac08875758a2,0,1,kvasir-seg::cju1c4fcu40hl07992b8gj0c8
validation,kvasir-seg::cju7fbndk2sl608015ravktum,d758efe722f4ad925b8be2b0,1,1,kvasir-seg::cju1c4fcu40hl07992b8gj0c8
validation,kvasir-seg::cju7fbndk2sl608015ravktum,b8e335ca1ebbfa09a5bd9ff2,2,1,kvasir-seg::cju1c4fcu40hl07992b8gj0c8
validation,kvasir-seg::cju7fbndk2sl608015ravktum,617cd22c5405fac337cf4e6d,3,1,kvasir-seg::cju1c4fcu40hl07992b8gj0c8
validation,kvasir-seg::cju7fbndk2sl608015ravktum,6b042ab62f1c7c806498b14a,4,1,kvasir-seg::cju1c4fcu40hl07992b8gj0c8
validation,kvasir-seg::cju7fbndk2sl608015ravktum,73b9d2099f34f47d04611efa,5,1,kvasir-seg::cju1c4fcu40hl07992b8gj0c8
validation,kvasir-seg::cju7fbndk2sl608015ravktum,d02fdbfb7be52ca2e5f8ea24,6,1,kvasir-seg::cju1c4fcu40hl07992b8gj0c8
validation,kvasir-seg::cju849c23kgnk0817cgv2hw1e,67a333120b76ac31537346c5,0,6,kvasir-seg::cju7aklv31h4309871m29l4e7
validation,kvasir-seg::cju849c23kgnk0817cgv2hw1e,85418ce59c91a2cfb67d5eb7,1,6,kvasir-seg::cju7aklv31h4309871m29l4e7
validation,kvasir-seg::cju849c23kgnk0817cgv2hw1e,a695139b7f2e1e0ab0a7a8f1,2,6,kvasir-seg::cju7aklv31h4309871m29l4e7
validation,kvasir-seg::cju849c23kgnk0817cgv2hw1e,ae145549c765b0d885ec4089,3,6,kvasir-seg::cju7aklv31h4309871m29l4e7
validation,kvasir-seg::cju849c23kgnk0817cgv2hw1e,cebb7447cc0dd5718f5e5c8a,4,6,kvasir-seg::cju7aklv31h4309871m29l4e7
validation,kvasir-seg::cju849c23kgnk0817cgv2hw1e,0917cd17842869ce28b69768,5,6,kvasir-seg::cju7aklv31h4309871m29l4e7
validation,kvasir-seg::cju849c23kgnk0817cgv2hw1e,52dd59aa0a4c66e769ed9db6,6,6,kvasir-seg::cju7aklv31h4309871m29l4e7
validation,kvasir-seg::cju858eswlepn0871pzvdrhj1,0813f46741432ea61667e5fe,0,1,kvasir-seg::cju1c4fcu40hl07992b8gj0c8
validation,kvasir-seg::cju858eswlepn0871pzvdrhj1,1fb059649c7eb554bcdc0819,1,1,kvasir-seg::cju1c4fcu40hl07992b8gj0c8
validation,kvasir-seg::cju858eswlepn0871pzvdrhj1,e0211af12ce4a5fa1d396f2b,2,1,kvasir-seg::cju1c4fcu40hl07992b8gj0c8
validation,kvasir-seg::cju858eswlepn0871pzvdrhj1,44af9b6359346d0877db9750,3,1,kvasir-seg::cju1c4fcu40hl07992b8gj0c8
validation,kvasir-seg::cju858eswlepn0871pzvdrhj1,7880e3b6575af2aa1800dc93,4,1,kvasir-seg::cju1c4fcu40hl07992b8gj0c8
validation,kvasir-seg::cju858eswlepn0871pzvdrhj1,82236a6c8a267680798b5f4c,5,1,kvasir-seg::cju1c4fcu40hl07992b8gj0c8
validation,kvasir-seg::cju858eswlepn0871pzvdrhj1,1368a6eb87f21673d9a7cc64,6,1,kvasir-seg::cju1c4fcu40hl07992b8gj0c8
validation,kvasir-seg::cju85a8h8llwm07559wxg4t5w,00cbe66ef59d82652b1c73be,0,6,kvasir-seg::cju7aklv31h4309871m29l4e7
validation,kvasir-seg::cju85a8h8llwm07559wxg4t5w,f795dbc12706fdd3ad8d7a00,1,6,kvasir-seg::cju7aklv31h4309871m29l4e7
validation,kvasir-seg::cju85a8h8llwm07559wxg4t5w,83e0ec966680537a5b2804c9,2,6,kvasir-seg::cju7aklv31h4309871m29l4e7
validation,kvasir-seg::cju85a8h8llwm07559wxg4t5w,f202f46b92371bc35596a024,3,6,kvasir-seg::cju7aklv31h4309871m29l4e7
validation,kvasir-seg::cju85a8h8llwm07559wxg4t5w,9306b8187508b162dae71a8f,4,6,kvasir-seg::cju7aklv31h4309871m29l4e7
validation,kvasir-seg::cju85a8h8llwm07559wxg4t5w,b7c21aaff0bfe7f8b0978853,5,6,kvasir-seg::cju7aklv31h4309871m29l4e7
validation,kvasir-seg::cju85a8h8llwm07559wxg4t5w,cea14be64e8f3a109236d08b,6,6,kvasir-seg::cju7aklv31h4309871m29l4e7
validation,kvasir-seg::cju85rkbnlo1c08503uxcpax1,cb6e9d6e4f63dcc6bd464ab0,0,6,kvasir-seg::cju7aklv31h4309871m29l4e7
validation,kvasir-seg::cju85rkbnlo1c08503uxcpax1,2741187080c376b597461df4,1,6,kvasir-seg::cju7aklv31h4309871m29l4e7
validation,kvasir-seg::cju85rkbnlo1c08503uxcpax1,808b0fad4d44fbc78565b564,2,6,kvasir-seg::cju7aklv31h4309871m29l4e7
validation,kvasir-seg::cju85rkbnlo1c08503uxcpax1,144532407c6c4e3cedb05246,3,6,kvasir-seg::cju7aklv31h4309871m29l4e7
validation,kvasir-seg::cju85rkbnlo1c08503uxcpax1,3c29f1499c9ef665aad1cd28,4,6,kvasir-seg::cju7aklv31h4309871m29l4e7
validation,kvasir-seg::cju85rkbnlo1c08503uxcpax1,8d9af9f158fec896ce995755,5,6,kvasir-seg::cju7aklv31h4309871m29l4e7
validation,kvasir-seg::cju85rkbnlo1c08503uxcpax1,5054c947b7b2498a1bc6fdbb,6,6,kvasir-seg::cju7aklv31h4309871m29l4e7
validation,kvasir-seg::cju87li0zn3yb0817kbwgjiz8,02887854c3b56a4ec7bc357a,0,1,kvasir-seg::cju1c4fcu40hl07992b8gj0c8
validation,kvasir-seg::cju87li0zn3yb0817kbwgjiz8,b3e58d44aefbed8bda04f528,1,1,kvasir-seg::cju1c4fcu40hl07992b8gj0c8
validation,kvasir-seg::cju87li0zn3yb0817kbwgjiz8,b80b37c025f8530f2891b11e,2,1,kvasir-seg::cju1c4fcu40hl07992b8gj0c8
validation,kvasir-seg::cju87li0zn3yb0817kbwgjiz8,6c0d10abc34902e83da16097,3,1,kvasir-seg::cju1c4fcu40hl07992b8gj0c8
validation,kvasir-seg::cju87li0zn3yb0817kbwgjiz8,c377da2051eee7dbee9a47e5,4,1,kvasir-seg::cju1c4fcu40hl07992b8gj0c8
validation,kvasir-seg::cju87li0zn3yb0817kbwgjiz8,ca888b0181eaf51ee53be8c9,5,1,kvasir-seg::cju1c4fcu40hl07992b8gj0c8
validation,kvasir-seg::cju87li0zn3yb0817kbwgjiz8,9299486d0baba718d9f74378,6,1,kvasir-seg::cju1c4fcu40hl07992b8gj0c8
validation,kvasir-seg::cju87r56lnkyp0755hz30leew,7e5d481e0fc12590fbbe6d9f,0,1,kvasir-seg::cju1c4fcu40hl07992b8gj0c8
validation,kvasir-seg::cju87r56lnkyp0755hz30leew,ea12eaf641cdce164fbb371a,1,1,kvasir-seg::cju1c4fcu40hl07992b8gj0c8
validation,kvasir-seg::cju87r56lnkyp0755hz30leew,e52b65a9415125b9fa2f949b,2,1,kvasir-seg::cju1c4fcu40hl07992b8gj0c8
validation,kvasir-seg::cju87r56lnkyp0755hz30leew,b2078b6441ed4a62c6d77fe7,3,1,kvasir-seg::cju1c4fcu40hl07992b8gj0c8
validation,kvasir-seg::cju87r56lnkyp0755hz30leew,cffa1ffe0b7de909cff4298f,4,1,kvasir-seg::cju1c4fcu40hl07992b8gj0c8
validation,kvasir-seg::cju87r56lnkyp0755hz30leew,35009cd076b80a5524b307ed,5,1,kvasir-seg::cju1c4fcu40hl07992b8gj0c8
validation,kvasir-seg::cju87r56lnkyp0755hz30leew,8a684b43b27bd201ef5c3174,6,1,kvasir-seg::cju1c4fcu40hl07992b8gj0c8
validation,kvasir-seg::cju88itqbny720987hxizbj5y,a2879e1caf5a42c8d6a873f5,0,1,kvasir-seg::cju1c4fcu40hl07992b8gj0c8
validation,kvasir-seg::cju88itqbny720987hxizbj5y,d1bc8395eca03b5d46d2c318,1,1,kvasir-seg::cju1c4fcu40hl07992b8gj0c8
validation,kvasir-seg::cju88itqbny720987hxizbj5y,d7bfb2e849b1bdd0ebebd5ce,2,1,kvasir-seg::cju1c4fcu40hl07992b8gj0c8
validation,kvasir-seg::cju88itqbny720987hxizbj5y,9ee231c97daa9b85f7136adf,3,1,kvasir-seg::cju1c4fcu40hl07992b8gj0c8
validation,kvasir-seg::cju88itqbny720987hxizbj5y,2cbe9fae51b78fed802f6a72,4,1,kvasir-seg::cju1c4fcu40hl07992b8gj0c8
validation,kvasir-seg::cju88itqbny720987hxizbj5y,69074f3d4876c13267fe79b0,5,1,kvasir-seg::cju1c4fcu40hl07992b8gj0c8
validation,kvasir-seg::cju88itqbny720987hxizbj5y,57317dd11fc09b1c22e46199,6,1,kvasir-seg::cju1c4fcu40hl07992b8gj0c8
validation,kvasir-seg::cju88oh0po9gq0801nge4tgr1,50b1b1c449dd9784ddeda42e,0,1,kvasir-seg::cju1c4fcu40hl07992b8gj0c8
validation,kvasir-seg::cju88oh0po9gq0801nge4tgr1,ccd5b2c8d004278bad701eba,1,1,kvasir-seg::cju1c4fcu40hl07992b8gj0c8
validation,kvasir-seg::cju88oh0po9gq0801nge4tgr1,8a4924e0a49ed89856246155,2,1,kvasir-seg::cju1c4fcu40hl07992b8gj0c8
validation,kvasir-seg::cju88oh0po9gq0801nge4tgr1,abafeff9f089e66f897e8646,3,1,kvasir-seg::cju1c4fcu40hl07992b8gj0c8
validation,kvasir-seg::cju88oh0po9gq0801nge4tgr1,c3f71b404cc94a360fe840ee,4,1,kvasir-seg::cju1c4fcu40hl07992b8gj0c8
validation,kvasir-seg::cju88oh0po9gq0801nge4tgr1,16e746e87b581ddb62471cdc,5,1,kvasir-seg::cju1c4fcu40hl07992b8gj0c8
validation,kvasir-seg::cju88oh0po9gq0801nge4tgr1,ae37707c4bdae887a3bc7364,6,1,kvasir-seg::cju1c4fcu40hl07992b8gj0c8
validation,kvasir-seg::cju88y1mwoln50871emyfny1g,301fa16fc505da0a619f728b,0,1,kvasir-seg::cju1c4fcu40hl07992b8gj0c8
validation,kvasir-seg::cju88y1mwoln50871emyfny1g,012ff93bbb5afb6c54a3e60b,1,1,kvasir-seg::cju1c4fcu40hl07992b8gj0c8
validation,kvasir-seg::cju88y1mwoln50871emyfny1g,266d78d3b4cb23825807654c,2,1,kvasir-seg::cju1c4fcu40hl07992b8gj0c8
validation,kvasir-seg::cju88y1mwoln50871emyfny1g,4828e2ac0d767273df849448,3,1,kvasir-seg::cju1c4fcu40hl07992b8gj0c8
validation,kvasir-seg::cju88y1mwoln50871emyfny1g,59d190c64d20a29e3cb4e97a,4,1,kvasir-seg::cju1c4fcu40hl07992b8gj0c8
validation,kvasir-seg::cju88y1mwoln50871emyfny1g,ccf82f789146bd6bb0639498,5,1,kvasir-seg::cju1c4fcu40hl07992b8gj0c8
validation,kvasir-seg::cju88y1mwoln50871emyfny1g,625c8b21e23c26740ad08dec,6,1,kvasir-seg::cju1c4fcu40hl07992b8gj0c8
validation,kvasir-seg::cju8aeei7q8k308173n9y4klv,b342d6182ffe3b6994ed8f7b,0,5,kvasir-seg::cju5cu8qkb84x08186jwo8yin
validation,kvasir-seg::cju8aeei7q8k308173n9y4klv,f23ae70f2421b418ace2ac88,1,5,kvasir-seg::cju5cu8qkb84x08186jwo8yin
validation,kvasir-seg::cju8aeei7q8k308173n9y4klv,6b7d3e1a5ad7b6c4e0c30ef9,2,5,kvasir-seg::cju5cu8qkb84x08186jwo8yin
validation,kvasir-seg::cju8aeei7q8k308173n9y4klv,d353c95ca85fb5c16df022da,3,5,kvasir-seg::cju5cu8qkb84x08186jwo8yin
validation,kvasir-seg::cju8aeei7q8k308173n9y4klv,67185430bdbb22eca115bf53,4,5,kvasir-seg::cju5cu8qkb84x08186jwo8yin
validation,kvasir-seg::cju8aeei7q8k308173n9y4klv,deab5b6e57caae46b751234a,5,5,kvasir-seg::cju5cu8qkb84x08186jwo8yin
validation,kvasir-seg::cju8aeei7q8k308173n9y4klv,679137c999363bcd78d532e3,6,5,kvasir-seg::cju5cu8qkb84x08186jwo8yin
validation,kvasir-seg::cju8alhigqn2h0801zksudldd,a209ba0864ee24c9fd176e77,0,6,kvasir-seg::cju7aklv31h4309871m29l4e7
validation,kvasir-seg::cju8alhigqn2h0801zksudldd,0326d6b2e29ea8315a96db22,1,6,kvasir-seg::cju7aklv31h4309871m29l4e7
validation,kvasir-seg::cju8alhigqn2h0801zksudldd,3e059f6543b440aafda67633,2,6,kvasir-seg::cju7aklv31h4309871m29l4e7
validation,kvasir-seg::cju8alhigqn2h0801zksudldd,b58613428b73b7471948cb06,3,6,kvasir-seg::cju7aklv31h4309871m29l4e7
validation,kvasir-seg::cju8alhigqn2h0801zksudldd,d1fc78feef3e960a0761cf0d,4,6,kvasir-seg::cju7aklv31h4309871m29l4e7
validation,kvasir-seg::cju8alhigqn2h0801zksudldd,4eb08ea40a11a343512b0732,5,6,kvasir-seg::cju7aklv31h4309871m29l4e7
validation,kvasir-seg::cju8alhigqn2h0801zksudldd,4103980f15f70c32db4b7922,6,6,kvasir-seg::cju7aklv31h4309871m29l4e7
validation,kvasir-seg::cju8at3s1qqqx0850hcq8nmnq,ddde07600122a5a6d6fccc38,0,1,kvasir-seg::cju1c4fcu40hl07992b8gj0c8
validation,kvasir-seg::cju8at3s1qqqx0850hcq8nmnq,855a25982e8d8c61bd9b2428,1,1,kvasir-seg::cju1c4fcu40hl07992b8gj0c8
validation,kvasir-seg::cju8at3s1qqqx0850hcq8nmnq,ed8c586b5c84b78ccf954cc2,2,1,kvasir-seg::cju1c4fcu40hl07992b8gj0c8
validation,kvasir-seg::cju8at3s1qqqx0850hcq8nmnq,17a77fa277f40097517cb4e3,3,1,kvasir-seg::cju1c4fcu40hl07992b8gj0c8
validation,kvasir-seg::cju8at3s1qqqx0850hcq8nmnq,4c679ff4bce2474f6f986cb5,4,1,kvasir-seg::cju1c4fcu40hl07992b8gj0c8
validation,kvasir-seg::cju8at3s1qqqx0850hcq8nmnq,4d90f677f46ed374b5ee67ee,5,1,kvasir-seg::cju1c4fcu40hl07992b8gj0c8
validation,kvasir-seg::cju8at3s1qqqx0850hcq8nmnq,6f2b717d2bec470dcce6ee88,6,1,kvasir-seg::cju1c4fcu40hl07992b8gj0c8
validation,kvasir-seg::cju8bw697rwg308177tg8huas,03c35a33bde8b7cc72a28073,0,1,kvasir-seg::cju1c4fcu40hl07992b8gj0c8
validation,kvasir-seg::cju8bw697rwg308177tg8huas,a9642d5f03e8a2ad0c1c8a2c,1,1,kvasir-seg::cju1c4fcu40hl07992b8gj0c8
validation,kvasir-seg::cju8bw697rwg308177tg8huas,80a79075111a3308749f5adf,2,1,kvasir-seg::cju1c4fcu40hl07992b8gj0c8
validation,kvasir-seg::cju8bw697rwg308177tg8huas,e14ebe28c8f8120c1745e0f9,3,1,kvasir-seg::cju1c4fcu40hl07992b8gj0c8
validation,kvasir-seg::cju8bw697rwg308177tg8huas,e5ca9f69594ef30704610e13,4,1,kvasir-seg::cju1c4fcu40hl07992b8gj0c8
validation,kvasir-seg::cju8bw697rwg308177tg8huas,2297f6c40ec70bf223661a70,5,1,kvasir-seg::cju1c4fcu40hl07992b8gj0c8
validation,kvasir-seg::cju8bw697rwg308177tg8huas,2b726a0749d66c5e7453aff3,6,1,kvasir-seg::cju1c4fcu40hl07992b8gj0c8
validation,kvasir-seg::cju8chdlqsu620755azjty1tj,9b70fe44f84cd4ecf9fc6f10,0,6,kvasir-seg::cju7aklv31h4309871m29l4e7
validation,kvasir-seg::cju8chdlqsu620755azjty1tj,687cb6d83a0c8e41ab9d7b5f,1,6,kvasir-seg::cju7aklv31h4309871m29l4e7
validation,kvasir-seg::cju8chdlqsu620755azjty1tj,05ad76e4d23d8dda8a3510ea,2,6,kvasir-seg::cju7aklv31h4309871m29l4e7
validation,kvasir-seg::cju8chdlqsu620755azjty1tj,f89eff0c4efc2661b97c7a2a,3,6,kvasir-seg::cju7aklv31h4309871m29l4e7
validation,kvasir-seg::cju8chdlqsu620755azjty1tj,82d34b5dcad79789c7f16424,4,6,kvasir-seg::cju7aklv31h4309871m29l4e7
validation,kvasir-seg::cju8chdlqsu620755azjty1tj,bb2e6a6b228a159c37626685,5,6,kvasir-seg::cju7aklv31h4309871m29l4e7
validation,kvasir-seg::cju8chdlqsu620755azjty1tj,16f00461604b5c02024e591f,6,6,kvasir-seg::cju7aklv31h4309871m29l4e7
validation,kvasir-seg::cju8cwy02t9eq08185qn12c02,85d5922f3444240d37f6ae26,0,1,kvasir-seg::cju1c4fcu40hl07992b8gj0c8
validation,kvasir-seg::cju8cwy02t9eq08185qn12c02,cb57711cb85aabcc1e82c85e,1,1,kvasir-seg::cju1c4fcu40hl07992b8gj0c8
validation,kvasir-seg::cju8cwy02t9eq08185qn12c02,3ba1429687edb4c8b88fa09b,2,1,kvasir-seg::cju1c4fcu40hl07992b8gj0c8
validation,kvasir-seg::cju8cwy02t9eq08185qn12c02,78b254f776b9306c56f0624a,3,1,kvasir-seg::cju1c4fcu40hl07992b8gj0c8
validation,kvasir-seg::cju8cwy02t9eq08185qn12c02,e826f128b790570bcad6e132,4,1,kvasir-seg::cju1c4fcu40hl07992b8gj0c8
validation,kvasir-seg::cju8cwy02t9eq08185qn12c02,cf359ef5be452de2e4307da7,5,1,kvasir-seg::cju1c4fcu40hl07992b8gj0c8
validation,kvasir-seg::cju8cwy02t9eq08185qn12c02,fa8a945d9b8afda7abd19bf0,6,1,kvasir-seg::cju1c4fcu40hl07992b8gj0c8
validation,kvasir-seg::cju8d2q30tfhs0801n7lx77xl,ce3f0c4b110ba7ece195d52e,0,1,kvasir-seg::cju1c4fcu40hl07992b8gj0c8
validation,kvasir-seg::cju8d2q30tfhs0801n7lx77xl,c96bc15a05e58f22899dc64f,1,1,kvasir-seg::cju1c4fcu40hl07992b8gj0c8
validation,kvasir-seg::cju8d2q30tfhs0801n7lx77xl,c80669eb095b138afdb97b00,2,1,kvasir-seg::cju1c4fcu40hl07992b8gj0c8
validation,kvasir-seg::cju8d2q30tfhs0801n7lx77xl,fadf1bbfbe275eb72f79d412,3,1,kvasir-seg::cju1c4fcu40hl07992b8gj0c8
validation,kvasir-seg::cju8d2q30tfhs0801n7lx77xl,44eecbfb825b0c04ad76c877,4,1,kvasir-seg::cju1c4fcu40hl07992b8gj0c8
validation,kvasir-seg::cju8d2q30tfhs0801n7lx77xl,7bd90b0a379f6b772e13517a,5,1,kvasir-seg::cju1c4fcu40hl07992b8gj0c8
validation,kvasir-seg::cju8d2q30tfhs0801n7lx77xl,dfa5ddf6a57855395a7c7e54,6,1,kvasir-seg::cju1c4fcu40hl07992b8gj0c8
test,kvasir-seg::cju0ue769mxii08019zqgdbxn,3c91d6f2de3ac26e6f854ae0,0,6,kvasir-seg::cju7aklv31h4309871m29l4e7
test,kvasir-seg::cju0ue769mxii08019zqgdbxn,1090cf6a57cccb295bcc215c,1,6,kvasir-seg::cju7aklv31h4309871m29l4e7
test,kvasir-seg::cju0ue769mxii08019zqgdbxn,635340b431e7b357ac67542d,2,6,kvasir-seg::cju7aklv31h4309871m29l4e7
test,kvasir-seg::cju0ue769mxii08019zqgdbxn,cfbf4fd768fe9cafaaea70b5,3,6,kvasir-seg::cju7aklv31h4309871m29l4e7
test,kvasir-seg::cju0ue769mxii08019zqgdbxn,e5c2d1702da6708e255ce7c0,4,6,kvasir-seg::cju7aklv31h4309871m29l4e7
test,kvasir-seg::cju0ue769mxii08019zqgdbxn,786732ca43c1e7f12fb763dd,5,6,kvasir-seg::cju7aklv31h4309871m29l4e7
test,kvasir-seg::cju0ue769mxii08019zqgdbxn,c2f3832ca37fe7b6eccc59f2,6,6,kvasir-seg::cju7aklv31h4309871m29l4e7
test,kvasir-seg::cju13cgqmnhwn0988yrainhcp,049f04dd4074e70d4256dc22,0,2,kvasir-seg::cju2pmhtr17a00855cvpelzb0
test,kvasir-seg::cju13cgqmnhwn0988yrainhcp,3e0afe8ded038f916a964566,1,2,kvasir-seg::cju2pmhtr17a00855cvpelzb0
test,kvasir-seg::cju13cgqmnhwn0988yrainhcp,a978903e961f3abe111faa34,2,2,kvasir-seg::cju2pmhtr17a00855cvpelzb0
test,kvasir-seg::cju13cgqmnhwn0988yrainhcp,a0b6d3046369b08074dd118f,3,6,kvasir-seg::cju7aklv31h4309871m29l4e7
test,kvasir-seg::cju13cgqmnhwn0988yrainhcp,2c1a6d7919bff4d122655f29,4,6,kvasir-seg::cju7aklv31h4309871m29l4e7
test,kvasir-seg::cju13cgqmnhwn0988yrainhcp,aa0baa4a5fb7ac0c68001e28,5,6,kvasir-seg::cju7aklv31h4309871m29l4e7
test,kvasir-seg::cju13cgqmnhwn0988yrainhcp,c92a930847bc7769b7f134af,6,6,kvasir-seg::cju7aklv31h4309871m29l4e7
test,kvasir-seg::cju16ach3m1da0993r1dq3sn2,003df57373f0c8a797a09b8a,0,1,kvasir-seg::cju1c4fcu40hl07992b8gj0c8
test,kvasir-seg::cju16ach3m1da0993r1dq3sn2,bb67b3c34f857c29f56f70e8,1,1,kvasir-seg::cju1c4fcu40hl07992b8gj0c8
test,kvasir-seg::cju16ach3m1da0993r1dq3sn2,bdd565a0707e1e0f3d76d569,2,1,kvasir-seg::cju1c4fcu40hl07992b8gj0c8
test,kvasir-seg::cju16ach3m1da0993r1dq3sn2,8d240075dd4142349a18852c,3,1,kvasir-seg::cju1c4fcu40hl07992b8gj0c8
test,kvasir-seg::cju16ach3m1da0993r1dq3sn2,36f3cc5d1d744e116f348ba3,4,1,kvasir-seg::cju1c4fcu40hl07992b8gj0c8
test,kvasir-seg::cju16ach3m1da0993r1dq3sn2,be140b087f0106374b5f6617,5,1,kvasir-seg::cju1c4fcu40hl07992b8gj0c8
test,kvasir-seg::cju16ach3m1da0993r1dq3sn2,e647844eeae28a34aea7354d,6,1,kvasir-seg::cju1c4fcu40hl07992b8gj0c8
test,kvasir-seg::cju171py4qiha0835u8sl59ds,d488307dc22192893816015d,0,1,kvasir-seg::cju1c4fcu40hl07992b8gj0c8
test,kvasir-seg::cju171py4qiha0835u8sl59ds,5f817402aaa920db79aebdd3,1,1,kvasir-seg::cju1c4fcu40hl07992b8gj0c8
test,kvasir-seg::cju171py4qiha0835u8sl59ds,407927200f237da33f2bc61e,2,1,kvasir-seg::cju1c4fcu40hl07992b8gj0c8
test,kvasir-seg::cju171py4qiha0835u8sl59ds,c69c1def2fd811b9747f4543,3,1,kvasir-seg::cju1c4fcu40hl07992b8gj0c8
test,kvasir-seg::cju171py4qiha0835u8sl59ds,08344f2907f8336697089489,4,1,kvasir-seg::cju1c4fcu40hl07992b8gj0c8
test,kvasir-seg::cju171py4qiha0835u8sl59ds,2546cb5276e59d3624ac6bd9,5,1,kvasir-seg::cju1c4fcu40hl07992b8gj0c8
test,kvasir-seg::cju171py4qiha0835u8sl59ds,aafe6dba15f9baf8a8704f72,6,1,kvasir-seg::cju1c4fcu40hl07992b8gj0c8
test,kvasir-seg::cju17g6ykn1cs0993dww6qdi8,30de2c6da3eed703ccb185b6,0,1,kvasir-seg::cju1c4fcu40hl07992b8gj0c8
test,kvasir-seg::cju17g6ykn1cs0993dww6qdi8,c8b97daa406c9aab9adbab24,1,1,kvasir-seg::cju1c4fcu40hl07992b8gj0c8
test,kvasir-seg::cju17g6ykn1cs0993dww6qdi8,2be707548addd3d007710e59,2,1,kvasir-seg::cju1c4fcu40hl07992b8gj0c8
test,kvasir-seg::cju17g6ykn1cs0993dww6qdi8,1ca54f5630b09926c9b0851e,3,1,kvasir-seg::cju1c4fcu40hl07992b8gj0c8
test,kvasir-seg::cju17g6ykn1cs0993dww6qdi8,4b4c6dfcb7f622e8e4c59afe,4,1,kvasir-seg::cju1c4fcu40hl07992b8gj0c8
test,kvasir-seg::cju17g6ykn1cs0993dww6qdi8,df77bcf205cf1a42e77e6544,5,1,kvasir-seg::cju1c4fcu40hl07992b8gj0c8
test,kvasir-seg::cju17g6ykn1cs0993dww6qdi8,eb801b1897f388bf3afc7813,6,1,kvasir-seg::cju1c4fcu40hl07992b8gj0c8
test,kvasir-seg::cju183od81ff608017ekzif89,4e01fc9072360ddacf9dec62,0,6,kvasir-seg::cju7aklv31h4309871m29l4e7
test,kvasir-seg::cju183od81ff608017ekzif89,ce5a9dd999334f94423423e3,1,6,kvasir-seg::cju7aklv31h4309871m29l4e7
test,kvasir-seg::cju183od81ff608017ekzif89,124155e27fbda31642117719,2,6,kvasir-seg::cju7aklv31h4309871m29l4e7
test,kvasir-seg::cju183od81ff608017ekzif89,ba18a75965557d5215a3ea6c,3,6,kvasir-seg::cju7aklv31h4309871m29l4e7
test,kvasir-seg::cju183od81ff608017ekzif89,c9f2f59d6c32226b533bd17c,4,6,kvasir-seg::cju7aklv31h4309871m29l4e7
test,kvasir-seg::cju183od81ff608017ekzif89,5b61213ea7aec3057a63b305,5,6,kvasir-seg::cju7aklv31h4309871m29l4e7
test,kvasir-seg::cju183od81ff608017ekzif89,1c62ad6098892b42f8d9b7ae,6,6,kvasir-seg::cju7aklv31h4309871m29l4e7
test,kvasir-seg::cju1c0qb4tzi308355wtsnp0y,7cbbbe053cca76708ff65984,0,1,kvasir-seg::cju1c4fcu40hl07992b8gj0c8
test,kvasir-seg::cju1c0qb4tzi308355wtsnp0y,e05e6ad1f24287c0e233b16d,1,1,kvasir-seg::cju1c4fcu40hl07992b8gj0c8
test,kvasir-seg::cju1c0qb4tzi308355wtsnp0y,4eaa218d02d406b1c844f964,2,1,kvasir-seg::cju1c4fcu40hl07992b8gj0c8
test,kvasir-seg::cju1c0qb4tzi308355wtsnp0y,1c8e502d9f8b5d13d6002630,3,1,kvasir-seg::cju1c4fcu40hl07992b8gj0c8
test,kvasir-seg::cju1c0qb4tzi308355wtsnp0y,78578f7ef6acdd1a9d9cc576,4,1,kvasir-seg::cju1c4fcu40hl07992b8gj0c8
test,kvasir-seg::cju1c0qb4tzi308355wtsnp0y,c734722f30059dfb7602d1b3,5,1,kvasir-seg::cju1c4fcu40hl07992b8gj0c8
test,kvasir-seg::cju1c0qb4tzi308355wtsnp0y,017f58b00088a2cfdde31dc2,6,1,kvasir-seg::cju1c4fcu40hl07992b8gj0c8
test,kvasir-seg::cju1cyjb5qtie0993njqne9m3,917f69d5e959739f44a44b89,0,1,kvasir-seg::cju1c4fcu40hl07992b8gj0c8
test,kvasir-seg::cju1cyjb5qtie0993njqne9m3,40d9f54f42d77ac221556456,1,1,kvasir-seg::cju1c4fcu40hl07992b8gj0c8
test,kvasir-seg::cju1cyjb5qtie0993njqne9m3,f48768c71f6de8fd0c969418,2,1,kvasir-seg::cju1c4fcu40hl07992b8gj0c8
test,kvasir-seg::cju1cyjb5qtie0993njqne9m3,c77a68436e92cd2c1171282e,3,1,kvasir-seg::cju1c4fcu40hl07992b8gj0c8
test,kvasir-seg::cju1cyjb5qtie0993njqne9m3,4ca47598ad585c75fb1f0d9e,4,1,kvasir-seg::cju1c4fcu40hl07992b8gj0c8
test,kvasir-seg::cju1cyjb5qtie0993njqne9m3,ffb8f7197759c0fba136e085,5,1,kvasir-seg::cju1c4fcu40hl07992b8gj0c8
test,kvasir-seg::cju1cyjb5qtie0993njqne9m3,dfdc43f50c7092011eafcec6,6,1,kvasir-seg::cju1c4fcu40hl07992b8gj0c8
test,kvasir-seg::cju1d50a94qf50855wsowacrc,91fa00348b02fcd0a1e2877e,0,3,kvasir-seg::cju34ymm8d6700799uop0cw33
test,kvasir-seg::cju1d50a94qf50855wsowacrc,b3e73cee2a2a8ca07c8516af,1,3,kvasir-seg::cju34ymm8d6700799uop0cw33
test,kvasir-seg::cju1d50a94qf50855wsowacrc,fbeb9f708a72972ab511338c,2,3,kvasir-seg::cju34ymm8d6700799uop0cw33
test,kvasir-seg::cju1d50a94qf50855wsowacrc,f60114bda54d071ec412da6d,3,3,kvasir-seg::cju34ymm8d6700799uop0cw33
test,kvasir-seg::cju1d50a94qf50855wsowacrc,5eea71bb6e672909ac316b31,4,3,kvasir-seg::cju34ymm8d6700799uop0cw33
test,kvasir-seg::cju1d50a94qf50855wsowacrc,1f9763242426c7e088806bff,5,3,kvasir-seg::cju34ymm8d6700799uop0cw33
test,kvasir-seg::cju1d50a94qf50855wsowacrc,5e824d8c7e861097f57d3f4b,6,3,kvasir-seg::cju34ymm8d6700799uop0cw33
test,kvasir-seg::cju1fb9236a110801yvg0fwju,cb7fed6f4086385e38bbd321,0,1,kvasir-seg::cju1c4fcu40hl07992b8gj0c8
test,kvasir-seg::cju1fb9236a110801yvg0fwju,74dc7ea2870f95c77681f602,1,1,kvasir-seg::cju1c4fcu40hl07992b8gj0c8
test,kvasir-seg::cju1fb9236a110801yvg0fwju,f9dff14ed7861eb290de407f,2,1,kvasir-seg::cju1c4fcu40hl07992b8gj0c8
test,kvasir-seg::cju1fb9236a110801yvg0fwju,322c712808414a03d15fedf6,3,1,kvasir-seg::cju1c4fcu40hl07992b8gj0c8
test,kvasir-seg::cju1fb9236a110801yvg0fwju,73df43f42d596bd084517ffe,4,1,kvasir-seg::cju1c4fcu40hl07992b8gj0c8
test,kvasir-seg::cju1fb9236a110801yvg0fwju,e329c901584d2e4e9449c2c7,5,1,kvasir-seg::cju1c4fcu40hl07992b8gj0c8
test,kvasir-seg::cju1fb9236a110801yvg0fwju,1943a6c57804819bf71573b8,6,1,kvasir-seg::cju1c4fcu40hl07992b8gj0c8
test,kvasir-seg::cju1ftaji6isw0855108yqcse,27a0b24ad2213fe3002950ff,0,1,kvasir-seg::cju1c4fcu40hl07992b8gj0c8
test,kvasir-seg::cju1ftaji6isw0855108yqcse,208c586062e88da54eaf6326,1,1,kvasir-seg::cju1c4fcu40hl07992b8gj0c8
test,kvasir-seg::cju1ftaji6isw0855108yqcse,f2df708a7852ccd514c49676,2,1,kvasir-seg::cju1c4fcu40hl07992b8gj0c8
test,kvasir-seg::cju1ftaji6isw0855108yqcse,417b5bf35a2c2d991a80e413,3,1,kvasir-seg::cju1c4fcu40hl07992b8gj0c8
test,kvasir-seg::cju1ftaji6isw0855108yqcse,eed46063008d9012886f40da,4,1,kvasir-seg::cju1c4fcu40hl07992b8gj0c8
test,kvasir-seg::cju1ftaji6isw0855108yqcse,cef44bed8f96704b123c25a0,5,1,kvasir-seg::cju1c4fcu40hl07992b8gj0c8
test,kvasir-seg::cju1ftaji6isw0855108yqcse,817c5c78c91c58d0c424a015,6,1,kvasir-seg::cju1c4fcu40hl07992b8gj0c8
test,kvasir-seg::cju1gv7106qd008784gk603mg,1666cf0b9bbe2909bb411237,0,6,kvasir-seg::cju7aklv31h4309871m29l4e7
test,kvasir-seg::cju1gv7106qd008784gk603mg,4e51e70d48ad55b2ebf87871,1,6,kvasir-seg::cju7aklv31h4309871m29l4e7
test,kvasir-seg::cju1gv7106qd008784gk603mg,cae97aeec2a2f101c8cf3207,2,6,kvasir-seg::cju7aklv31h4309871m29l4e7
test,kvasir-seg::cju1gv7106qd008784gk603mg,48a24b91e9c71152dc10cea5,3,6,kvasir-seg::cju7aklv31h4309871m29l4e7
test,kvasir-seg::cju1gv7106qd008784gk603mg,821acd1ed5f485560919a334,4,6,kvasir-seg::cju7aklv31h4309871m29l4e7
test,kvasir-seg::cju1gv7106qd008784gk603mg,91e328b451ea9b0af02746c3,5,6,kvasir-seg::cju7aklv31h4309871m29l4e7
test,kvasir-seg::cju1gv7106qd008784gk603mg,5e052abd50a827ad761330e2,6,6,kvasir-seg::cju7aklv31h4309871m29l4e7
test,kvasir-seg::cju1hirfi7ekp0855q0vgm9qq,0d2a8dc60949bf29cf0c864b,0,3,kvasir-seg::cju34ymm8d6700799uop0cw33
test,kvasir-seg::cju1hirfi7ekp0855q0vgm9qq,90b3572a2fb33d1ee66061eb,1,3,kvasir-seg::cju34ymm8d6700799uop0cw33
test,kvasir-seg::cju1hirfi7ekp0855q0vgm9qq,ed1659ed299d55fbb3468cc5,2,3,kvasir-seg::cju34ymm8d6700799uop0cw33
test,kvasir-seg::cju1hirfi7ekp0855q0vgm9qq,50eba110d977d13084252266,3,3,kvasir-seg::cju34ymm8d6700799uop0cw33
test,kvasir-seg::cju1hirfi7ekp0855q0vgm9qq,bb32591a6d43233bc97fbc78,4,3,kvasir-seg::cju34ymm8d6700799uop0cw33
test,kvasir-seg::cju1hirfi7ekp0855q0vgm9qq,58953f52b7e69c9ab154014c,5,3,kvasir-seg::cju34ymm8d6700799uop0cw33
test,kvasir-seg::cju1hirfi7ekp0855q0vgm9qq,599eba8349ad6314d9ad7fc2,6,3,kvasir-seg::cju34ymm8d6700799uop0cw33
test,kvasir-seg::cju2i6acqvo6l0799u20fift8,4ecb24f89974f3eb28e7a225,0,6,kvasir-seg::cju7aklv31h4309871m29l4e7
test,kvasir-seg::cju2i6acqvo6l0799u20fift8,e3af93adfd30624d8a8da7ef,1,6,kvasir-seg::cju7aklv31h4309871m29l4e7
test,kvasir-seg::cju2i6acqvo6l0799u20fift8,fedf964710aacabfe3c52ec3,2,6,kvasir-seg::cju7aklv31h4309871m29l4e7
test,kvasir-seg::cju2i6acqvo6l0799u20fift8,187d6eaabd4578ec78e57676,3,6,kvasir-seg::cju7aklv31h4309871m29l4e7
test,kvasir-seg::cju2i6acqvo6l0799u20fift8,ae1d57b7b9959fa35e017a54,4,6,kvasir-seg::cju7aklv31h4309871m29l4e7
test,kvasir-seg::cju2i6acqvo6l0799u20fift8,f45376556a0bd4fa3b29366a,5,6,kvasir-seg::cju7aklv31h4309871m29l4e7
test,kvasir-seg::cju2i6acqvo6l0799u20fift8,1177c05eac0f2bbd3c965144,6,6,kvasir-seg::cju7aklv31h4309871m29l4e7
test,kvasir-seg::cju2nguelpmlj0835rojdn097,0653a49fc08631dc16fd87e2,0,2,kvasir-seg::cju2pmhtr17a00855cvpelzb0
test,kvasir-seg::cju2nguelpmlj0835rojdn097,1e3986f5a008a49775f5e664,1,2,kvasir-seg::cju2pmhtr17a00855cvpelzb0
test,kvasir-seg::cju2nguelpmlj0835rojdn097,949b3f18bbdd6e4ccd11e0e3,2,2,kvasir-seg::cju2pmhtr17a00855cvpelzb0
test,kvasir-seg::cju2nguelpmlj0835rojdn097,abc8ea14cc23dbcaf46da165,3,2,kvasir-seg::cju2pmhtr17a00855cvpelzb0
test,kvasir-seg::cju2nguelpmlj0835rojdn097,4c49ac1d033b90a6042c7a38,4,2,kvasir-seg::cju2pmhtr17a00855cvpelzb0
test,kvasir-seg::cju2nguelpmlj0835rojdn097,7eecd3cf22aae4133f27e8b0,5,2,kvasir-seg::cju2pmhtr17a00855cvpelzb0
test,kvasir-seg::cju2nguelpmlj0835rojdn097,c530717517df634bf1c45b45,6,2,kvasir-seg::cju2pmhtr17a00855cvpelzb0
test,kvasir-seg::cju2omjpeqj5a0988pjdlb8l1,105adfe33944f9bbbfd75d0f,0,6,kvasir-seg::cju7aklv31h4309871m29l4e7
test,kvasir-seg::cju2omjpeqj5a0988pjdlb8l1,f5a0fbece4054d3f17259e3e,1,6,kvasir-seg::cju7aklv31h4309871m29l4e7
test,kvasir-seg::cju2omjpeqj5a0988pjdlb8l1,7820d8dc8516e1596c765b6f,2,6,kvasir-seg::cju7aklv31h4309871m29l4e7
test,kvasir-seg::cju2omjpeqj5a0988pjdlb8l1,aabf7619ff8189ad7be44a23,3,6,kvasir-seg::cju7aklv31h4309871m29l4e7
test,kvasir-seg::cju2omjpeqj5a0988pjdlb8l1,b3caabb911ccdb7b46bfb9b7,4,6,kvasir-seg::cju7aklv31h4309871m29l4e7
test,kvasir-seg::cju2omjpeqj5a0988pjdlb8l1,5e20489a2903468126510be3,5,6,kvasir-seg::cju7aklv31h4309871m29l4e7
test,kvasir-seg::cju2omjpeqj5a0988pjdlb8l1,3a0a9e0d9477578f4c514de0,6,6,kvasir-seg::cju7aklv31h4309871m29l4e7
test,kvasir-seg::cju2p0eveqtdc0835gpi3p93i,c7f64fa689f2a714b0b6467a,0,6,kvasir-seg::cju7aklv31h4309871m29l4e7
test,kvasir-seg::cju2p0eveqtdc0835gpi3p93i,56b36a61b6958461be08d6ed,1,6,kvasir-seg::cju7aklv31h4309871m29l4e7
test,kvasir-seg::cju2p0eveqtdc0835gpi3p93i,b96451a195892de27f2d4f5b,2,6,kvasir-seg::cju7aklv31h4309871m29l4e7
test,kvasir-seg::cju2p0eveqtdc0835gpi3p93i,8970bc330fc6f14f9b2d4826,3,6,kvasir-seg::cju7aklv31h4309871m29l4e7
test,kvasir-seg::cju2p0eveqtdc0835gpi3p93i,50922f19a9c3f1f414831927,4,6,kvasir-seg::cju7aklv31h4309871m29l4e7
test,kvasir-seg::cju2p0eveqtdc0835gpi3p93i,3430c2b663fd4e9429d8fcc8,5,6,kvasir-seg::cju7aklv31h4309871m29l4e7
test,kvasir-seg::cju2p0eveqtdc0835gpi3p93i,d1aa1e89264ff6f3b593204b,6,6,kvasir-seg::cju7aklv31h4309871m29l4e7
test,kvasir-seg::cju2p4ddkmzxj0993p94o62av,a39ddee8b9f66d5f81f7fb73,0,6,kvasir-seg::cju7aklv31h4309871m29l4e7
test,kvasir-seg::cju2p4ddkmzxj0993p94o62av,b69b41b6cd1a60abe9664077,1,6,kvasir-seg::cju7aklv31h4309871m29l4e7
test,kvasir-seg::cju2p4ddkmzxj0993p94o62av,1dfd2daa7376b5734e877c3f,2,6,kvasir-seg::cju7aklv31h4309871m29l4e7
test,kvasir-seg::cju2p4ddkmzxj0993p94o62av,a9402e8a9247d218f7f49e3d,3,6,kvasir-seg::cju7aklv31h4309871m29l4e7
test,kvasir-seg::cju2p4ddkmzxj0993p94o62av,a219623299dcc5c849bc4f12,4,6,kvasir-seg::cju7aklv31h4309871m29l4e7
test,kvasir-seg::cju2p4ddkmzxj0993p94o62av,42a73c08b09f7c12061d6615,5,6,kvasir-seg::cju7aklv31h4309871m29l4e7
test,kvasir-seg::cju2p4ddkmzxj0993p94o62av,809e9b62fcfecbf63e5cbcc8,6,6,kvasir-seg::cju7aklv31h4309871m29l4e7
test,kvasir-seg::cju2qh5le1ock0878oahaql7d,55bfdc74387ea2cde3cef8f0,0,6,kvasir-seg::cju7aklv31h4309871m29l4e7
test,kvasir-seg::cju2qh5le1ock0878oahaql7d,afe7ed144b933fd99decf4a9,1,6,kvasir-seg::cju7aklv31h4309871m29l4e7
test,kvasir-seg::cju2qh5le1ock0878oahaql7d,5eea6b90a9f155f0978eb119,2,6,kvasir-seg::cju7aklv31h4309871m29l4e7
test,kvasir-seg::cju2qh5le1ock0878oahaql7d,2eff027ad890d1b40ddc2ec2,3,6,kvasir-seg::cju7aklv31h4309871m29l4e7
test,kvasir-seg::cju2qh5le1ock0878oahaql7d,594943a14a4a8d8fc30917d6,4,6,kvasir-seg::cju7aklv31h4309871m29l4e7
test,kvasir-seg::cju2qh5le1ock0878oahaql7d,24d709ef977fb62702e1e93e,5,6,kvasir-seg::cju7aklv31h4309871m29l4e7
test,kvasir-seg::cju2qh5le1ock0878oahaql7d,0d6c7036d86c136c72849041,6,6,kvasir-seg::cju7aklv31h4309871m29l4e7
test,kvasir-seg::cju2qz06823a40878ojcz9ccx,8aa2a9c8778dd83d4174cb55,0,6,kvasir-seg::cju7aklv31h4309871m29l4e7
test,kvasir-seg::cju2qz06823a40878ojcz9ccx,dcf9fee6ee51e452c0ca13f8,1,6,kvasir-seg::cju7aklv31h4309871m29l4e7
test,kvasir-seg::cju2qz06823a40878ojcz9ccx,351fc1d4862909c8f72e4921,2,6,kvasir-seg::cju7aklv31h4309871m29l4e7
test,kvasir-seg::cju2qz06823a40878ojcz9ccx,1e9face4d262e1464b5cbac4,3,6,kvasir-seg::cju7aklv31h4309871m29l4e7
test,kvasir-seg::cju2qz06823a40878ojcz9ccx,222727ac238e5854973e1d2b,4,6,kvasir-seg::cju7aklv31h4309871m29l4e7
test,kvasir-seg::cju2qz06823a40878ojcz9ccx,93b3e0be99e3e4e781e5855e,5,6,kvasir-seg::cju7aklv31h4309871m29l4e7
test,kvasir-seg::cju2qz06823a40878ojcz9ccx,82438ab365fe2227ad09f9ef,6,6,kvasir-seg::cju7aklv31h4309871m29l4e7
test,kvasir-seg::cju2r11x7sdgx0988o8ule0wl,8644c8f4e8f47672e100c58e,0,6,kvasir-seg::cju7aklv31h4309871m29l4e7
test,kvasir-seg::cju2r11x7sdgx0988o8ule0wl,fc3ffc5b03b92271a4e2790b,1,6,kvasir-seg::cju7aklv31h4309871m29l4e7
test,kvasir-seg::cju2r11x7sdgx0988o8ule0wl,107aec58d6f7c5802ef167a7,2,6,kvasir-seg::cju7aklv31h4309871m29l4e7
test,kvasir-seg::cju2r11x7sdgx0988o8ule0wl,3cf65ba70a5c61db07d3a746,3,6,kvasir-seg::cju7aklv31h4309871m29l4e7
test,kvasir-seg::cju2r11x7sdgx0988o8ule0wl,05a431a4ae75f9310235bc42,4,6,kvasir-seg::cju7aklv31h4309871m29l4e7
test,kvasir-seg::cju2r11x7sdgx0988o8ule0wl,290203206aeee1b2df29a148,5,6,kvasir-seg::cju7aklv31h4309871m29l4e7
test,kvasir-seg::cju2r11x7sdgx0988o8ule0wl,0d82ca0a445ed8adff9c7f1d,6,6,kvasir-seg::cju7aklv31h4309871m29l4e7
test,kvasir-seg::cju2r7h21sj9608354gzks3ae,e23a2c7e2adba5c5130c534b,0,4,kvasir-seg::cju3v72v5h1qz0818fggilwtq
test,kvasir-seg::cju2r7h21sj9608354gzks3ae,6115300f666080dc3fa5c4ae,1,4,kvasir-seg::cju3v72v5h1qz0818fggilwtq
test,kvasir-seg::cju2r7h21sj9608354gzks3ae,b4dfd9cc804ea599bfeebbde,2,4,kvasir-seg::cju3v72v5h1qz0818fggilwtq
test,kvasir-seg::cju2r7h21sj9608354gzks3ae,dd9d426bf8075cf6bd80e7b6,3,4,kvasir-seg::cju3v72v5h1qz0818fggilwtq
test,kvasir-seg::cju2r7h21sj9608354gzks3ae,4ddb31e46adb02433ef713ad,4,4,kvasir-seg::cju3v72v5h1qz0818fggilwtq
test,kvasir-seg::cju2r7h21sj9608354gzks3ae,79cfb7ad22263eba20cdfd95,5,4,kvasir-seg::cju3v72v5h1qz0818fggilwtq
test,kvasir-seg::cju2r7h21sj9608354gzks3ae,7275bf47668ed8fdfefa13aa,6,4,kvasir-seg::cju3v72v5h1qz0818fggilwtq
test,kvasir-seg::cju2rga4psq9n09881z519xx0,54f6d3e8db0c2a325caabd04,0,5,kvasir-seg::cju5cu8qkb84x08186jwo8yin
test,kvasir-seg::cju2rga4psq9n09881z519xx0,5e4ce2d17b869f85205e4bc2,1,5,kvasir-seg::cju5cu8qkb84x08186jwo8yin
test,kvasir-seg::cju2rga4psq9n09881z519xx0,f8cb6f49c18eb5fc11a960cc,2,5,kvasir-seg::cju5cu8qkb84x08186jwo8yin
test,kvasir-seg::cju2rga4psq9n09881z519xx0,e5ea5bdbfbae48e00af0b1a8,3,5,kvasir-seg::cju5cu8qkb84x08186jwo8yin
test,kvasir-seg::cju2rga4psq9n09881z519xx0,67056c26c384c16edcb2600d,4,5,kvasir-seg::cju5cu8qkb84x08186jwo8yin
test,kvasir-seg::cju2rga4psq9n09881z519xx0,d476f46f1691d58e3e4ed05e,5,5,kvasir-seg::cju5cu8qkb84x08186jwo8yin
test,kvasir-seg::cju2rga4psq9n09881z519xx0,857aee67b64aaa610681cbf3,6,5,kvasir-seg::cju5cu8qkb84x08186jwo8yin
test,kvasir-seg::cju2spdagu1l50835da1f46fr,dbeb3b4a84c8d5efb8b0312d,0,5,kvasir-seg::cju5cu8qkb84x08186jwo8yin
test,kvasir-seg::cju2spdagu1l50835da1f46fr,4dc271679ba9b95224a35f79,1,1,kvasir-seg::cju1c4fcu40hl07992b8gj0c8
test,kvasir-seg::cju2spdagu1l50835da1f46fr,3596f11f87b9d8fac5e25e9b,2,1,kvasir-seg::cju1c4fcu40hl07992b8gj0c8
test,kvasir-seg::cju2spdagu1l50835da1f46fr,02048337e82d2a8d9ff6c884,3,1,kvasir-seg::cju1c4fcu40hl07992b8gj0c8
test,kvasir-seg::cju2spdagu1l50835da1f46fr,1e6ef768c9cec1d0624a553a,4,1,kvasir-seg::cju1c4fcu40hl07992b8gj0c8
test,kvasir-seg::cju2spdagu1l50835da1f46fr,abb8b369c57cc178275fe54b,5,1,kvasir-seg::cju1c4fcu40hl07992b8gj0c8
test,kvasir-seg::cju2spdagu1l50835da1f46fr,d18385245d5a804a178c5a6f,6,1,kvasir-seg::cju1c4fcu40hl07992b8gj0c8
test,kvasir-seg::cju2sxf3iqbpv09937iksn8ep,1c4cc78a9e46e9f14be7debf,0,6,kvasir-seg::cju7aklv31h4309871m29l4e7
test,kvasir-seg::cju2sxf3iqbpv09937iksn8ep,f98637ef41598e8d65791ba0,1,6,kvasir-seg::cju7aklv31h4309871m29l4e7
test,kvasir-seg::cju2sxf3iqbpv09937iksn8ep,2429a6d6324034631251212d,2,6,kvasir-seg::cju7aklv31h4309871m29l4e7
test,kvasir-seg::cju2sxf3iqbpv09937iksn8ep,57fd151a4d7fdbaa3746fa86,3,6,kvasir-seg::cju7aklv31h4309871m29l4e7
test,kvasir-seg::cju2sxf3iqbpv09937iksn8ep,a4fbf54b59beb882d30bf45a,4,6,kvasir-seg::cju7aklv31h4309871m29l4e7
test,kvasir-seg::cju2sxf3iqbpv09937iksn8ep,fdb917fb19a0d551b031c340,5,6,kvasir-seg::cju7aklv31h4309871m29l4e7
test,kvasir-seg::cju2sxf3iqbpv09937iksn8ep,012a81b0121783fb5ebc2b97,6,6,kvasir-seg::cju7aklv31h4309871m29l4e7
test,kvasir-seg::cju2tjrog4jy30878pawyazqc,b6142d6bb872587c09e59076,0,6,kvasir-seg::cju7aklv31h4309871m29l4e7
test,kvasir-seg::cju2tjrog4jy30878pawyazqc,a9de12bea7ec66e339013b62,1,6,kvasir-seg::cju7aklv31h4309871m29l4e7
test,kvasir-seg::cju2tjrog4jy30878pawyazqc,4cde0e3cc2d7f44a0b40b1df,2,6,kvasir-seg::cju7aklv31h4309871m29l4e7
test,kvasir-seg::cju2tjrog4jy30878pawyazqc,e138fc2c8785e41634010b62,3,6,kvasir-seg::cju7aklv31h4309871m29l4e7
test,kvasir-seg::cju2tjrog4jy30878pawyazqc,a56c669391c561e0b855e2f2,4,6,kvasir-seg::cju7aklv31h4309871m29l4e7
test,kvasir-seg::cju2tjrog4jy30878pawyazqc,9dbff2ee596b469d7c68ceb6,5,6,kvasir-seg::cju7aklv31h4309871m29l4e7
test,kvasir-seg::cju2tjrog4jy30878pawyazqc,4f9a0ce18665706f268df0cb,6,6,kvasir-seg::cju7aklv31h4309871m29l4e7
test,kvasir-seg::cju2u4pymvc720988wsxrmi84,83779908fdc57b412b25131e,0,1,kvasir-seg::cju1c4fcu40hl07992b8gj0c8
test,kvasir-seg::cju2u4pymvc720988wsxrmi84,153a8d5ceb4b98279b8ffb32,1,1,kvasir-seg::cju1c4fcu40hl07992b8gj0c8
test,kvasir-seg::cju2u4pymvc720988wsxrmi84,c18be37a463d063cb94cf178,2,1,kvasir-seg::cju1c4fcu40hl07992b8gj0c8
test,kvasir-seg::cju2u4pymvc720988wsxrmi84,addb4a047dc2a012c716529c,3,1,kvasir-seg::cju1c4fcu40hl07992b8gj0c8
test,kvasir-seg::cju2u4pymvc720988wsxrmi84,b0179ce8598b467297acb8c7,4,1,kvasir-seg::cju1c4fcu40hl07992b8gj0c8
test,kvasir-seg::cju2u4pymvc720988wsxrmi84,d50c772f15d86454ee570e37,5,1,kvasir-seg::cju1c4fcu40hl07992b8gj0c8
test,kvasir-seg::cju2u4pymvc720988wsxrmi84,a8540d440d86e51e76cd4a1b,6,1,kvasir-seg::cju1c4fcu40hl07992b8gj0c8
test,kvasir-seg::cju2urqpwvxw70835rvndvtsi,75b46f885b9570af15e09c0f,0,1,kvasir-seg::cju1c4fcu40hl07992b8gj0c8
test,kvasir-seg::cju2urqpwvxw70835rvndvtsi,b23e4e39cf1f87b5cdbe214d,1,1,kvasir-seg::cju1c4fcu40hl07992b8gj0c8
test,kvasir-seg::cju2urqpwvxw70835rvndvtsi,ee15be93bb62207b27764248,2,1,kvasir-seg::cju1c4fcu40hl07992b8gj0c8
test,kvasir-seg::cju2urqpwvxw70835rvndvtsi,b0a69888e6f66b74c097abc1,3,1,kvasir-seg::cju1c4fcu40hl07992b8gj0c8
test,kvasir-seg::cju2urqpwvxw70835rvndvtsi,0ffad22947cd59968ff6ef0e,4,1,kvasir-seg::cju1c4fcu40hl07992b8gj0c8
test,kvasir-seg::cju2urqpwvxw70835rvndvtsi,32ed34e35bbc6183c0d22cec,5,1,kvasir-seg::cju1c4fcu40hl07992b8gj0c8
test,kvasir-seg::cju2urqpwvxw70835rvndvtsi,bb78f6fe2b779c2fdf1af9c1,6,1,kvasir-seg::cju1c4fcu40hl07992b8gj0c8
test,kvasir-seg::cju2yb31a8e8u0878wdashg7o,47dc92c81e1899567bbe4220,0,6,kvasir-seg::cju7aklv31h4309871m29l4e7
test,kvasir-seg::cju2yb31a8e8u0878wdashg7o,9de295c96043e0366945099c,1,6,kvasir-seg::cju7aklv31h4309871m29l4e7
test,kvasir-seg::cju2yb31a8e8u0878wdashg7o,64534f482f5a838685186cce,2,6,kvasir-seg::cju7aklv31h4309871m29l4e7
test,kvasir-seg::cju2yb31a8e8u0878wdashg7o,ad98323adfb18e22960317a7,3,6,kvasir-seg::cju7aklv31h4309871m29l4e7
test,kvasir-seg::cju2yb31a8e8u0878wdashg7o,fd1c5fe822e20333aee5e576,4,6,kvasir-seg::cju7aklv31h4309871m29l4e7
test,kvasir-seg::cju2yb31a8e8u0878wdashg7o,52fbf880b593c6de36998630,5,6,kvasir-seg::cju7aklv31h4309871m29l4e7
test,kvasir-seg::cju2yb31a8e8u0878wdashg7o,1dbc05098b5b61435175322d,6,6,kvasir-seg::cju7aklv31h4309871m29l4e7
test,kvasir-seg::cju2ycp1u8g2r0799jslnp7cz,1e28b754ea912e8299d2961f,0,1,kvasir-seg::cju1c4fcu40hl07992b8gj0c8
test,kvasir-seg::cju2ycp1u8g2r0799jslnp7cz,9dcf174eab492ec775bcc2e2,1,1,kvasir-seg::cju1c4fcu40hl07992b8gj0c8
test,kvasir-seg::cju2ycp1u8g2r0799jslnp7cz,0977b7a731dc0184d9799792,2,1,kvasir-seg::cju1c4fcu40hl07992b8gj0c8
test,kvasir-seg::cju2ycp1u8g2r0799jslnp7cz,b82438ca03d73bf550dbb985,3,1,kvasir-seg::cju1c4fcu40hl07992b8gj0c8
test,kvasir-seg::cju2ycp1u8g2r0799jslnp7cz,4c4227b91c2c42678c599cb5,4,1,kvasir-seg::cju1c4fcu40hl07992b8gj0c8
test,kvasir-seg::cju2ycp1u8g2r0799jslnp7cz,342de9abc0535c1d2da3238b,5,1,kvasir-seg::cju1c4fcu40hl07992b8gj0c8
test,kvasir-seg::cju2ycp1u8g2r0799jslnp7cz,75eb0b417f84aa6ceb35c17d,6,1,kvasir-seg::cju1c4fcu40hl07992b8gj0c8
test,kvasir-seg::cju2yo1j1v0qz09934o0e683p,371fd3112f0b9999d4f3b594,0,1,kvasir-seg::cju1c4fcu40hl07992b8gj0c8
test,kvasir-seg::cju2yo1j1v0qz09934o0e683p,4d63b6e697de6048177b02b1,1,1,kvasir-seg::cju1c4fcu40hl07992b8gj0c8
test,kvasir-seg::cju2yo1j1v0qz09934o0e683p,e8506c39af29bbc4829703ee,2,1,kvasir-seg::cju1c4fcu40hl07992b8gj0c8
test,kvasir-seg::cju2yo1j1v0qz09934o0e683p,3d875e868806030bc70968de,3,1,kvasir-seg::cju1c4fcu40hl07992b8gj0c8
test,kvasir-seg::cju2yo1j1v0qz09934o0e683p,6cafc4b002d7a34bbb3a8736,4,1,kvasir-seg::cju1c4fcu40hl07992b8gj0c8
test,kvasir-seg::cju2yo1j1v0qz09934o0e683p,3b09e7d0a404c4c3c8a9de45,5,1,kvasir-seg::cju1c4fcu40hl07992b8gj0c8
test,kvasir-seg::cju2yo1j1v0qz09934o0e683p,37e5b0a03c6949dddc72f86e,6,1,kvasir-seg::cju1c4fcu40hl07992b8gj0c8
test,kvasir-seg::cju2ysg748ru80878sp6j0gm0,843e8cd154ce4573d2afa1f0,0,6,kvasir-seg::cju7aklv31h4309871m29l4e7
test,kvasir-seg::cju2ysg748ru80878sp6j0gm0,a5568b5096cd32afc2189e01,1,6,kvasir-seg::cju7aklv31h4309871m29l4e7
test,kvasir-seg::cju2ysg748ru80878sp6j0gm0,6a0af02b36bbb2a4a55ec8bf,2,6,kvasir-seg::cju7aklv31h4309871m29l4e7
test,kvasir-seg::cju2ysg748ru80878sp6j0gm0,83eb8552dfc5a751ca3a1a0b,3,6,kvasir-seg::cju7aklv31h4309871m29l4e7
test,kvasir-seg::cju2ysg748ru80878sp6j0gm0,a892ed1456b1a95ab450f772,4,6,kvasir-seg::cju7aklv31h4309871m29l4e7
test,kvasir-seg::cju2ysg748ru80878sp6j0gm0,4d78f43c807278befc942326,5,6,kvasir-seg::cju7aklv31h4309871m29l4e7
test,kvasir-seg::cju2ysg748ru80878sp6j0gm0,87b041dce7016ec60ce19a9f,6,6,kvasir-seg::cju7aklv31h4309871m29l4e7
test,kvasir-seg::cju2zkpdl9h7t0799ix60teqg,924d33f0b15510ba8c6bcd63,0,1,kvasir-seg::cju1c4fcu40hl07992b8gj0c8
test,kvasir-seg::cju2zkpdl9h7t0799ix60teqg,d31db9de8c1b7048bbb4648f,1,1,kvasir-seg::cju1c4fcu40hl07992b8gj0c8
test,kvasir-seg::cju2zkpdl9h7t0799ix60teqg,f9a8b839f9745228410ac61d,2,1,kvasir-seg::cju1c4fcu40hl07992b8gj0c8
test,kvasir-seg::cju2zkpdl9h7t0799ix60teqg,de84dbba504e00c5286e78cf,3,1,kvasir-seg::cju1c4fcu40hl07992b8gj0c8
test,kvasir-seg::cju2zkpdl9h7t0799ix60teqg,e763d31e2a945b7798123f7d,4,1,kvasir-seg::cju1c4fcu40hl07992b8gj0c8
test,kvasir-seg::cju2zkpdl9h7t0799ix60teqg,18240a91c0aa50abe1551372,5,1,kvasir-seg::cju1c4fcu40hl07992b8gj0c8
test,kvasir-seg::cju2zkpdl9h7t0799ix60teqg,da2551b2afa478fb696c9921,6,1,kvasir-seg::cju1c4fcu40hl07992b8gj0c8
test,kvasir-seg::cju30ajhw09sx0988qyahx9s8,822de15ccd647260279ab132,0,1,kvasir-seg::cju1c4fcu40hl07992b8gj0c8
test,kvasir-seg::cju30ajhw09sx0988qyahx9s8,dc5f7153a4ab1fa899d3e7bc,1,1,kvasir-seg::cju1c4fcu40hl07992b8gj0c8
test,kvasir-seg::cju30ajhw09sx0988qyahx9s8,bf06434025139f10555816ef,2,1,kvasir-seg::cju1c4fcu40hl07992b8gj0c8
test,kvasir-seg::cju30ajhw09sx0988qyahx9s8,4ff353305f3ae09be06e9f56,3,1,kvasir-seg::cju1c4fcu40hl07992b8gj0c8
test,kvasir-seg::cju30ajhw09sx0988qyahx9s8,839aad9fab5036cd95b756d0,4,1,kvasir-seg::cju1c4fcu40hl07992b8gj0c8
test,kvasir-seg::cju30ajhw09sx0988qyahx9s8,cad5826474cc273fca8cfd47,5,1,kvasir-seg::cju1c4fcu40hl07992b8gj0c8
test,kvasir-seg::cju30ajhw09sx0988qyahx9s8,1c9d7f74d5b700d35abfc25e,6,1,kvasir-seg::cju1c4fcu40hl07992b8gj0c8
test,kvasir-seg::cju30bmab08bi0835mvlr6e0r,79420b6f791a530251eba934,0,2,kvasir-seg::cju2pmhtr17a00855cvpelzb0
test,kvasir-seg::cju30bmab08bi0835mvlr6e0r,b1e5112b900a46e3c9dcc060,1,2,kvasir-seg::cju2pmhtr17a00855cvpelzb0
test,kvasir-seg::cju30bmab08bi0835mvlr6e0r,7760e890498051c43a44304d,2,2,kvasir-seg::cju2pmhtr17a00855cvpelzb0
test,kvasir-seg::cju30bmab08bi0835mvlr6e0r,95a31e7ff0d9f62fcc9157fe,3,2,kvasir-seg::cju2pmhtr17a00855cvpelzb0
test,kvasir-seg::cju30bmab08bi0835mvlr6e0r,7e75b28215147f008057b25b,4,2,kvasir-seg::cju2pmhtr17a00855cvpelzb0
test,kvasir-seg::cju30bmab08bi0835mvlr6e0r,40bcb1ff6c0dc541abee65d9,5,2,kvasir-seg::cju2pmhtr17a00855cvpelzb0
test,kvasir-seg::cju30bmab08bi0835mvlr6e0r,a7a249a45c7f1149a7050f93,6,2,kvasir-seg::cju2pmhtr17a00855cvpelzb0
test,kvasir-seg::cju32csyfblyh080170aa3x5p,c4a73e06e23f449a074afda8,0,6,kvasir-seg::cju7aklv31h4309871m29l4e7
test,kvasir-seg::cju32csyfblyh080170aa3x5p,ac30c554699f8b38d08194ad,1,6,kvasir-seg::cju7aklv31h4309871m29l4e7
test,kvasir-seg::cju32csyfblyh080170aa3x5p,f02b375336128eac6395085d,2,6,kvasir-seg::cju7aklv31h4309871m29l4e7
test,kvasir-seg::cju32csyfblyh080170aa3x5p,00584cebb48d90cdc96ff9cd,3,6,kvasir-seg::cju7aklv31h4309871m29l4e7
test,kvasir-seg::cju32csyfblyh080170aa3x5p,748976e805624e3c02a5916d,4,6,kvasir-seg::cju7aklv31h4309871m29l4e7
test,kvasir-seg::cju32csyfblyh080170aa3x5p,274c10e9091ee22d7f49d20e,5,6,kvasir-seg::cju7aklv31h4309871m29l4e7
test,kvasir-seg::cju32csyfblyh080170aa3x5p,20079d27369058302e1f6b72,6,6,kvasir-seg::cju7aklv31h4309871m29l4e7
test,kvasir-seg::cju32phw2bv130801yj7bkouq,d7450348832f8111efacfd13,0,1,kvasir-seg::cju1c4fcu40hl07992b8gj0c8
test,kvasir-seg::cju32phw2bv130801yj7bkouq,f5a215186ca2fefe15c30c04,1,1,kvasir-seg::cju1c4fcu40hl07992b8gj0c8
test,kvasir-seg::cju32phw2bv130801yj7bkouq,55c6ec6ebec322772a41e46f,2,1,kvasir-seg::cju1c4fcu40hl07992b8gj0c8
test,kvasir-seg::cju32phw2bv130801yj7bkouq,0f90d656f63b5522f7db95e3,3,1,kvasir-seg::cju1c4fcu40hl07992b8gj0c8
test,kvasir-seg::cju32phw2bv130801yj7bkouq,1b526b1c562008b51e14665a,4,1,kvasir-seg::cju1c4fcu40hl07992b8gj0c8
test,kvasir-seg::cju32phw2bv130801yj7bkouq,3a3a0aa3457fe857d8621cf5,5,1,kvasir-seg::cju1c4fcu40hl07992b8gj0c8
test,kvasir-seg::cju32phw2bv130801yj7bkouq,141496aa30d137f147b9a6d7,6,1,kvasir-seg::cju1c4fcu40hl07992b8gj0c8
test,kvasir-seg::cju32upim1z7u0988l883nqp6,03cbfdee587422e9fc9ad4fd,0,6,kvasir-seg::cju7aklv31h4309871m29l4e7
test,kvasir-seg::cju32upim1z7u0988l883nqp6,c3afdc3f85f4eb1ff6b8803d,1,6,kvasir-seg::cju7aklv31h4309871m29l4e7
test,kvasir-seg::cju32upim1z7u0988l883nqp6,e35fcdd3eba94b765d95b69d,2,6,kvasir-seg::cju7aklv31h4309871m29l4e7
test,kvasir-seg::cju32upim1z7u0988l883nqp6,53e3a44352544b618f84b613,3,6,kvasir-seg::cju7aklv31h4309871m29l4e7
test,kvasir-seg::cju32upim1z7u0988l883nqp6,b94e75d3aa8d4a1e4abbed71,4,6,kvasir-seg::cju7aklv31h4309871m29l4e7
test,kvasir-seg::cju32upim1z7u0988l883nqp6,eb16ce4d94087bcb946c1cd2,5,6,kvasir-seg::cju7aklv31h4309871m29l4e7
test,kvasir-seg::cju32upim1z7u0988l883nqp6,c0b27ca1b581a4c48474a2f4,6,6,kvasir-seg::cju7aklv31h4309871m29l4e7
test,kvasir-seg::cju334jzo261t0835yqudnfs1,699aee43c8e1cccc529eb71b,0,6,kvasir-seg::cju7aklv31h4309871m29l4e7
test,kvasir-seg::cju334jzo261t0835yqudnfs1,6f6093bfe76e37b4f267159a,1,6,kvasir-seg::cju7aklv31h4309871m29l4e7
test,kvasir-seg::cju334jzo261t0835yqudnfs1,57a26f79648c07a3d8b612d4,2,6,kvasir-seg::cju7aklv31h4309871m29l4e7
test,kvasir-seg::cju334jzo261t0835yqudnfs1,39f807758390e6c54be45fee,3,6,kvasir-seg::cju7aklv31h4309871m29l4e7
test,kvasir-seg::cju334jzo261t0835yqudnfs1,a5e72f629837552835b4765a,4,6,kvasir-seg::cju7aklv31h4309871m29l4e7
test,kvasir-seg::cju334jzo261t0835yqudnfs1,afaa5b1ed511bc79dabfd045,5,6,kvasir-seg::cju7aklv31h4309871m29l4e7
test,kvasir-seg::cju334jzo261t0835yqudnfs1,eff05ab573c0fb0bda71fde5,6,6,kvasir-seg::cju7aklv31h4309871m29l4e7
test,kvasir-seg::cju3v11mrgwwb0755u242ygye,fd6c040b0bef89ee17ed7cac,0,1,kvasir-seg::cju1c4fcu40hl07992b8gj0c8
test,kvasir-seg::cju3v11mrgwwb0755u242ygye,52fdc58e7c76b9574c320de1,1,1,kvasir-seg::cju1c4fcu40hl07992b8gj0c8
test,kvasir-seg::cju3v11mrgwwb0755u242ygye,cd5fba13f7dc7049e3f5099e,2,1,kvasir-seg::cju1c4fcu40hl07992b8gj0c8
test,kvasir-seg::cju3v11mrgwwb0755u242ygye,f349eb14062cf6c7271d2f28,3,1,kvasir-seg::cju1c4fcu40hl07992b8gj0c8
test,kvasir-seg::cju3v11mrgwwb0755u242ygye,70a18cb32abfb4a6fa997d75,4,1,kvasir-seg::cju1c4fcu40hl07992b8gj0c8
test,kvasir-seg::cju3v11mrgwwb0755u242ygye,f9bc881ebb6491cee52d0452,5,1,kvasir-seg::cju1c4fcu40hl07992b8gj0c8
test,kvasir-seg::cju3v11mrgwwb0755u242ygye,72c65a16edee075230f81c36,6,1,kvasir-seg::cju1c4fcu40hl07992b8gj0c8
test,kvasir-seg::cju40jl7skiuo0817p0smlgg8,66524abffdf34f6226d7b447,0,1,kvasir-seg::cju1c4fcu40hl07992b8gj0c8
test,kvasir-seg::cju40jl7skiuo0817p0smlgg8,99e8d71afef4996487200d10,1,1,kvasir-seg::cju1c4fcu40hl07992b8gj0c8
test,kvasir-seg::cju40jl7skiuo0817p0smlgg8,d1401b0b4111e67d39eb808b,2,1,kvasir-seg::cju1c4fcu40hl07992b8gj0c8
test,kvasir-seg::cju40jl7skiuo0817p0smlgg8,e6ea1c9112537e0bed734282,3,1,kvasir-seg::cju1c4fcu40hl07992b8gj0c8
test,kvasir-seg::cju40jl7skiuo0817p0smlgg8,bb36196e7f1d1975a8d68dcb,4,1,kvasir-seg::cju1c4fcu40hl07992b8gj0c8
test,kvasir-seg::cju40jl7skiuo0817p0smlgg8,bc788213fe2b9e0db7e120c7,5,1,kvasir-seg::cju1c4fcu40hl07992b8gj0c8
test,kvasir-seg::cju40jl7skiuo0817p0smlgg8,c2307e75bf6cbc6e53642921,6,1,kvasir-seg::cju1c4fcu40hl07992b8gj0c8
test,kvasir-seg::cju40w3hbkwpn08015rbs3wko,24bab74625cf15df03edb481,0,1,kvasir-seg::cju1c4fcu40hl07992b8gj0c8
test,kvasir-seg::cju40w3hbkwpn08015rbs3wko,dbfd9c6337835811b2993f70,1,1,kvasir-seg::cju1c4fcu40hl07992b8gj0c8
test,kvasir-seg::cju40w3hbkwpn08015rbs3wko,750ceb38c8a7fab69ccaa57d,2,1,kvasir-seg::cju1c4fcu40hl07992b8gj0c8
test,kvasir-seg::cju40w3hbkwpn08015rbs3wko,438af682c38ab0cd1a273bb3,3,1,kvasir-seg::cju1c4fcu40hl07992b8gj0c8
test,kvasir-seg::cju40w3hbkwpn08015rbs3wko,8e4f3fc1482a9a7624890acc,4,1,kvasir-seg::cju1c4fcu40hl07992b8gj0c8
test,kvasir-seg::cju40w3hbkwpn08015rbs3wko,5c6598b674aef08ebf4ece42,5,1,kvasir-seg::cju1c4fcu40hl07992b8gj0c8
test,kvasir-seg::cju40w3hbkwpn08015rbs3wko,c13d381d3a8234f946bcb0ce,6,1,kvasir-seg::cju1c4fcu40hl07992b8gj0c8
test,kvasir-seg::cju41s6nbleqy0755e2mslg0b,6454f586277d74a83cf83c1f,0,2,kvasir-seg::cju2pmhtr17a00855cvpelzb0
test,kvasir-seg::cju41s6nbleqy0755e2mslg0b,5b26fa80472272cd2a00806c,1,2,kvasir-seg::cju2pmhtr17a00855cvpelzb0
test,kvasir-seg::cju41s6nbleqy0755e2mslg0b,d412b8ca56b12daeb405ed86,2,2,kvasir-seg::cju2pmhtr17a00855cvpelzb0
test,kvasir-seg::cju41s6nbleqy0755e2mslg0b,9b497ba6568ce2bc21559f19,3,2,kvasir-seg::cju2pmhtr17a00855cvpelzb0
test,kvasir-seg::cju41s6nbleqy0755e2mslg0b,09ea82ef56f783f5d719122c,4,2,kvasir-seg::cju2pmhtr17a00855cvpelzb0
test,kvasir-seg::cju41s6nbleqy0755e2mslg0b,7a5548e30dfa4629c9936e13,5,2,kvasir-seg::cju2pmhtr17a00855cvpelzb0
test,kvasir-seg::cju41s6nbleqy0755e2mslg0b,2aea9758ab07d2648027a671,6,2,kvasir-seg::cju2pmhtr17a00855cvpelzb0
test,kvasir-seg::cju422cm8lfxn0818ojicxejb,17fdf711ac1d280df6246301,0,6,kvasir-seg::cju7aklv31h4309871m29l4e7
test,kvasir-seg::cju422cm8lfxn0818ojicxejb,894b162fa0b30e59fc60da55,1,6,kvasir-seg::cju7aklv31h4309871m29l4e7
test,kvasir-seg::cju422cm8lfxn0818ojicxejb,f22c6a5c3aec53935dff3520,2,6,kvasir-seg::cju7aklv31h4309871m29l4e7
test,kvasir-seg::cju422cm8lfxn0818ojicxejb,9095bb1fa36f6c0469356b51,3,6,kvasir-seg::cju7aklv31h4309871m29l4e7
test,kvasir-seg::cju422cm8lfxn0818ojicxejb,f8ee4bf1bf8c6ac92fd1f797,4,6,kvasir-seg::cju7aklv31h4309871m29l4e7
test,kvasir-seg::cju422cm8lfxn0818ojicxejb,ef7be333dfb848ee4a005145,5,6,kvasir-seg::cju7aklv31h4309871m29l4e7
test,kvasir-seg::cju422cm8lfxn0818ojicxejb,54de4e3421d7a284071445eb,6,6,kvasir-seg::cju7aklv31h4309871m29l4e7
test,kvasir-seg::cju43b8daly4408170e5ev06g,918e62a8d4678704e4efe2f1,0,1,kvasir-seg::cju1c4fcu40hl07992b8gj0c8
test,kvasir-seg::cju43b8daly4408170e5ev06g,c9642af9da6b0f9b349db028,1,1,kvasir-seg::cju1c4fcu40hl07992b8gj0c8
test,kvasir-seg::cju43b8daly4408170e5ev06g,8fb75394ef63e2be1afcddeb,2,1,kvasir-seg::cju1c4fcu40hl07992b8gj0c8
test,kvasir-seg::cju43b8daly4408170e5ev06g,c90cf6421d1e1a46e5d8284e,3,1,kvasir-seg::cju1c4fcu40hl07992b8gj0c8
test,kvasir-seg::cju43b8daly4408170e5ev06g,683312cf1946bc58f3b17f7c,4,1,kvasir-seg::cju1c4fcu40hl07992b8gj0c8
test,kvasir-seg::cju43b8daly4408170e5ev06g,42d97d54592d3c4135514554,5,1,kvasir-seg::cju1c4fcu40hl07992b8gj0c8
test,kvasir-seg::cju43b8daly4408170e5ev06g,bd3a69497d92970f096c4b93,6,1,kvasir-seg::cju1c4fcu40hl07992b8gj0c8
test,kvasir-seg::cju43c92lm5cj0755lorsorfg,ea3a15c985820780d1461d89,0,1,kvasir-seg::cju1c4fcu40hl07992b8gj0c8
test,kvasir-seg::cju43c92lm5cj0755lorsorfg,356431183c3c4481910f49b1,1,1,kvasir-seg::cju1c4fcu40hl07992b8gj0c8
test,kvasir-seg::cju43c92lm5cj0755lorsorfg,d51720b9f6fa7fbf8f9ac6cf,2,1,kvasir-seg::cju1c4fcu40hl07992b8gj0c8
test,kvasir-seg::cju43c92lm5cj0755lorsorfg,632294144b1d41672e5984f1,3,1,kvasir-seg::cju1c4fcu40hl07992b8gj0c8
test,kvasir-seg::cju43c92lm5cj0755lorsorfg,8bb82aed2195d8ce734112bf,4,1,kvasir-seg::cju1c4fcu40hl07992b8gj0c8
test,kvasir-seg::cju43c92lm5cj0755lorsorfg,5b4291ce9a2e922c5b4cf551,5,1,kvasir-seg::cju1c4fcu40hl07992b8gj0c8
test,kvasir-seg::cju43c92lm5cj0755lorsorfg,e75cc5a426515c1e5ad3760d,6,1,kvasir-seg::cju1c4fcu40hl07992b8gj0c8
test,kvasir-seg::cju43in5fm22c08175rxziqrk,60860b5501fad07ca4671e7c,0,1,kvasir-seg::cju1c4fcu40hl07992b8gj0c8
test,kvasir-seg::cju43in5fm22c08175rxziqrk,6bb5e4efd7d4fa186b155266,1,1,kvasir-seg::cju1c4fcu40hl07992b8gj0c8
test,kvasir-seg::cju43in5fm22c08175rxziqrk,70ed6efab0a021f741dbb284,2,1,kvasir-seg::cju1c4fcu40hl07992b8gj0c8
test,kvasir-seg::cju43in5fm22c08175rxziqrk,8219cc43bc4d5d7ae9a1e0e5,3,1,kvasir-seg::cju1c4fcu40hl07992b8gj0c8
test,kvasir-seg::cju43in5fm22c08175rxziqrk,368cdd414cf62e3e92c72292,4,1,kvasir-seg::cju1c4fcu40hl07992b8gj0c8
test,kvasir-seg::cju43in5fm22c08175rxziqrk,e6b0f3de4e61ca4496045fda,5,1,kvasir-seg::cju1c4fcu40hl07992b8gj0c8
test,kvasir-seg::cju43in5fm22c08175rxziqrk,50fad08ab56479a307f55138,6,1,kvasir-seg::cju1c4fcu40hl07992b8gj0c8
test,kvasir-seg::cju43jcqim2cp08172dvjvyui,a69fe3e7e1e31fd8e5955a3c,0,3,kvasir-seg::cju34ymm8d6700799uop0cw33
test,kvasir-seg::cju43jcqim2cp08172dvjvyui,03290dec0b62847da77c6978,1,1,kvasir-seg::cju1c4fcu40hl07992b8gj0c8
test,kvasir-seg::cju43jcqim2cp08172dvjvyui,cb8db536c58e388b31e321ae,2,1,kvasir-seg::cju1c4fcu40hl07992b8gj0c8
test,kvasir-seg::cju43jcqim2cp08172dvjvyui,bdaca0c06a9b5a2eec2d9594,3,1,kvasir-seg::cju1c4fcu40hl07992b8gj0c8
test,kvasir-seg::cju43jcqim2cp08172dvjvyui,cfef2d5beb734e2a8cfa63d4,4,1,kvasir-seg::cju1c4fcu40hl07992b8gj0c8
test,kvasir-seg::cju43jcqim2cp08172dvjvyui,c366ab5df481bc702cd16217,5,1,kvasir-seg::cju1c4fcu40hl07992b8gj0c8
test,kvasir-seg::cju43jcqim2cp08172dvjvyui,4a48f734cb3aa81d13429c97,6,1,kvasir-seg::cju1c4fcu40hl07992b8gj0c8
test,kvasir-seg::cju5hjxaae3i40850h5z2laf5,3781de669e3d56db939322d8,0,6,kvasir-seg::cju7aklv31h4309871m29l4e7
test,kvasir-seg::cju5hjxaae3i40850h5z2laf5,cd0945563ae72f77723f6c0e,1,6,kvasir-seg::cju7aklv31h4309871m29l4e7
test,kvasir-seg::cju5hjxaae3i40850h5z2laf5,4f7244e95922723c67618002,2,6,kvasir-seg::cju7aklv31h4309871m29l4e7
test,kvasir-seg::cju5hjxaae3i40850h5z2laf5,ec7e88d75107cf95d9a260cb,3,6,kvasir-seg::cju7aklv31h4309871m29l4e7
test,kvasir-seg::cju5hjxaae3i40850h5z2laf5,201b34443cc1b4051fb5efbc,4,6,kvasir-seg::cju7aklv31h4309871m29l4e7
test,kvasir-seg::cju5hjxaae3i40850h5z2laf5,ff937953d91e3225121c0b06,5,6,kvasir-seg::cju7aklv31h4309871m29l4e7
test,kvasir-seg::cju5hjxaae3i40850h5z2laf5,eef9310b269c8ae3bb9b2019,6,6,kvasir-seg::cju7aklv31h4309871m29l4e7
test,kvasir-seg::cju5huurrecm70801y680y13m,1fe43212fbb8597b89a05d1e,0,6,kvasir-seg::cju7aklv31h4309871m29l4e7
test,kvasir-seg::cju5huurrecm70801y680y13m,82bd567e5799bc1aa8575dd2,1,6,kvasir-seg::cju7aklv31h4309871m29l4e7
test,kvasir-seg::cju5huurrecm70801y680y13m,b33db83db1c6cf6f3149195f,2,6,kvasir-seg::cju7aklv31h4309871m29l4e7
test,kvasir-seg::cju5huurrecm70801y680y13m,89404445463b33a31d417572,3,6,kvasir-seg::cju7aklv31h4309871m29l4e7
test,kvasir-seg::cju5huurrecm70801y680y13m,ce865cbb0ef83a42e1e94119,4,6,kvasir-seg::cju7aklv31h4309871m29l4e7
test,kvasir-seg::cju5huurrecm70801y680y13m,f715eb9ef690f5b8e0d7b9ea,5,6,kvasir-seg::cju7aklv31h4309871m29l4e7
test,kvasir-seg::cju5huurrecm70801y680y13m,8eea9ee609f8c6fab3ba43ac,6,6,kvasir-seg::cju7aklv31h4309871m29l4e7
test,kvasir-seg::cju5k7r0yf98c09878csbxb4d,a1969eba455cfe22e2c8b884,0,1,kvasir-seg::cju1c4fcu40hl07992b8gj0c8
test,kvasir-seg::cju5k7r0yf98c09878csbxb4d,1247bc9edb5c3e27cfa6938d,1,1,kvasir-seg::cju1c4fcu40hl07992b8gj0c8
test,kvasir-seg::cju5k7r0yf98c09878csbxb4d,4a3a5b304ca1b80449eed83f,2,1,kvasir-seg::cju1c4fcu40hl07992b8gj0c8
test,kvasir-seg::cju5k7r0yf98c09878csbxb4d,71b0e14e15cb162d5cdabf57,3,1,kvasir-seg::cju1c4fcu40hl07992b8gj0c8
test,kvasir-seg::cju5k7r0yf98c09878csbxb4d,be2abaa61c40b0ee76ac184d,4,1,kvasir-seg::cju1c4fcu40hl07992b8gj0c8
test,kvasir-seg::cju5k7r0yf98c09878csbxb4d,37520d84a30d418d3bfefa58,5,1,kvasir-seg::cju1c4fcu40hl07992b8gj0c8
test,kvasir-seg::cju5k7r0yf98c09878csbxb4d,36823d572bc976f89c6df2f7,6,1,kvasir-seg::cju1c4fcu40hl07992b8gj0c8
test,kvasir-seg::cju5kre09fhka0850h7b1898j,0c504a37640718d1dba99033,0,1,kvasir-seg::cju1c4fcu40hl07992b8gj0c8
test,kvasir-seg::cju5kre09fhka0850h7b1898j,d27fec26c5680fb4d5c81027,1,1,kvasir-seg::cju1c4fcu40hl07992b8gj0c8
test,kvasir-seg::cju5kre09fhka0850h7b1898j,3a86586277c9d45a51fb885b,2,1,kvasir-seg::cju1c4fcu40hl07992b8gj0c8
test,kvasir-seg::cju5kre09fhka0850h7b1898j,a228791b64767a246e9d76ac,3,1,kvasir-seg::cju1c4fcu40hl07992b8gj0c8
test,kvasir-seg::cju5kre09fhka0850h7b1898j,9a1a8520c83c3b171b573a9f,4,1,kvasir-seg::cju1c4fcu40hl07992b8gj0c8
test,kvasir-seg::cju5kre09fhka0850h7b1898j,e0d10a6deeaeb948910b7baf,5,1,kvasir-seg::cju1c4fcu40hl07992b8gj0c8
test,kvasir-seg::cju5kre09fhka0850h7b1898j,2c7846a5cd92de8bdc030a3e,6,1,kvasir-seg::cju1c4fcu40hl07992b8gj0c8
test,kvasir-seg::cju5tenjojp1j0755ms4949h2,b266853d24997029c60e6b07,0,6,kvasir-seg::cju7aklv31h4309871m29l4e7
test,kvasir-seg::cju5tenjojp1j0755ms4949h2,95754e463114533b3a825e94,1,6,kvasir-seg::cju7aklv31h4309871m29l4e7
test,kvasir-seg::cju5tenjojp1j0755ms4949h2,44916f12e28aa7226f1b8970,2,6,kvasir-seg::cju7aklv31h4309871m29l4e7
test,kvasir-seg::cju5tenjojp1j0755ms4949h2,060b9ad4fb57b77dc9f1ccdc,3,6,kvasir-seg::cju7aklv31h4309871m29l4e7
test,kvasir-seg::cju5tenjojp1j0755ms4949h2,4c73be619029e5d56c8707b8,4,6,kvasir-seg::cju7aklv31h4309871m29l4e7
test,kvasir-seg::cju5tenjojp1j0755ms4949h2,a1cbe1d351d695c4eba2df7b,5,6,kvasir-seg::cju7aklv31h4309871m29l4e7
test,kvasir-seg::cju5tenjojp1j0755ms4949h2,ac7f32064ac98060339f0065,6,6,kvasir-seg::cju7aklv31h4309871m29l4e7
test,kvasir-seg::cju5u6wf0kh1t0755bg1ssixv,cf4079d732403c9610eb50ec,0,1,kvasir-seg::cju1c4fcu40hl07992b8gj0c8
test,kvasir-seg::cju5u6wf0kh1t0755bg1ssixv,16d7f7048351e810afc74369,1,1,kvasir-seg::cju1c4fcu40hl07992b8gj0c8
test,kvasir-seg::cju5u6wf0kh1t0755bg1ssixv,d02d6337f740305cc8e6e87b,2,1,kvasir-seg::cju1c4fcu40hl07992b8gj0c8
test,kvasir-seg::cju5u6wf0kh1t0755bg1ssixv,9f7b4a98fb4f30b80cef1c86,3,1,kvasir-seg::cju1c4fcu40hl07992b8gj0c8
test,kvasir-seg::cju5u6wf0kh1t0755bg1ssixv,396ff7a2d26eb234dbbe1497,4,1,kvasir-seg::cju1c4fcu40hl07992b8gj0c8
test,kvasir-seg::cju5u6wf0kh1t0755bg1ssixv,7d2effa3f325deb7a0c5fdf9,5,1,kvasir-seg::cju1c4fcu40hl07992b8gj0c8
test,kvasir-seg::cju5u6wf0kh1t0755bg1ssixv,88cf0c84d7756a7bf6683efd,6,1,kvasir-seg::cju1c4fcu40hl07992b8gj0c8
test,kvasir-seg::cju5ukkg6kv7u08011x2b6zl5,147450af0001b1e3289fd122,0,1,kvasir-seg::cju1c4fcu40hl07992b8gj0c8
test,kvasir-seg::cju5ukkg6kv7u08011x2b6zl5,948a1a48f1522f49589a8e8c,1,1,kvasir-seg::cju1c4fcu40hl07992b8gj0c8
test,kvasir-seg::cju5ukkg6kv7u08011x2b6zl5,733e501fa992b90425d5bad4,2,1,kvasir-seg::cju1c4fcu40hl07992b8gj0c8
test,kvasir-seg::cju5ukkg6kv7u08011x2b6zl5,f7a1cb18fcf82c0ddb41a3c4,3,1,kvasir-seg::cju1c4fcu40hl07992b8gj0c8
test,kvasir-seg::cju5ukkg6kv7u08011x2b6zl5,444be63a81db0318409e487f,4,1,kvasir-seg::cju1c4fcu40hl07992b8gj0c8
test,kvasir-seg::cju5ukkg6kv7u08011x2b6zl5,25192d7dd9115d31afbaf95d,5,1,kvasir-seg::cju1c4fcu40hl07992b8gj0c8
test,kvasir-seg::cju5ukkg6kv7u08011x2b6zl5,e4d145ce019cb8d7cabfdce7,6,1,kvasir-seg::cju1c4fcu40hl07992b8gj0c8
test,kvasir-seg::cju5vbo6jldrt0871jf6f1700,e10ef845496bfdbcfaf6da39,0,1,kvasir-seg::cju1c4fcu40hl07992b8gj0c8
test,kvasir-seg::cju5vbo6jldrt0871jf6f1700,a06dacf0e4db20274d6cd74b,1,1,kvasir-seg::cju1c4fcu40hl07992b8gj0c8
test,kvasir-seg::cju5vbo6jldrt0871jf6f1700,6e8ce8a0e2a96cb8ee368012,2,1,kvasir-seg::cju1c4fcu40hl07992b8gj0c8
test,kvasir-seg::cju5vbo6jldrt0871jf6f1700,fc3f31de3fb91d43aa571abc,3,1,kvasir-seg::cju1c4fcu40hl07992b8gj0c8
test,kvasir-seg::cju5vbo6jldrt0871jf6f1700,2d183fde1f7d9e1dc6611a3f,4,1,kvasir-seg::cju1c4fcu40hl07992b8gj0c8
test,kvasir-seg::cju5vbo6jldrt0871jf6f1700,45d83a512ad168a4db821c33,5,1,kvasir-seg::cju1c4fcu40hl07992b8gj0c8
test,kvasir-seg::cju5vbo6jldrt0871jf6f1700,5d096df760e38536278c0c2f,6,1,kvasir-seg::cju1c4fcu40hl07992b8gj0c8
test,kvasir-seg::cju5wqonpm0e60801z88ewmy1,10337b1b81a141b9ca586c21,0,1,kvasir-seg::cju1c4fcu40hl07992b8gj0c8
test,kvasir-seg::cju5wqonpm0e60801z88ewmy1,4a9aeadf125b4a5ba8f1fc90,1,1,kvasir-seg::cju1c4fcu40hl07992b8gj0c8
test,kvasir-seg::cju5wqonpm0e60801z88ewmy1,3a5783b5ef579068c4eec239,2,1,kvasir-seg::cju1c4fcu40hl07992b8gj0c8
test,kvasir-seg::cju5wqonpm0e60801z88ewmy1,7bd4881dd646a67c52bfa169,3,1,kvasir-seg::cju1c4fcu40hl07992b8gj0c8
test,kvasir-seg::cju5wqonpm0e60801z88ewmy1,fd0315a595faeffbf44fc5da,4,1,kvasir-seg::cju1c4fcu40hl07992b8gj0c8
test,kvasir-seg::cju5wqonpm0e60801z88ewmy1,9e5fd4191e22708758c179ba,5,1,kvasir-seg::cju1c4fcu40hl07992b8gj0c8
test,kvasir-seg::cju5wqonpm0e60801z88ewmy1,9d2aaf4f0b8c676996a55c59,6,1,kvasir-seg::cju1c4fcu40hl07992b8gj0c8
test,kvasir-seg::cju5wrrs0m2af0818vmnajbtw,27e8620b79ea99130b7a0788,0,5,kvasir-seg::cju5cu8qkb84x08186jwo8yin
test,kvasir-seg::cju5wrrs0m2af0818vmnajbtw,ad306056753df1344dd55ab6,1,5,kvasir-seg::cju5cu8qkb84x08186jwo8yin
test,kvasir-seg::cju5wrrs0m2af0818vmnajbtw,634c695f71dfa09ac8559bc6,2,5,kvasir-seg::cju5cu8qkb84x08186jwo8yin
test,kvasir-seg::cju5wrrs0m2af0818vmnajbtw,bb9fffbe0b99cb7dfda52ca1,3,5,kvasir-seg::cju5cu8qkb84x08186jwo8yin
test,kvasir-seg::cju5wrrs0m2af0818vmnajbtw,1b4f5498e5870f6df146e11b,4,5,kvasir-seg::cju5cu8qkb84x08186jwo8yin
test,kvasir-seg::cju5wrrs0m2af0818vmnajbtw,97f61e20e924b906456d10a2,5,5,kvasir-seg::cju5cu8qkb84x08186jwo8yin
test,kvasir-seg::cju5wrrs0m2af0818vmnajbtw,fedfa75fa70064cb916bdc8c,6,5,kvasir-seg::cju5cu8qkb84x08186jwo8yin
test,kvasir-seg::cju5yclrymlgj0818k426ud6z,7e959a21254a072b6c5d22ff,0,1,kvasir-seg::cju1c4fcu40hl07992b8gj0c8
test,kvasir-seg::cju5yclrymlgj0818k426ud6z,ed127b84b8e2319884c569ed,1,1,kvasir-seg::cju1c4fcu40hl07992b8gj0c8
test,kvasir-seg::cju5yclrymlgj0818k426ud6z,8753dd118d866d54115d6a8c,2,1,kvasir-seg::cju1c4fcu40hl07992b8gj0c8
test,kvasir-seg::cju5yclrymlgj0818k426ud6z,6014368eb8d766d9f4a749e7,3,1,kvasir-seg::cju1c4fcu40hl07992b8gj0c8
test,kvasir-seg::cju5yclrymlgj0818k426ud6z,6c686489f3a5216207e5710a,4,1,kvasir-seg::cju1c4fcu40hl07992b8gj0c8
test,kvasir-seg::cju5yclrymlgj0818k426ud6z,e94f7c0f5bccbbe96f4481a5,5,1,kvasir-seg::cju1c4fcu40hl07992b8gj0c8
test,kvasir-seg::cju5yclrymlgj0818k426ud6z,5a9640d9c16b86806faf491c,6,1,kvasir-seg::cju1c4fcu40hl07992b8gj0c8
test,kvasir-seg::cju6uzxk0v83p0801rcwnexdu,55ea525edf1c630da082afee,0,1,kvasir-seg::cju1c4fcu40hl07992b8gj0c8
test,kvasir-seg::cju6uzxk0v83p0801rcwnexdu,4a5f220adddf36ffad6955ed,1,1,kvasir-seg::cju1c4fcu40hl07992b8gj0c8
test,kvasir-seg::cju6uzxk0v83p0801rcwnexdu,75507add11932fc73592a403,2,1,kvasir-seg::cju1c4fcu40hl07992b8gj0c8
test,kvasir-seg::cju6uzxk0v83p0801rcwnexdu,c6d25dcbc13ce85717310ee1,3,1,kvasir-seg::cju1c4fcu40hl07992b8gj0c8
test,kvasir-seg::cju6uzxk0v83p0801rcwnexdu,4598f7088337501b73fddf72,4,1,kvasir-seg::cju1c4fcu40hl07992b8gj0c8
test,kvasir-seg::cju6uzxk0v83p0801rcwnexdu,e1ce41fd6fecaba469335b10,5,1,kvasir-seg::cju1c4fcu40hl07992b8gj0c8
test,kvasir-seg::cju6uzxk0v83p0801rcwnexdu,e85992d017b162db2b2be05c,6,1,kvasir-seg::cju1c4fcu40hl07992b8gj0c8
test,kvasir-seg::cju6v5ilsv8hk0850rb5sgh6o,a1b992843bc7281a7a915a38,0,2,kvasir-seg::cju2pmhtr17a00855cvpelzb0
test,kvasir-seg::cju6v5ilsv8hk0850rb5sgh6o,97fd1536d3e8a0dd16a46148,1,2,kvasir-seg::cju2pmhtr17a00855cvpelzb0
test,kvasir-seg::cju6v5ilsv8hk0850rb5sgh6o,1cd10c1094e17f2357cfd6e0,2,2,kvasir-seg::cju2pmhtr17a00855cvpelzb0
test,kvasir-seg::cju6v5ilsv8hk0850rb5sgh6o,170292b36cb663a0ff8fbb64,3,2,kvasir-seg::cju2pmhtr17a00855cvpelzb0
test,kvasir-seg::cju6v5ilsv8hk0850rb5sgh6o,0e7988553070dc1046ed3aaa,4,2,kvasir-seg::cju2pmhtr17a00855cvpelzb0
test,kvasir-seg::cju6v5ilsv8hk0850rb5sgh6o,d53bda7fd065f72783fc4981,5,2,kvasir-seg::cju2pmhtr17a00855cvpelzb0
test,kvasir-seg::cju6v5ilsv8hk0850rb5sgh6o,f915de7e44a159aab344ea96,6,2,kvasir-seg::cju2pmhtr17a00855cvpelzb0
test,kvasir-seg::cju6wi3akvn8r0801px8eligc,94b09abe3d64bd3c77c6a9a4,0,1,kvasir-seg::cju1c4fcu40hl07992b8gj0c8
test,kvasir-seg::cju6wi3akvn8r0801px8eligc,9ac5e05a9dcf9ff134e7758e,1,1,kvasir-seg::cju1c4fcu40hl07992b8gj0c8
test,kvasir-seg::cju6wi3akvn8r0801px8eligc,4535f2d3fd99a5fab44c45f1,2,1,kvasir-seg::cju1c4fcu40hl07992b8gj0c8
test,kvasir-seg::cju6wi3akvn8r0801px8eligc,44608ae26f06941fa6cb7510,3,1,kvasir-seg::cju1c4fcu40hl07992b8gj0c8
test,kvasir-seg::cju6wi3akvn8r0801px8eligc,e1a954c8d1c565aa25d9f97b,4,1,kvasir-seg::cju1c4fcu40hl07992b8gj0c8
test,kvasir-seg::cju6wi3akvn8r0801px8eligc,53750b9aecc88b84ce1b7dd0,5,1,kvasir-seg::cju1c4fcu40hl07992b8gj0c8
test,kvasir-seg::cju6wi3akvn8r0801px8eligc,37025f73f89c08e8979767c5,6,1,kvasir-seg::cju1c4fcu40hl07992b8gj0c8
test,kvasir-seg::cju6z600qwh4z081700qimgl9,1893d1ea174cc3136a8382dd,0,2,kvasir-seg::cju2pmhtr17a00855cvpelzb0
test,kvasir-seg::cju6z600qwh4z081700qimgl9,19039254fca6f3ec90ad8bc7,1,2,kvasir-seg::cju2pmhtr17a00855cvpelzb0
test,kvasir-seg::cju6z600qwh4z081700qimgl9,5cce067b2e7e92fd5042ed2a,2,2,kvasir-seg::cju2pmhtr17a00855cvpelzb0
test,kvasir-seg::cju6z600qwh4z081700qimgl9,ada7a4ccad7c7b46f0eda0ab,3,2,kvasir-seg::cju2pmhtr17a00855cvpelzb0
test,kvasir-seg::cju6z600qwh4z081700qimgl9,92b688867df20d501361fa75,4,2,kvasir-seg::cju2pmhtr17a00855cvpelzb0
test,kvasir-seg::cju6z600qwh4z081700qimgl9,484a5e05ff7a11066d096025,5,2,kvasir-seg::cju2pmhtr17a00855cvpelzb0
test,kvasir-seg::cju6z600qwh4z081700qimgl9,083e55b811c9db25abd502f3,6,2,kvasir-seg::cju2pmhtr17a00855cvpelzb0
test,kvasir-seg::cju77g99iyxc00817zqi2ppor,b40dfc1d500cb64804c0b0db,0,1,kvasir-seg::cju1c4fcu40hl07992b8gj0c8
test,kvasir-seg::cju77g99iyxc00817zqi2ppor,1b54641d2f85e5ca487a2af3,1,1,kvasir-seg::cju1c4fcu40hl07992b8gj0c8
test,kvasir-seg::cju77g99iyxc00817zqi2ppor,6ac6b394046e12c22c7e3664,2,1,kvasir-seg::cju1c4fcu40hl07992b8gj0c8
test,kvasir-seg::cju77g99iyxc00817zqi2ppor,88777ef13e24ca8dc8b6de56,3,1,kvasir-seg::cju1c4fcu40hl07992b8gj0c8
test,kvasir-seg::cju77g99iyxc00817zqi2ppor,fa5af5a6d8364e559679bada,4,1,kvasir-seg::cju1c4fcu40hl07992b8gj0c8
test,kvasir-seg::cju77g99iyxc00817zqi2ppor,bded44bcddd7db7f19b147e4,5,1,kvasir-seg::cju1c4fcu40hl07992b8gj0c8
test,kvasir-seg::cju77g99iyxc00817zqi2ppor,59b7720f9205e194c567f0b6,6,1,kvasir-seg::cju1c4fcu40hl07992b8gj0c8
test,kvasir-seg::cju77j66ez52p08019xygi0co,6812884df36e717db7fe1d9e,0,1,kvasir-seg::cju1c4fcu40hl07992b8gj0c8
test,kvasir-seg::cju77j66ez52p08019xygi0co,08dae843104c5c79c7ae0306,1,1,kvasir-seg::cju1c4fcu40hl07992b8gj0c8
test,kvasir-seg::cju77j66ez52p08019xygi0co,79c48343efb6052abca09808,2,1,kvasir-seg::cju1c4fcu40hl07992b8gj0c8
test,kvasir-seg::cju77j66ez52p08019xygi0co,a5af41b278a517be12f4bbc1,3,1,kvasir-seg::cju1c4fcu40hl07992b8gj0c8
test,kvasir-seg::cju77j66ez52p08019xygi0co,07675f9456d7dccc6172d38d,4,1,kvasir-seg::cju1c4fcu40hl07992b8gj0c8
test,kvasir-seg::cju77j66ez52p08019xygi0co,14dee39494b1bb1146639266,5,1,kvasir-seg::cju1c4fcu40hl07992b8gj0c8
test,kvasir-seg::cju77j66ez52p08019xygi0co,6715d8d2dcf9614ecf3007a4,6,1,kvasir-seg::cju1c4fcu40hl07992b8gj0c8
test,kvasir-seg::cju77q10sz9ug0801449wu1nu,7de2816373be1df01b81cc3e,0,1,kvasir-seg::cju1c4fcu40hl07992b8gj0c8
test,kvasir-seg::cju77q10sz9ug0801449wu1nu,a18d687b2d30b79720b86f72,1,1,kvasir-seg::cju1c4fcu40hl07992b8gj0c8
test,kvasir-seg::cju77q10sz9ug0801449wu1nu,37de524300943b7a7860f1b2,2,1,kvasir-seg::cju1c4fcu40hl07992b8gj0c8
test,kvasir-seg::cju77q10sz9ug0801449wu1nu,cfe773bf1dbd1ec4b8228845,3,1,kvasir-seg::cju1c4fcu40hl07992b8gj0c8
test,kvasir-seg::cju77q10sz9ug0801449wu1nu,0477ecafcba568fe1f281cdf,4,1,kvasir-seg::cju1c4fcu40hl07992b8gj0c8
test,kvasir-seg::cju77q10sz9ug0801449wu1nu,764683041aa532abd75ca5c0,5,1,kvasir-seg::cju1c4fcu40hl07992b8gj0c8
test,kvasir-seg::cju77q10sz9ug0801449wu1nu,7997155f3770023caa679d3b,6,1,kvasir-seg::cju1c4fcu40hl07992b8gj0c8
test,kvasir-seg::cju77t0razbvm080106o56289,b0cfadd5a861a543a04d495e,0,1,kvasir-seg::cju1c4fcu40hl07992b8gj0c8
test,kvasir-seg::cju77t0razbvm080106o56289,69077ee7018757bfc2a2e7bd,1,1,kvasir-seg::cju1c4fcu40hl07992b8gj0c8
test,kvasir-seg::cju77t0razbvm080106o56289,bf87356c12ad557ae644e76c,2,1,kvasir-seg::cju1c4fcu40hl07992b8gj0c8
test,kvasir-seg::cju77t0razbvm080106o56289,c2b4cea4a38c0c993238880f,3,1,kvasir-seg::cju1c4fcu40hl07992b8gj0c8
test,kvasir-seg::cju77t0razbvm080106o56289,dca038104c1285184482f9de,4,1,kvasir-seg::cju1c4fcu40hl07992b8gj0c8
test,kvasir-seg::cju77t0razbvm080106o56289,661f213725957d7ed0c0cfd3,5,1,kvasir-seg::cju1c4fcu40hl07992b8gj0c8
test,kvasir-seg::cju77t0razbvm080106o56289,4a170fb8f54b6437c1c317f0,6,1,kvasir-seg::cju1c4fcu40hl07992b8gj0c8
test,kvasir-seg::cju77vvcwzcm50850lzoykuva,b89241f80a4e36cfdc729942,0,1,kvasir-seg::cju1c4fcu40hl07992b8gj0c8
test,kvasir-seg::cju77vvcwzcm50850lzoykuva,efdadda3e60c1f562b50a796,1,1,kvasir-seg::cju1c4fcu40hl07992b8gj0c8
test,kvasir-seg::cju77vvcwzcm50850lzoykuva,9a98d9eb523c5e2ef3d3d689,2,1,kvasir-seg::cju1c4fcu40hl07992b8gj0c8
test,kvasir-seg::cju77vvcwzcm50850lzoykuva,7a044aab1eb67f88edf24c80,3,1,kvasir-seg::cju1c4fcu40hl07992b8gj0c8
test,kvasir-seg::cju77vvcwzcm50850lzoykuva,84587492e2e927cc02b6841e,4,1,kvasir-seg::cju1c4fcu40hl07992b8gj0c8
test,kvasir-seg::cju77vvcwzcm50850lzoykuva,2666bc347dd55e884df45504,5,1,kvasir-seg::cju1c4fcu40hl07992b8gj0c8
test,kvasir-seg::cju77vvcwzcm50850lzoykuva,d60b3f19b32b5c05356796c5,6,1,kvasir-seg::cju1c4fcu40hl07992b8gj0c8
test,kvasir-seg::cju783tmkzkqu081803g7q5vk,dc678f6b760d45f892ac739d,0,1,kvasir-seg::cju1c4fcu40hl07992b8gj0c8
test,kvasir-seg::cju783tmkzkqu081803g7q5vk,fc72d526496a25dc6b27a328,1,1,kvasir-seg::cju1c4fcu40hl07992b8gj0c8
test,kvasir-seg::cju783tmkzkqu081803g7q5vk,7d91e7af6b9ef650c66a11cd,2,1,kvasir-seg::cju1c4fcu40hl07992b8gj0c8
test,kvasir-seg::cju783tmkzkqu081803g7q5vk,47bd9b344299a082f84ade6e,3,1,kvasir-seg::cju1c4fcu40hl07992b8gj0c8
test,kvasir-seg::cju783tmkzkqu081803g7q5vk,5446037801e637bb5a9478fe,4,1,kvasir-seg::cju1c4fcu40hl07992b8gj0c8
test,kvasir-seg::cju783tmkzkqu081803g7q5vk,ee27a7c554dc7aad228366ec,5,1,kvasir-seg::cju1c4fcu40hl07992b8gj0c8
test,kvasir-seg::cju783tmkzkqu081803g7q5vk,0a5efea2f2e4de71886d78c7,6,1,kvasir-seg::cju1c4fcu40hl07992b8gj0c8
test,kvasir-seg::cju7ctvqn25dy08186g442m1r,ae3fa625ecbfb28a55dac2d7,0,1,kvasir-seg::cju1c4fcu40hl07992b8gj0c8
test,kvasir-seg::cju7ctvqn25dy08186g442m1r,19c4eb95cf69f9a7fb594589,1,1,kvasir-seg::cju1c4fcu40hl07992b8gj0c8
test,kvasir-seg::cju7ctvqn25dy08186g442m1r,31771ff28c9713de22486b17,2,1,kvasir-seg::cju1c4fcu40hl07992b8gj0c8
test,kvasir-seg::cju7ctvqn25dy08186g442m1r,bdbb27c8564af4e40297c695,3,1,kvasir-seg::cju1c4fcu40hl07992b8gj0c8
test,kvasir-seg::cju7ctvqn25dy08186g442m1r,f9773d0d387ec1258bb45620,4,1,kvasir-seg::cju1c4fcu40hl07992b8gj0c8
test,kvasir-seg::cju7ctvqn25dy08186g442m1r,0098da3a61287e3f710cfb85,5,1,kvasir-seg::cju1c4fcu40hl07992b8gj0c8
test,kvasir-seg::cju7ctvqn25dy08186g442m1r,a1ff2479bd8a13963832bbe6,6,1,kvasir-seg::cju1c4fcu40hl07992b8gj0c8
test,kvasir-seg::cju7d2q1k27nf08715zshsckt,dbccbcdf3d3095eb00ce8ab4,0,1,kvasir-seg::cju1c4fcu40hl07992b8gj0c8
test,kvasir-seg::cju7d2q1k27nf08715zshsckt,530a315b2ccb32a2f3e6bccb,1,1,kvasir-seg::cju1c4fcu40hl07992b8gj0c8
test,kvasir-seg::cju7d2q1k27nf08715zshsckt,f0e5081618e8011502059d58,2,1,kvasir-seg::cju1c4fcu40hl07992b8gj0c8
test,kvasir-seg::cju7d2q1k27nf08715zshsckt,726abec1bc68dff78f49d7fa,3,1,kvasir-seg::cju1c4fcu40hl07992b8gj0c8
test,kvasir-seg::cju7d2q1k27nf08715zshsckt,8b52b87d7b1fbcad14cf99e9,4,1,kvasir-seg::cju1c4fcu40hl07992b8gj0c8
test,kvasir-seg::cju7d2q1k27nf08715zshsckt,90c68de4f58f27b4fad6fc9b,5,1,kvasir-seg::cju1c4fcu40hl07992b8gj0c8
test,kvasir-seg::cju7d2q1k27nf08715zshsckt,50db34b3a9c5ab3b5903e777,6,1,kvasir-seg::cju1c4fcu40hl07992b8gj0c8
test,kvasir-seg::cju7d7aut2a2p0818z4uxc6cd,3f9bb146a08df58c494f051c,0,1,kvasir-seg::cju1c4fcu40hl07992b8gj0c8
test,kvasir-seg::cju7d7aut2a2p0818z4uxc6cd,580e72f30979a1fc0f1b735a,1,1,kvasir-seg::cju1c4fcu40hl07992b8gj0c8
test,kvasir-seg::cju7d7aut2a2p0818z4uxc6cd,623cff83e4507ce8842c00c0,2,1,kvasir-seg::cju1c4fcu40hl07992b8gj0c8
test,kvasir-seg::cju7d7aut2a2p0818z4uxc6cd,2b30c3f9784c664a753ed89a,3,1,kvasir-seg::cju1c4fcu40hl07992b8gj0c8
test,kvasir-seg::cju7d7aut2a2p0818z4uxc6cd,b7aa0a1b39250c0ea72683ee,4,1,kvasir-seg::cju1c4fcu40hl07992b8gj0c8
test,kvasir-seg::cju7d7aut2a2p0818z4uxc6cd,00aef4428251d02212de5997,5,1,kvasir-seg::cju1c4fcu40hl07992b8gj0c8
test,kvasir-seg::cju7d7aut2a2p0818z4uxc6cd,74f0e9ddbf8288d23a0b26fd,6,1,kvasir-seg::cju1c4fcu40hl07992b8gj0c8
test,kvasir-seg::cju7dvl5m2n4t0755hlnnjjet,b89be39b44e4e8df1e7f380b,0,3,kvasir-seg::cju34ymm8d6700799uop0cw33
test,kvasir-seg::cju7dvl5m2n4t0755hlnnjjet,95706737fd1546965b9820f2,1,3,kvasir-seg::cju34ymm8d6700799uop0cw33
test,kvasir-seg::cju7dvl5m2n4t0755hlnnjjet,a5954851b09b49d7aba9d490,2,3,kvasir-seg::cju34ymm8d6700799uop0cw33
test,kvasir-seg::cju7dvl5m2n4t0755hlnnjjet,f0b4dc99a337cd71637bcba0,3,3,kvasir-seg::cju34ymm8d6700799uop0cw33
test,kvasir-seg::cju7dvl5m2n4t0755hlnnjjet,a27d8f1874772a4352994d4e,4,3,kvasir-seg::cju34ymm8d6700799uop0cw33
test,kvasir-seg::cju7dvl5m2n4t0755hlnnjjet,c48f4e512149328dcdf35a9d,5,3,kvasir-seg::cju34ymm8d6700799uop0cw33
test,kvasir-seg::cju7dvl5m2n4t0755hlnnjjet,407bb321bd908ebe7c483098,6,3,kvasir-seg::cju34ymm8d6700799uop0cw33
test,kvasir-seg::cju7ebe962hr409872ovibahw,408782cb294963995a9e4cb0,0,1,kvasir-seg::cju1c4fcu40hl07992b8gj0c8
test,kvasir-seg::cju7ebe962hr409872ovibahw,7366f5fc620972aeffbcf8c7,1,1,kvasir-seg::cju1c4fcu40hl07992b8gj0c8
test,kvasir-seg::cju7ebe962hr409872ovibahw,17fd1ff91fcc997e26633547,2,1,kvasir-seg::cju1c4fcu40hl07992b8gj0c8
test,kvasir-seg::cju7ebe962hr409872ovibahw,603c49dbf7bc9deae0e40a85,3,1,kvasir-seg::cju1c4fcu40hl07992b8gj0c8
test,kvasir-seg::cju7ebe962hr409872ovibahw,ab8cf49d50adfc42f9854c38,4,1,kvasir-seg::cju1c4fcu40hl07992b8gj0c8
test,kvasir-seg::cju7ebe962hr409872ovibahw,d8d55801fe8a55891e35323d,5,1,kvasir-seg::cju1c4fcu40hl07992b8gj0c8
test,kvasir-seg::cju7ebe962hr409872ovibahw,0b291248521e7dee69be16dd,6,1,kvasir-seg::cju1c4fcu40hl07992b8gj0c8
test,kvasir-seg::cju7eea9b2m0z0801ynqv1fqu,d8265a769068c5ea385c0ff6,0,1,kvasir-seg::cju1c4fcu40hl07992b8gj0c8
test,kvasir-seg::cju7eea9b2m0z0801ynqv1fqu,95d7985eb80c15c127d68764,1,1,kvasir-seg::cju1c4fcu40hl07992b8gj0c8
test,kvasir-seg::cju7eea9b2m0z0801ynqv1fqu,f161eee379c21d1e43ee6c94,2,1,kvasir-seg::cju1c4fcu40hl07992b8gj0c8
test,kvasir-seg::cju7eea9b2m0z0801ynqv1fqu,1e4e55039d4aa628cc71e1f7,3,1,kvasir-seg::cju1c4fcu40hl07992b8gj0c8
test,kvasir-seg::cju7eea9b2m0z0801ynqv1fqu,4c7236b265923a6a0ffb3b64,4,1,kvasir-seg::cju1c4fcu40hl07992b8gj0c8
test,kvasir-seg::cju7eea9b2m0z0801ynqv1fqu,a071a17ec4553494e2043850,5,1,kvasir-seg::cju1c4fcu40hl07992b8gj0c8
test,kvasir-seg::cju7eea9b2m0z0801ynqv1fqu,4ca2f9ff3d1f3972a3e20067,6,1,kvasir-seg::cju1c4fcu40hl07992b8gj0c8
test,kvasir-seg::cju7efffp2ivf0817etg3jehl,bf476c3cd5bfdffe3756a687,0,1,kvasir-seg::cju1c4fcu40hl07992b8gj0c8
test,kvasir-seg::cju7efffp2ivf0817etg3jehl,fbee296e6595a33d319ab7bf,1,1,kvasir-seg::cju1c4fcu40hl07992b8gj0c8
test,kvasir-seg::cju7efffp2ivf0817etg3jehl,5463df95a61b23e7538ccc12,2,1,kvasir-seg::cju1c4fcu40hl07992b8gj0c8
test,kvasir-seg::cju7efffp2ivf0817etg3jehl,2673c3ec31bf4ff8e590ab8f,3,1,kvasir-seg::cju1c4fcu40hl07992b8gj0c8
test,kvasir-seg::cju7efffp2ivf0817etg3jehl,af089d77f7c4ba931a133395,4,1,kvasir-seg::cju1c4fcu40hl07992b8gj0c8
test,kvasir-seg::cju7efffp2ivf0817etg3jehl,65a72f8afbb1b30fc446f79a,5,1,kvasir-seg::cju1c4fcu40hl07992b8gj0c8
test,kvasir-seg::cju7efffp2ivf0817etg3jehl,fde5d9075c9b25c29a4fc3b0,6,1,kvasir-seg::cju1c4fcu40hl07992b8gj0c8
test,kvasir-seg::cju7ezs7g2mxm098787atbran,c1fb700fca41efe3c286fdcd,0,5,kvasir-seg::cju5cu8qkb84x08186jwo8yin
test,kvasir-seg::cju7ezs7g2mxm098787atbran,eb8e719a06284c3706fc70f8,1,5,kvasir-seg::cju5cu8qkb84x08186jwo8yin
test,kvasir-seg::cju7ezs7g2mxm098787atbran,8978b03744dc617bdad0b5db,2,5,kvasir-seg::cju5cu8qkb84x08186jwo8yin
test,kvasir-seg::cju7ezs7g2mxm098787atbran,a7effeb812820a367fc34e7b,3,5,kvasir-seg::cju5cu8qkb84x08186jwo8yin
test,kvasir-seg::cju7ezs7g2mxm098787atbran,292fee73b6a1cf4511ebc14f,4,5,kvasir-seg::cju5cu8qkb84x08186jwo8yin
test,kvasir-seg::cju7ezs7g2mxm098787atbran,1f0a7e77f974513410147570,5,5,kvasir-seg::cju5cu8qkb84x08186jwo8yin
test,kvasir-seg::cju7ezs7g2mxm098787atbran,3966c4193e5897aea60c7e87,6,5,kvasir-seg::cju5cu8qkb84x08186jwo8yin
test,kvasir-seg::cju7f4sc62xqj075597xpmuoy,8489d549fea589a04145331e,0,6,kvasir-seg::cju7aklv31h4309871m29l4e7
test,kvasir-seg::cju7f4sc62xqj075597xpmuoy,c3c36e839ef018e41d4e4963,1,6,kvasir-seg::cju7aklv31h4309871m29l4e7
test,kvasir-seg::cju7f4sc62xqj075597xpmuoy,911f29c6c1639a46266fc76d,2,6,kvasir-seg::cju7aklv31h4309871m29l4e7
test,kvasir-seg::cju7f4sc62xqj075597xpmuoy,908fe567e684920a092e1d65,3,6,kvasir-seg::cju7aklv31h4309871m29l4e7
test,kvasir-seg::cju7f4sc62xqj075597xpmuoy,be0b71e83e5dbddec9a6d140,4,6,kvasir-seg::cju7aklv31h4309871m29l4e7
test,kvasir-seg::cju7f4sc62xqj075597xpmuoy,d69acab800959305c296db3e,5,6,kvasir-seg::cju7aklv31h4309871m29l4e7
test,kvasir-seg::cju7f4sc62xqj075597xpmuoy,31edde40c3c8d059be0d75d1,6,6,kvasir-seg::cju7aklv31h4309871m29l4e7
test,kvasir-seg::cju7fq7mm2pw508176uk5ugtx,87e16bd884e5c01c8eaf62ae,0,1,kvasir-seg::cju1c4fcu40hl07992b8gj0c8
test,kvasir-seg::cju7fq7mm2pw508176uk5ugtx,6b13d1c4e689d94094c79d93,1,1,kvasir-seg::cju1c4fcu40hl07992b8gj0c8
test,kvasir-seg::cju7fq7mm2pw508176uk5ugtx,ed2108e03bebc8f880861363,2,1,kvasir-seg::cju1c4fcu40hl07992b8gj0c8
test,kvasir-seg::cju7fq7mm2pw508176uk5ugtx,071253f2555c9e5d0f571086,3,1,kvasir-seg::cju1c4fcu40hl07992b8gj0c8
test,kvasir-seg::cju7fq7mm2pw508176uk5ugtx,f9ad758955b5dd6dfdc268a6,4,1,kvasir-seg::cju1c4fcu40hl07992b8gj0c8
test,kvasir-seg::cju7fq7mm2pw508176uk5ugtx,de12b387443bb186abb03211,5,1,kvasir-seg::cju1c4fcu40hl07992b8gj0c8
test,kvasir-seg::cju7fq7mm2pw508176uk5ugtx,da7e8f39d727019838c07c30,6,1,kvasir-seg::cju1c4fcu40hl07992b8gj0c8
test,kvasir-seg::cju83k8fyjsxr0817d6nxs6r4,8335a5ce1f538b0c40143806,0,1,kvasir-seg::cju1c4fcu40hl07992b8gj0c8
test,kvasir-seg::cju83k8fyjsxr0817d6nxs6r4,39966fb485be45f00cd95f74,1,1,kvasir-seg::cju1c4fcu40hl07992b8gj0c8
test,kvasir-seg::cju83k8fyjsxr0817d6nxs6r4,7108e01519bd0928bd75d90f,2,1,kvasir-seg::cju1c4fcu40hl07992b8gj0c8
test,kvasir-seg::cju83k8fyjsxr0817d6nxs6r4,f92f132e8f85dac3b138c289,3,1,kvasir-seg::cju1c4fcu40hl07992b8gj0c8
test,kvasir-seg::cju83k8fyjsxr0817d6nxs6r4,b9d8ccd4d82f37a2da0789a7,4,1,kvasir-seg::cju1c4fcu40hl07992b8gj0c8
test,kvasir-seg::cju83k8fyjsxr0817d6nxs6r4,e268e28be95126b2abaf5f9e,5,1,kvasir-seg::cju1c4fcu40hl07992b8gj0c8
test,kvasir-seg::cju83k8fyjsxr0817d6nxs6r4,d2f7bfbc4e75a146ffd2ee61,6,1,kvasir-seg::cju1c4fcu40hl07992b8gj0c8
test,kvasir-seg::cju83kxitjv340987z09m0ezy,19df8cb787226b25dc31a6af,0,3,kvasir-seg::cju34ymm8d6700799uop0cw33
test,kvasir-seg::cju83kxitjv340987z09m0ezy,43691fd5ba134dc38504d4ee,1,3,kvasir-seg::cju34ymm8d6700799uop0cw33
test,kvasir-seg::cju83kxitjv340987z09m0ezy,d7cf675ffec4f5f84ae58d5c,2,3,kvasir-seg::cju34ymm8d6700799uop0cw33
test,kvasir-seg::cju83kxitjv340987z09m0ezy,578c57d2580c9dfd9581da2c,3,3,kvasir-seg::cju34ymm8d6700799uop0cw33
test,kvasir-seg::cju83kxitjv340987z09m0ezy,aea932227f67059f62ce1413,4,3,kvasir-seg::cju34ymm8d6700799uop0cw33
test,kvasir-seg::cju83kxitjv340987z09m0ezy,a17ff40cd3d888d91259f632,5,3,kvasir-seg::cju34ymm8d6700799uop0cw33
test,kvasir-seg::cju83kxitjv340987z09m0ezy,767d8d790865057b2c444e44,6,3,kvasir-seg::cju34ymm8d6700799uop0cw33
test,kvasir-seg::cju83nwu1jxte0987h1krpfmv,96611f66c3a8e8b34860e40f,0,1,kvasir-seg::cju1c4fcu40hl07992b8gj0c8
test,kvasir-seg::cju83nwu1jxte0987h1krpfmv,445ecb845c6ecee632915012,1,1,kvasir-seg::cju1c4fcu40hl07992b8gj0c8
test,kvasir-seg::cju83nwu1jxte0987h1krpfmv,c7d9c7a14dad3ab6854016dc,2,1,kvasir-seg::cju1c4fcu40hl07992b8gj0c8
test,kvasir-seg::cju83nwu1jxte0987h1krpfmv,f47fe0ff013805d8a0702a25,3,1,kvasir-seg::cju1c4fcu40hl07992b8gj0c8
test,kvasir-seg::cju83nwu1jxte0987h1krpfmv,a6c35283fed6e860a53c04e3,4,1,kvasir-seg::cju1c4fcu40hl07992b8gj0c8
test,kvasir-seg::cju83nwu1jxte0987h1krpfmv,8ba51ac13fb8fdfa7024dc9c,5,1,kvasir-seg::cju1c4fcu40hl07992b8gj0c8
test,kvasir-seg::cju83nwu1jxte0987h1krpfmv,50deea3c3c665f336c337475,6,1,kvasir-seg::cju1c4fcu40hl07992b8gj0c8
test,kvasir-seg::cju83qd0yjyht0817ktkfl268,e7b8e09727fe188d905e71bb,0,1,kvasir-seg::cju1c4fcu40hl07992b8gj0c8
test,kvasir-seg::cju83qd0yjyht0817ktkfl268,3ff0106af31ff5b1b488555e,1,1,kvasir-seg::cju1c4fcu40hl07992b8gj0c8
test,kvasir-seg::cju83qd0yjyht0817ktkfl268,ac24ba8a6404da204b8207bf,2,1,kvasir-seg::cju1c4fcu40hl07992b8gj0c8
test,kvasir-seg::cju83qd0yjyht0817ktkfl268,5d79040e5686785b562f536d,3,1,kvasir-seg::cju1c4fcu40hl07992b8gj0c8
test,kvasir-seg::cju83qd0yjyht0817ktkfl268,0128df9dd483f43bcfd311e7,4,1,kvasir-seg::cju1c4fcu40hl07992b8gj0c8
test,kvasir-seg::cju83qd0yjyht0817ktkfl268,ece3f5c7807ff2ddcfe8a60c,5,1,kvasir-seg::cju1c4fcu40hl07992b8gj0c8
test,kvasir-seg::cju83qd0yjyht0817ktkfl268,3cd79346a0f276743fc52330,6,1,kvasir-seg::cju1c4fcu40hl07992b8gj0c8
test,kvasir-seg::cju84gpefknwm098714oq8q61,f3029b766b82dc3f7365db96,0,6,kvasir-seg::cju7aklv31h4309871m29l4e7
test,kvasir-seg::cju84gpefknwm098714oq8q61,5d1631ef36943f4ad1abdc46,1,6,kvasir-seg::cju7aklv31h4309871m29l4e7
test,kvasir-seg::cju84gpefknwm098714oq8q61,baae724dc14c9f0b7f48ef6b,2,6,kvasir-seg::cju7aklv31h4309871m29l4e7
test,kvasir-seg::cju84gpefknwm098714oq8q61,a533bc72686d27283ea45ba7,3,6,kvasir-seg::cju7aklv31h4309871m29l4e7
test,kvasir-seg::cju84gpefknwm098714oq8q61,b0f0c62b7f1cfd1e74e10f24,4,6,kvasir-seg::cju7aklv31h4309871m29l4e7
test,kvasir-seg::cju84gpefknwm098714oq8q61,29ac1bf283a626f1504bb734,5,6,kvasir-seg::cju7aklv31h4309871m29l4e7
test,kvasir-seg::cju84gpefknwm098714oq8q61,0709f104ee8b81f79dc429c4,6,6,kvasir-seg::cju7aklv31h4309871m29l4e7
test,kvasir-seg::cju8567gdlcbq0801dwwyo2jt,704411a2e5ce8a68959ddfd4,0,1,kvasir-seg::cju1c4fcu40hl07992b8gj0c8
test,kvasir-seg::cju8567gdlcbq0801dwwyo2jt,606663c635ca12985cee47ca,1,1,kvasir-seg::cju1c4fcu40hl07992b8gj0c8
test,kvasir-seg::cju8567gdlcbq0801dwwyo2jt,43ff5c518b8d882112351d46,2,1,kvasir-seg::cju1c4fcu40hl07992b8gj0c8
test,kvasir-seg::cju8567gdlcbq0801dwwyo2jt,1cbb7a1aebbbfb7d4a433759,3,1,kvasir-seg::cju1c4fcu40hl07992b8gj0c8
test,kvasir-seg::cju8567gdlcbq0801dwwyo2jt,d6a4d96406a1f70b679621d2,4,1,kvasir-seg::cju1c4fcu40hl07992b8gj0c8
test,kvasir-seg::cju8567gdlcbq0801dwwyo2jt,b2da4e5c506140757351dded,5,1,kvasir-seg::cju1c4fcu40hl07992b8gj0c8
test,kvasir-seg::cju8567gdlcbq0801dwwyo2jt,2f520cd55b7741a83e5f3f80,6,1,kvasir-seg::cju1c4fcu40hl07992b8gj0c8
test,kvasir-seg::cju85mpuglq8k0818d2it6hzb,b5ea465181bd3ff5139028d5,0,1,kvasir-seg::cju1c4fcu40hl07992b8gj0c8
test,kvasir-seg::cju85mpuglq8k0818d2it6hzb,3bd76fd2e6177e2f71827f19,1,1,kvasir-seg::cju1c4fcu40hl07992b8gj0c8
test,kvasir-seg::cju85mpuglq8k0818d2it6hzb,563679598903be2676fcab98,2,1,kvasir-seg::cju1c4fcu40hl07992b8gj0c8
test,kvasir-seg::cju85mpuglq8k0818d2it6hzb,f6db2f3f9fa1a1c51ed15bff,3,1,kvasir-seg::cju1c4fcu40hl07992b8gj0c8
test,kvasir-seg::cju85mpuglq8k0818d2it6hzb,b881b44de67ada3a6278a4e8,4,1,kvasir-seg::cju1c4fcu40hl07992b8gj0c8
test,kvasir-seg::cju85mpuglq8k0818d2it6hzb,a1b3b4a5e6907fb4bb881775,5,1,kvasir-seg::cju1c4fcu40hl07992b8gj0c8
test,kvasir-seg::cju85mpuglq8k0818d2it6hzb,2f2e2bc6f26d4d8870bc30db,6,1,kvasir-seg::cju1c4fcu40hl07992b8gj0c8
test,kvasir-seg::cju85plp7lmkw0850rx42jdpf,f1dc52415ffbbf5886f1d15a,0,1,kvasir-seg::cju1c4fcu40hl07992b8gj0c8
test,kvasir-seg::cju85plp7lmkw0850rx42jdpf,ec452cd160172a314482cc25,1,1,kvasir-seg::cju1c4fcu40hl07992b8gj0c8
test,kvasir-seg::cju85plp7lmkw0850rx42jdpf,2b29df6f1ffae900f3b0f730,2,1,kvasir-seg::cju1c4fcu40hl07992b8gj0c8
test,kvasir-seg::cju85plp7lmkw0850rx42jdpf,2be05b8a97dd98ae06222854,3,1,kvasir-seg::cju1c4fcu40hl07992b8gj0c8
test,kvasir-seg::cju85plp7lmkw0850rx42jdpf,dbb77f0f6ea6fe2fd67d39cc,4,1,kvasir-seg::cju1c4fcu40hl07992b8gj0c8
test,kvasir-seg::cju85plp7lmkw0850rx42jdpf,5bcd0cc0f60941f1b60db967,5,1,kvasir-seg::cju1c4fcu40hl07992b8gj0c8
test,kvasir-seg::cju85plp7lmkw0850rx42jdpf,d75dc4fd73fd8b5b0af0ca7c,6,1,kvasir-seg::cju1c4fcu40hl07992b8gj0c8
test,kvasir-seg::cju8a2itsq4dv0755ntlovpxe,e1ad8a06b28fe9746c63b62b,0,1,kvasir-seg::cju1c4fcu40hl07992b8gj0c8
test,kvasir-seg::cju8a2itsq4dv0755ntlovpxe,214f42f6fd5bf10b5ac44d79,1,1,kvasir-seg::cju1c4fcu40hl07992b8gj0c8
test,kvasir-seg::cju8a2itsq4dv0755ntlovpxe,38bfee1fd0c94a31563fd499,2,1,kvasir-seg::cju1c4fcu40hl07992b8gj0c8
test,kvasir-seg::cju8a2itsq4dv0755ntlovpxe,d70a8e3d9a556874b5f11ffa,3,1,kvasir-seg::cju1c4fcu40hl07992b8gj0c8
test,kvasir-seg::cju8a2itsq4dv0755ntlovpxe,dc62737aba938f50370daaf0,4,1,kvasir-seg::cju1c4fcu40hl07992b8gj0c8
test,kvasir-seg::cju8a2itsq4dv0755ntlovpxe,0c09e9f89cac4b675e4b5943,5,1,kvasir-seg::cju1c4fcu40hl07992b8gj0c8
test,kvasir-seg::cju8a2itsq4dv0755ntlovpxe,95abb1b2fbb8c266c74eafb8,6,1,kvasir-seg::cju1c4fcu40hl07992b8gj0c8
test,kvasir-seg::cju8aj01yqeqm0850lhdz3xdw,de53dad468ae552089464c97,0,6,kvasir-seg::cju7aklv31h4309871m29l4e7
test,kvasir-seg::cju8aj01yqeqm0850lhdz3xdw,f3e39cd5b7fa3b5507dd31ba,1,6,kvasir-seg::cju7aklv31h4309871m29l4e7
test,kvasir-seg::cju8aj01yqeqm0850lhdz3xdw,839f5e18cedc9b239b15d813,2,6,kvasir-seg::cju7aklv31h4309871m29l4e7
test,kvasir-seg::cju8aj01yqeqm0850lhdz3xdw,d4ef6569b6ccfdaa5fd778df,3,6,kvasir-seg::cju7aklv31h4309871m29l4e7
test,kvasir-seg::cju8aj01yqeqm0850lhdz3xdw,02fcf619a8493b4ebff3c4ac,4,6,kvasir-seg::cju7aklv31h4309871m29l4e7
test,kvasir-seg::cju8aj01yqeqm0850lhdz3xdw,f62b1ddb9d833c5d837b6ea7,5,6,kvasir-seg::cju7aklv31h4309871m29l4e7
test,kvasir-seg::cju8aj01yqeqm0850lhdz3xdw,3ac9b1855efa3ebb8fb03b6b,6,6,kvasir-seg::cju7aklv31h4309871m29l4e7
test,kvasir-seg::cju8arof2qpf20850ifr1bnqj,0d5d255dc289990b8539b92e,0,6,kvasir-seg::cju7aklv31h4309871m29l4e7
test,kvasir-seg::cju8arof2qpf20850ifr1bnqj,37c6ed824afe5d534ce0967c,1,6,kvasir-seg::cju7aklv31h4309871m29l4e7
test,kvasir-seg::cju8arof2qpf20850ifr1bnqj,4dbec327ceb5bb0395e8cdd7,2,6,kvasir-seg::cju7aklv31h4309871m29l4e7
test,kvasir-seg::cju8arof2qpf20850ifr1bnqj,17aa2025caccd04a024b75f3,3,6,kvasir-seg::cju7aklv31h4309871m29l4e7
test,kvasir-seg::cju8arof2qpf20850ifr1bnqj,29bf71c0eb53ac19d7ba74a0,4,6,kvasir-seg::cju7aklv31h4309871m29l4e7
test,kvasir-seg::cju8arof2qpf20850ifr1bnqj,0edac9ae6db671b20e873464,5,6,kvasir-seg::cju7aklv31h4309871m29l4e7
test,kvasir-seg::cju8arof2qpf20850ifr1bnqj,c94d5a253c2a787f9a32cc1a,6,6,kvasir-seg::cju7aklv31h4309871m29l4e7
test,kvasir-seg::cju8azmhcr66e0755t61atz72,65433f9bc0850020e96a878c,0,6,kvasir-seg::cju7aklv31h4309871m29l4e7
test,kvasir-seg::cju8azmhcr66e0755t61atz72,4a48d5f979c1c2663dc2aa04,1,6,kvasir-seg::cju7aklv31h4309871m29l4e7
test,kvasir-seg::cju8azmhcr66e0755t61atz72,759d4ce98652e98c9a86b870,2,6,kvasir-seg::cju7aklv31h4309871m29l4e7
test,kvasir-seg::cju8azmhcr66e0755t61atz72,eb14ecbe726fc0e82548656e,3,6,kvasir-seg::cju7aklv31h4309871m29l4e7
test,kvasir-seg::cju8azmhcr66e0755t61atz72,570f33546bf3789fc44ae4ee,4,6,kvasir-seg::cju7aklv31h4309871m29l4e7
test,kvasir-seg::cju8azmhcr66e0755t61atz72,147f74b52ef1499cd81c968c,5,6,kvasir-seg::cju7aklv31h4309871m29l4e7
test,kvasir-seg::cju8azmhcr66e0755t61atz72,a11191a64a06f630c3c11e27,6,6,kvasir-seg::cju7aklv31h4309871m29l4e7
test,kvasir-seg::cju8b4ja9r2s808509d45ma86,e13870cbc8d147659f40f463,0,1,kvasir-seg::cju1c4fcu40hl07992b8gj0c8
test,kvasir-seg::cju8b4ja9r2s808509d45ma86,08626c8966a6606e4bb241d0,1,1,kvasir-seg::cju1c4fcu40hl07992b8gj0c8
test,kvasir-seg::cju8b4ja9r2s808509d45ma86,007e0cd890995080e245f2ea,2,1,kvasir-seg::cju1c4fcu40hl07992b8gj0c8
test,kvasir-seg::cju8b4ja9r2s808509d45ma86,9b2d0d6f69652daa08721d36,3,1,kvasir-seg::cju1c4fcu40hl07992b8gj0c8
test,kvasir-seg::cju8b4ja9r2s808509d45ma86,aa2c75b5bee689076aeb6af3,4,1,kvasir-seg::cju1c4fcu40hl07992b8gj0c8
test,kvasir-seg::cju8b4ja9r2s808509d45ma86,ab72584d4ba461ba33c80888,5,1,kvasir-seg::cju1c4fcu40hl07992b8gj0c8
test,kvasir-seg::cju8b4ja9r2s808509d45ma86,a7a3fd8a47b4fc71ea21d8ec,6,1,kvasir-seg::cju1c4fcu40hl07992b8gj0c8
test,kvasir-seg::cju8b7aqtr4a00987coba14b7,e35e35fb0c1c7ff10f3e1734,0,6,kvasir-seg::cju7aklv31h4309871m29l4e7
test,kvasir-seg::cju8b7aqtr4a00987coba14b7,6b5e8a1f816fe12bc5d6d445,1,6,kvasir-seg::cju7aklv31h4309871m29l4e7
test,kvasir-seg::cju8b7aqtr4a00987coba14b7,dd2fb8eb544cd8a92cfc4131,2,6,kvasir-seg::cju7aklv31h4309871m29l4e7
test,kvasir-seg::cju8b7aqtr4a00987coba14b7,d9b399c58c189db97d9d76d7,3,6,kvasir-seg::cju7aklv31h4309871m29l4e7
test,kvasir-seg::cju8b7aqtr4a00987coba14b7,a14b160a8ae4eeea466c00db,4,6,kvasir-seg::cju7aklv31h4309871m29l4e7
test,kvasir-seg::cju8b7aqtr4a00987coba14b7,5b97a16c0eef868da7aa3658,5,6,kvasir-seg::cju7aklv31h4309871m29l4e7
test,kvasir-seg::cju8b7aqtr4a00987coba14b7,283152fe22319bd2cd2cc0a8,6,6,kvasir-seg::cju7aklv31h4309871m29l4e7
test,kvasir-seg::cju8c6hnxsdvr0801wn0vrsa6,4a0b17b24c1e0e64efcb691d,0,1,kvasir-seg::cju1c4fcu40hl07992b8gj0c8
test,kvasir-seg::cju8c6hnxsdvr0801wn0vrsa6,d721e1204a80c5e385625c96,1,1,kvasir-seg::cju1c4fcu40hl07992b8gj0c8
test,kvasir-seg::cju8c6hnxsdvr0801wn0vrsa6,97c02b376e3d7c1b7b9b4ded,2,1,kvasir-seg::cju1c4fcu40hl07992b8gj0c8
test,kvasir-seg::cju8c6hnxsdvr0801wn0vrsa6,03df4f6990c19b85c42f2ee2,3,1,kvasir-seg::cju1c4fcu40hl07992b8gj0c8
test,kvasir-seg::cju8c6hnxsdvr0801wn0vrsa6,c74664c77fef5572cf345325,4,1,kvasir-seg::cju1c4fcu40hl07992b8gj0c8
test,kvasir-seg::cju8c6hnxsdvr0801wn0vrsa6,e6b1c2a83a9fd7a02f73e448,5,1,kvasir-seg::cju1c4fcu40hl07992b8gj0c8
test,kvasir-seg::cju8c6hnxsdvr0801wn0vrsa6,c04f60b5914867a427e7ed33,6,1,kvasir-seg::cju1c4fcu40hl07992b8gj0c8
test,kvasir-seg::cju8chxndsre008015uisl4si,933b7dc4f8272e71c1425bf4,0,1,kvasir-seg::cju1c4fcu40hl07992b8gj0c8
test,kvasir-seg::cju8chxndsre008015uisl4si,2b52afe7429cf612b1678a69,1,1,kvasir-seg::cju1c4fcu40hl07992b8gj0c8
test,kvasir-seg::cju8chxndsre008015uisl4si,850b248eb22ff9871722c39d,2,1,kvasir-seg::cju1c4fcu40hl07992b8gj0c8
test,kvasir-seg::cju8chxndsre008015uisl4si,94d57f7599e816c5f4dc2b2a,3,1,kvasir-seg::cju1c4fcu40hl07992b8gj0c8
test,kvasir-seg::cju8chxndsre008015uisl4si,6da0379ac262cb00ba524113,4,1,kvasir-seg::cju1c4fcu40hl07992b8gj0c8
test,kvasir-seg::cju8chxndsre008015uisl4si,9698902a8616506a503e30f6,5,1,kvasir-seg::cju1c4fcu40hl07992b8gj0c8
test,kvasir-seg::cju8chxndsre008015uisl4si,45a607e2b9ddcd82bc02ae3e,6,1,kvasir-seg::cju1c4fcu40hl07992b8gj0c8
test,kvasir-seg::cju8czvnztbf40871b4m7t78w,41988f6ff15d07079a805fd0,0,1,kvasir-seg::cju1c4fcu40hl07992b8gj0c8
test,kvasir-seg::cju8czvnztbf40871b4m7t78w,44b3e9837530f85927f7e888,1,1,kvasir-seg::cju1c4fcu40hl07992b8gj0c8
test,kvasir-seg::cju8czvnztbf40871b4m7t78w,b2fab9cde45a19115090035b,2,1,kvasir-seg::cju1c4fcu40hl07992b8gj0c8
test,kvasir-seg::cju8czvnztbf40871b4m7t78w,3e6bd56d840949819b7fead8,3,1,kvasir-seg::cju1c4fcu40hl07992b8gj0c8
test,kvasir-seg::cju8czvnztbf40871b4m7t78w,378b324639ce1c39c31025a5,4,1,kvasir-seg::cju1c4fcu40hl07992b8gj0c8
test,kvasir-seg::cju8czvnztbf40871b4m7t78w,b2c8d62be4f1cb720d69f7eb,5,1,kvasir-seg::cju1c4fcu40hl07992b8gj0c8
test,kvasir-seg::cju8czvnztbf40871b4m7t78w,9b93395374987d86b783b994,6,1,kvasir-seg::cju1c4fcu40hl07992b8gj0c8
test,kvasir-seg::cju8djdqztu6408506pzhlo18,b31e6b40c9e2883080b8a8bf,0,6,kvasir-seg::cju7aklv31h4309871m29l4e7
test,kvasir-seg::cju8djdqztu6408506pzhlo18,c2a84a15e9a52ea47b6f0c0c,1,6,kvasir-seg::cju7aklv31h4309871m29l4e7
test,kvasir-seg::cju8djdqztu6408506pzhlo18,f909be383675f2916176116b,2,6,kvasir-seg::cju7aklv31h4309871m29l4e7
test,kvasir-seg::cju8djdqztu6408506pzhlo18,053a0a6e3b19bf9497fe0239,3,6,kvasir-seg::cju7aklv31h4309871m29l4e7
test,kvasir-seg::cju8djdqztu6408506pzhlo18,9a9a398d08dc136d41ebe9ba,4,6,kvasir-seg::cju7aklv31h4309871m29l4e7
test,kvasir-seg::cju8djdqztu6408506pzhlo18,fcb5783ab7adee986cfd0c31,5,6,kvasir-seg::cju7aklv31h4309871m29l4e7
test,kvasir-seg::cju8djdqztu6408506pzhlo18,f97d94e8166e9e605da69160,6,6,kvasir-seg::cju7aklv31h4309871m29l4e7
test,kvasir-seg::cjyzk8qieoboa0848ogj51wwm,530a624b2e5b65e384191c0d,0,1,kvasir-seg::cju1c4fcu40hl07992b8gj0c8
test,kvasir-seg::cjyzk8qieoboa0848ogj51wwm,13a73e47b30b35bbfd1e0b68,1,1,kvasir-seg::cju1c4fcu40hl07992b8gj0c8
test,kvasir-seg::cjyzk8qieoboa0848ogj51wwm,6fda0c12fda42d97928f9079,2,1,kvasir-seg::cju1c4fcu40hl07992b8gj0c8
test,kvasir-seg::cjyzk8qieoboa0848ogj51wwm,20219792fb4dbeff8d38aec7,3,1,kvasir-seg::cju1c4fcu40hl07992b8gj0c8
test,kvasir-seg::cjyzk8qieoboa0848ogj51wwm,ced162dbd8b6b48475f2b03b,4,1,kvasir-seg::cju1c4fcu40hl07992b8gj0c8
test,kvasir-seg::cjyzk8qieoboa0848ogj51wwm,5023028c0a38d6e11d30ca20,5,1,kvasir-seg::cju1c4fcu40hl07992b8gj0c8
test,kvasir-seg::cjyzk8qieoboa0848ogj51wwm,10d0dafa53844d3d54b365b0,6,1,kvasir-seg::cju1c4fcu40hl07992b8gj0c8
test,kvasir-seg::cjyztzaqtrv430848l8xgcerw,af5f8c4891c440fd2fb5e69d,0,1,kvasir-seg::cju1c4fcu40hl07992b8gj0c8
test,kvasir-seg::cjyztzaqtrv430848l8xgcerw,ca10613a068b65cad8d8d0dd,1,1,kvasir-seg::cju1c4fcu40hl07992b8gj0c8
test,kvasir-seg::cjyztzaqtrv430848l8xgcerw,cb0b47c3b9295539ba784566,2,1,kvasir-seg::cju1c4fcu40hl07992b8gj0c8
test,kvasir-seg::cjyztzaqtrv430848l8xgcerw,cb26cc57caf4ec5be13b7b36,3,1,kvasir-seg::cju1c4fcu40hl07992b8gj0c8
test,kvasir-seg::cjyztzaqtrv430848l8xgcerw,41bd5801bf4f8346909c2a53,4,1,kvasir-seg::cju1c4fcu40hl07992b8gj0c8
test,kvasir-seg::cjyztzaqtrv430848l8xgcerw,a56b347d83d30e94c8fcd608,5,1,kvasir-seg::cju1c4fcu40hl07992b8gj0c8
test,kvasir-seg::cjyztzaqtrv430848l8xgcerw,9d4d63e150d74b794d6b815c,6,1,kvasir-seg::cju1c4fcu40hl07992b8gj0c8
test,kvasir-seg::ck2bxskgxxzfv08386xkqtqdy,4a30f0c750be8b037a17e100,0,3,kvasir-seg::cju34ymm8d6700799uop0cw33
test,kvasir-seg::ck2bxskgxxzfv08386xkqtqdy,3a227d6f2c8f613588d18f13,1,3,kvasir-seg::cju34ymm8d6700799uop0cw33
test,kvasir-seg::ck2bxskgxxzfv08386xkqtqdy,38cee4a518795ca519ec7ead,2,3,kvasir-seg::cju34ymm8d6700799uop0cw33
test,kvasir-seg::ck2bxskgxxzfv08386xkqtqdy,224e5fef50127a5f3a44172b,3,3,kvasir-seg::cju34ymm8d6700799uop0cw33
test,kvasir-seg::ck2bxskgxxzfv08386xkqtqdy,89fa933835a197adf9030cfc,4,3,kvasir-seg::cju34ymm8d6700799uop0cw33
test,kvasir-seg::ck2bxskgxxzfv08386xkqtqdy,79e37ec9a1e689110fd8290d,5,3,kvasir-seg::cju34ymm8d6700799uop0cw33
test,kvasir-seg::ck2bxskgxxzfv08386xkqtqdy,3b3f875add0957a0d4c2ebb4,6,3,kvasir-seg::cju34ymm8d6700799uop0cw33
